genotype,plant_height_BLUE
CGN00001,NA
CGN00002,NA
CGN00003,NA
CGN00004,111.76
CGN00005,NA
CGN00006,NA
CGN00007,NA
CGN00008,NA
CGN00009,91.51
CGN00010,NA
CGN00011,NA
CGN00012,NA
CGN00013,NA
CGN00014,NA
CGN00015,NA
CGN00016,NA
CGN00017,NA
CGN00018,NA
CGN00019,NA
CGN00020,NA
CGN00021,NA
CGN00022,NA
CGN00023,NA
CGN00024,NA
CGN00025,NA
CGN00026,NA
CGN00027,NA
CGN00028,NA
CGN00029,NA
CGN00030,NA
CGN00031,NA
CGN00032,90.6
CGN00033,NA
CGN00034,NA
CGN00035,NA
CGN00036,NA
CGN00037,NA
CGN00038,NA
CGN00039,NA
CGN00040,NA
CGN00041,NA
CGN00042,NA
CGN00043,NA
CGN00044,NA
CGN00045,NA
CGN00046,NA
CGN00047,87.96
CGN00048,NA
CGN00049,NA
CGN00050,NA
CGN00051,NA
CGN00052,NA
CGN00053,NA
CGN00054,NA
CGN00055,NA
CGN00056,92.6
CGN00057,NA
CGN00058,NA
CGN00059,105.01
CGN00060,NA
CGN00061,NA
CGN00062,NA
CGN00063,NA
CGN00064,NA
CGN00065,NA
CGN00066,NA
CGN00067,NA
CGN00068,NA
CGN00069,NA
CGN00070,NA
CGN00071,NA
CGN00072,NA
CGN00073,NA
CGN00074,NA
CGN00075,NA
CGN00076,NA
CGN00077,NA
CGN00078,NA
CGN00079,NA
CGN00080,NA
CGN00081,NA
CGN00082,NA
CGN00083,NA
CGN00084,NA
CGN00085,NA
CGN00086,NA
CGN00087,NA
CGN00088,NA
CGN00089,NA
CGN00090,NA
CGN00091,NA
CGN00092,NA
CGN00093,NA
CGN00094,NA
CGN00095,NA
CGN00096,NA
CGN00098,NA
CGN00100,NA
CGN00101,NA
CGN00102,NA
CGN00103,93.07
CGN00104,NA
CGN00105,NA
CGN00106,97.83
CGN00107,NA
CGN00108,NA
CGN00109,NA
CGN00110,NA
CGN00111,NA
CGN00112,NA
CGN00113,NA
CGN00114,NA
CGN00115,NA
CGN00116,NA
CGN00117,NA
CGN00118,NA
CGN00119,NA
CGN00120,NA
CGN00121,NA
CGN00122,NA
CGN00123,NA
CGN00124,NA
CGN00125,NA
CGN00126,NA
CGN00127,NA
CGN00128,NA
CGN00129,NA
CGN00130,NA
CGN00131,NA
CGN00132,NA
CGN00133,NA
CGN00134,NA
CGN00135,NA
CGN00137,NA
CGN00138,NA
CGN00139,NA
CGN00140,NA
CGN00141,NA
CGN00142,NA
CGN00143,NA
CGN00144,NA
CGN00145,NA
CGN00146,NA
CGN00147,NA
CGN00148,NA
CGN00149,NA
CGN00150,NA
CGN00151,NA
CGN00152,NA
CGN00153,NA
CGN00154,NA
CGN00155,NA
CGN00156,NA
CGN00157,NA
CGN00158,NA
CGN00159,NA
CGN00160,NA
CGN00161,NA
CGN00162,NA
CGN00163,NA
CGN00164,NA
CGN00165,106.76
CGN00166,107.5
CGN00167,NA
CGN00168,NA
CGN00169,NA
CGN00170,NA
CGN00171,NA
CGN00172,NA
CGN00173,NA
CGN00174,NA
CGN00175,NA
CGN00176,102.3
CGN00177,104.78
CGN00178,NA
CGN00179,NA
CGN00180,NA
CGN00181,NA
CGN00182,NA
CGN00183,NA
CGN00184,NA
CGN00185,NA
CGN00186,NA
CGN00188,NA
CGN00189,NA
CGN00190,NA
CGN00191,NA
CGN00192,NA
CGN00193,NA
CGN00194,NA
CGN00195,NA
CGN00196,NA
CGN00197,NA
CGN00198,NA
CGN00199,NA
CGN00200,NA
CGN00201,NA
CGN00202,NA
CGN00203,NA
CGN00204,NA
CGN00205,NA
CGN00206,NA
CGN00207,59.51
CGN00210,NA
CGN00211,NA
CGN00212,NA
CGN00214,NA
CGN00217,NA
CGN00218,NA
CGN00220,NA
CGN00221,NA
CGN00222,NA
CGN00223,NA
CGN00225,NA
CGN00226,NA
CGN00227,NA
CGN00228,NA
CGN00229,NA
CGN00230,NA
CGN00233,NA
CGN00235,NA
CGN00237,NA
CGN00238,NA
CGN00239,NA
CGN00240,95.48
CGN00241,NA
CGN00242,NA
CGN00243,NA
CGN00244,NA
CGN00246,NA
CGN00247,NA
CGN00248,NA
CGN00250,NA
CGN00251,NA
CGN00253,NA
CGN00254,NA
CGN00255,NA
CGN00256,NA
CGN00258,NA
CGN00259,102.04
CGN00260,NA
CGN00261,99.68
CGN00263,NA
CGN00265,NA
CGN00266,NA
CGN00267,NA
CGN00268,NA
CGN00269,NA
CGN00270,NA
CGN00271,NA
CGN00272,NA
CGN00273,NA
CGN00274,NA
CGN00275,NA
CGN00276,NA
CGN00277,NA
CGN00278,NA
CGN00279,NA
CGN00281,NA
CGN00282,99.68
CGN00286,NA
CGN00287,82.88
CGN00288,NA
CGN00289,NA
CGN00290,NA
CGN00292,NA
CGN00294,108.23
CGN00295,NA
CGN00296,NA
CGN00297,NA
CGN00298,NA
CGN00299,NA
CGN00300,NA
CGN00301,NA
CGN00302,NA
CGN00303,100.6
CGN00304,NA
CGN00305,100.6
CGN00306,NA
CGN00307,NA
CGN00308,NA
CGN00309,NA
CGN00310,NA
CGN00311,NA
CGN00312,NA
CGN00313,NA
CGN00314,NA
CGN00315,NA
CGN00316,NA
CGN00317,NA
CGN00318,NA
CGN00319,NA
CGN00320,NA
CGN00321,NA
CGN00322,NA
CGN00323,NA
CGN00324,NA
CGN00325,NA
CGN00326,NA
CGN00327,NA
CGN00328,NA
CGN00329,80.6
CGN00330,NA
CGN00331,NA
CGN00332,NA
CGN00333,NA
CGN00334,NA
CGN00335,NA
CGN00336,NA
CGN00337,90.6
CGN00338,NA
CGN00339,NA
CGN00340,NA
CGN00341,94.29
CGN00342,88.83
CGN00343,NA
CGN00344,NA
CGN00345,NA
CGN00346,89.41
CGN00347,81.78
CGN00348,NA
CGN00349,NA
CGN00350,NA
CGN00351,NA
CGN00352,NA
CGN00353,NA
CGN00354,NA
CGN00355,NA
CGN00356,NA
CGN00357,NA
CGN00358,NA
CGN00359,NA
CGN00360,NA
CGN00361,NA
CGN00362,NA
CGN00363,NA
CGN00364,NA
CGN00365,NA
CGN00366,NA
CGN00369,NA
CGN00370,84.86
CGN00371,NA
CGN00373,NA
CGN00374,NA
CGN00375,NA
CGN00376,NA
CGN00377,NA
CGN00378,NA
CGN00379,NA
CGN00380,NA
CGN00381,NA
CGN00382,NA
CGN00383,NA
CGN00384,NA
CGN00385,NA
CGN00386,NA
CGN00387,NA
CGN00388,NA
CGN00389,NA
CGN00390,NA
CGN00391,NA
CGN00392,NA
CGN00393,NA
CGN00394,NA
CGN00395,NA
CGN00396,NA
CGN00397,NA
CGN00399,NA
CGN00400,NA
CGN00401,105.01
CGN00402,NA
CGN00403,NA
CGN00404,NA
CGN00405,NA
CGN00407,NA
CGN00411,NA
CGN00415,NA
CGN00416,NA
CGN00417,NA
CGN00423,NA
CGN00424,NA
CGN00425,NA
CGN00427,NA
CGN00428,NA
CGN00429,NA
CGN00430,NA
CGN00436,NA
CGN00437,NA
CGN00438,NA
CGN00439,NA
CGN00440,NA
CGN00441,NA
CGN00442,111.6
CGN00444,NA
CGN00445,NA
CGN00446,NA
CGN00447,NA
CGN00448,NA
CGN00449,NA
CGN00450,NA
CGN00451,NA
CGN00452,NA
CGN00453,NA
CGN00454,NA
CGN00455,NA
CGN00456,NA
CGN00457,NA
CGN00458,NA
CGN00459,NA
CGN00460,NA
CGN00461,NA
CGN00462,NA
CGN00463,NA
CGN00464,NA
CGN00465,NA
CGN00466,87.83
CGN00467,NA
CGN00468,NA
CGN00469,NA
CGN00470,NA
CGN00471,NA
CGN00472,NA
CGN00473,NA
CGN00474,NA
CGN00475,NA
CGN00476,NA
CGN00477,84.31
CGN00478,NA
CGN00479,NA
CGN00480,NA
CGN00481,NA
CGN00482,NA
CGN00483,NA
CGN00484,NA
CGN00485,NA
CGN00486,NA
CGN00487,NA
CGN00488,76.28
CGN00489,NA
CGN00490,NA
CGN00491,NA
CGN00492,NA
CGN00493,NA
CGN00495,85.82
CGN00496,NA
CGN00497,NA
CGN00498,NA
CGN00499,NA
CGN00500,NA
CGN00501,NA
CGN00502,93.8
CGN00503,NA
CGN00504,108.98
CGN00505,NA
CGN00506,NA
CGN00507,NA
CGN00508,103.42
CGN00509,86.76
CGN00510,NA
CGN00511,NA
CGN00512,NA
CGN00513,NA
CGN00514,NA
CGN00515,NA
CGN00516,NA
CGN00517,NA
CGN00518,90.82
CGN00519,NA
CGN00520,NA
CGN00521,NA
CGN00522,NA
CGN00523,92.31
CGN00524,92.51
CGN00525,NA
CGN00526,NA
CGN00527,96.06
CGN00536,NA
CGN00540,NA
CGN00545,NA
CGN00548,NA
CGN00549,NA
CGN00550,NA
CGN00553,90.8
CGN00554,91.9
CGN00562,NA
CGN00571,NA
CGN00572,104.55
CGN00573,NA
CGN00574,NA
CGN00575,83.05
CGN00576,97.88
CGN00577,81.76
CGN00578,94.55
CGN00579,NA
CGN00580,NA
CGN00581,NA
CGN00582,NA
CGN00583,98.98
CGN00584,88.8
CGN00587,113.98
CGN00589,NA
CGN00590,112.18
CGN00593,NA
CGN00594,NA
CGN00595,NA
CGN00596,NA
CGN00597,NA
CGN00598,NA
CGN00599,64.53
CGN00600,NA
CGN00601,NA
CGN00602,NA
CGN00603,NA
CGN00604,102.85
CGN00605,NA
CGN00606,NA
CGN00607,NA
CGN00608,NA
CGN00609,NA
CGN00610,NA
CGN00611,NA
CGN00612,NA
CGN00613,90.31
CGN00614,103.42
CGN00615,NA
CGN00616,NA
CGN00617,NA
CGN00618,NA
CGN00619,NA
CGN00620,104.55
CGN00621,104.55
CGN00622,96.09
CGN00623,94.1
CGN00624,96.76
CGN00625,NA
CGN00626,NA
CGN00627,NA
CGN00628,87.31
CGN00633,98.14
CGN00634,94.17
CGN00635,NA
CGN00636,83.8
CGN00642,120.67
CGN00647,NA
CGN00653,NA
CGN00655,74.53
CGN00656,65.13
CGN00657,NA
CGN00658,NA
CGN00659,95.13
CGN00660,97.22
CGN00661,NA
CGN00662,NA
CGN00663,NA
CGN00664,NA
CGN00665,111.76
CGN00666,NA
CGN00671,80.19
CGN00674,NA
CGN00745,NA
CGN00747,NA
CGN00765,NA
CGN00766,NA
CGN00769,NA
CGN00771,NA
CGN00772,NA
CGN00774,NA
CGN00780,NA
CGN00784,NA
CGN00785,NA
CGN00787,NA
CGN00788,NA
CGN00793,108.56
CGN00795,126.16
CGN00798,NA
CGN00799,NA
CGN00800,90.13
CGN00802,NA
CGN00804,NA
CGN00805,NA
CGN00807,NA
CGN00808,85.48
CGN00815,NA
CGN00816,78.21
CGN00817,NA
CGN00818,98.21
CGN00820,NA
CGN00821,96.05
CGN00822,NA
CGN00823,NA
CGN00824,NA
CGN00825,NA
CGN00826,NA
CGN00827,NA
CGN00828,NA
CGN00829,106.76
CGN00830,NA
CGN00831,NA
CGN00834,NA
CGN00835,NA
CGN00836,NA
CGN00837,NA
CGN00840,NA
CGN00841,NA
CGN00842,NA
CGN00846,NA
CGN00847,NA
CGN00848,NA
CGN00849,NA
CGN00850,NA
CGN00851,NA
CGN00852,NA
CGN00853,NA
CGN00854,NA
CGN00855,NA
CGN00856,NA
CGN00857,NA
CGN00858,103.98
CGN00859,NA
CGN00860,NA
CGN00861,68.77
CGN00862,NA
CGN00863,NA
CGN00864,NA
CGN00865,NA
CGN00866,NA
CGN00867,NA
CGN00868,NA
CGN00869,NA
CGN00870,102.18
CGN00871,NA
CGN00872,NA
CGN00873,78.8
CGN00874,NA
CGN00875,NA
CGN00876,NA
CGN00877,107.48
CGN00878,85.19
CGN00879,NA
CGN00880,66.22
CGN00881,NA
CGN00883,NA
CGN00884,NA
CGN00885,NA
CGN00886,NA
CGN00887,NA
CGN00888,100.19
CGN00889,NA
CGN00890,NA
CGN00891,NA
CGN00892,NA
CGN00893,NA
CGN00894,NA
CGN00895,NA
CGN00896,NA
CGN00897,NA
CGN00898,NA
CGN00899,NA
CGN00900,NA
CGN00901,NA
CGN00902,NA
CGN00903,NA
CGN00904,NA
CGN00905,NA
CGN00906,104.17
CGN00907,NA
CGN00908,NA
CGN00909,NA
CGN00910,NA
CGN00911,NA
CGN00912,NA
CGN00913,NA
CGN00914,85.09
CGN00915,94.55
CGN00916,NA
CGN00917,NA
CGN00918,93.8
CGN00919,NA
CGN00920,NA
CGN00921,NA
CGN00922,NA
CGN00923,NA
CGN00924,NA
CGN00925,79.17
CGN00927,NA
CGN00928,NA
CGN00929,NA
CGN00930,89.44
CGN00931,NA
CGN00932,84.06
CGN00933,NA
CGN00939,NA
CGN00941,NA
CGN00947,NA
CGN00950,NA
CGN00951,NA
CGN00952,87.07
CGN00953,NA
CGN00954,NA
CGN00955,86.69
CGN00956,NA
CGN00957,NA
CGN00959,NA
CGN00962,92.84
CGN00964,NA
CGN00966,NA
CGN00967,88.76
CGN00969,NA
CGN00970,90.95
CGN00972,NA
CGN00978,NA
CGN00982,91.69
CGN00983,NA
CGN00984,NA
CGN00985,86.69
CGN00986,NA
CGN00989,NA
CGN00994,98.76
CGN00997,NA
CGN00999,NA
CGN01002,NA
CGN01003,NA
CGN01004,NA
CGN01005,NA
CGN01006,76.69
CGN01019,NA
CGN01020,NA
CGN01021,NA
CGN01022,NA
CGN01023,79.46
CGN01024,NA
CGN01025,NA
CGN01034,NA
CGN01035,NA
CGN01037,NA
CGN01039,NA
CGN01040,NA
CGN01041,NA
CGN01043,NA
CGN01044,NA
CGN01045,NA
CGN01048,84.8
CGN01049,78.25
CGN01050,72.92
CGN01051,77.92
CGN01054,93.66
CGN01058,NA
CGN01059,62.92
CGN01060,NA
CGN01065,NA
CGN01066,NA
CGN01067,NA
CGN01068,NA
CGN01071,86.76
CGN01075,98.78
CGN01081,NA
CGN01083,76.36
CGN01084,NA
CGN01088,90.83
CGN01091,NA
CGN01095,NA
CGN01096,79.8
CGN01097,NA
CGN01101,NA
CGN01102,NA
CGN01105,NA
CGN01106,NA
CGN01109,92.07
CGN01111,NA
CGN01112,NA
CGN01114,80.93
CGN01119,NA
CGN01120,99.75
CGN01121,NA
CGN01127,NA
CGN01130,NA
CGN01131,NA
CGN01132,NA
CGN01133,NA
CGN01134,NA
CGN01136,NA
CGN01142,NA
CGN01143,NA
CGN01146,NA
CGN01147,88.25
CGN01148,NA
CGN01151,NA
CGN01152,NA
CGN01153,105.13
CGN01156,NA
CGN01157,86.85
CGN01163,88.76
CGN01164,NA
CGN01165,NA
CGN01173,97.9
CGN01175,NA
CGN01176,83.25
CGN01177,NA
CGN01178,NA
CGN01179,NA
CGN01183,74.8
CGN01184,NA
CGN01185,NA
CGN01186,72.69
CGN01187,NA
CGN01189,66.85
CGN01190,75.13
CGN01191,75.19
CGN01192,73.25
CGN01193,NA
CGN01194,NA
CGN01195,71.36
CGN01196,68.61
CGN01197,NA
CGN01198,NA
CGN01199,81.15
CGN01200,NA
CGN01201,NA
CGN01202,75.13
CGN01203,NA
CGN01205,NA
CGN01206,NA
CGN01207,59.8
CGN01208,NA
CGN01209,NA
CGN01211,64.8
CGN01212,68.25
CGN01214,NA
CGN01215,68.01
CGN01217,NA
CGN01218,NA
CGN01219,NA
CGN01220,NA
CGN01221,NA
CGN01222,NA
CGN01223,NA
CGN01224,NA
CGN01225,NA
CGN01226,NA
CGN01227,NA
CGN01228,NA
CGN01229,91.98
CGN01230,81.21
CGN01231,NA
CGN01232,NA
CGN01233,NA
CGN01234,NA
CGN01235,NA
CGN01236,NA
CGN01237,NA
CGN01238,NA
CGN01239,NA
CGN01240,NA
CGN01241,NA
CGN01242,NA
CGN01243,NA
CGN01244,NA
CGN01245,NA
CGN01246,NA
CGN01247,NA
CGN01248,NA
CGN01249,NA
CGN01250,NA
CGN01251,NA
CGN01252,NA
CGN01253,NA
CGN01254,NA
CGN01255,NA
CGN01256,99.4
CGN01257,NA
CGN01258,NA
CGN01259,NA
CGN01260,NA
CGN01261,NA
CGN01262,NA
CGN01263,NA
CGN01264,NA
CGN01265,NA
CGN01266,NA
CGN01267,NA
CGN01268,NA
CGN01269,NA
CGN01270,NA
CGN01271,83.9
CGN01272,NA
CGN01273,89.51
CGN01274,NA
CGN01275,NA
CGN01276,NA
CGN01277,NA
CGN01278,88.26
CGN01279,NA
CGN01280,NA
CGN01281,NA
CGN01282,NA
CGN01283,NA
CGN01284,NA
CGN01285,NA
CGN01286,87.48
CGN01287,96.6
CGN01288,91.98
CGN01289,NA
CGN01290,NA
CGN01291,NA
CGN01292,NA
CGN01293,87.62
CGN01294,NA
CGN01295,NA
CGN01296,NA
CGN01297,NA
CGN01298,49.63
CGN01299,NA
CGN01300,NA
CGN01301,96.34
CGN01302,NA
CGN01303,NA
CGN01304,NA
CGN01305,NA
CGN01306,NA
CGN01307,NA
CGN01308,NA
CGN01309,100.2
CGN01310,NA
CGN01311,NA
CGN01312,NA
CGN01313,NA
CGN01314,NA
CGN01315,NA
CGN01316,NA
CGN01317,93.38
CGN01318,NA
CGN01319,NA
CGN01320,NA
CGN01321,105.8
CGN01322,NA
CGN01323,NA
CGN01324,NA
CGN01325,NA
CGN01326,94.86
CGN01327,92.68
CGN01328,NA
CGN01329,NA
CGN01330,NA
CGN01331,NA
CGN01332,NA
CGN01333,NA
CGN01334,NA
CGN01335,NA
CGN01336,90.7
CGN01337,NA
CGN01338,NA
CGN01339,NA
CGN01340,86.09
CGN01341,NA
CGN01342,NA
CGN01343,NA
CGN01344,NA
CGN01345,NA
CGN01346,NA
CGN01347,NA
CGN01348,NA
CGN01349,89.86
CGN01350,87.62
CGN01351,103
CGN01352,NA
CGN01353,NA
CGN01354,NA
CGN01355,NA
CGN01356,NA
CGN01357,NA
CGN01358,NA
CGN01359,NA
CGN01361,NA
CGN01362,NA
CGN01363,NA
CGN01364,NA
CGN01365,75.42
CGN01366,75.75
CGN01367,NA
CGN01368,NA
CGN01369,NA
CGN01370,NA
CGN01371,NA
CGN01372,80.42
CGN01373,NA
CGN01374,NA
CGN01375,69.4
CGN01376,NA
CGN01377,NA
CGN01378,75.99
CGN01379,NA
CGN01380,NA
CGN01381,NA
CGN01382,NA
CGN01383,NA
CGN01384,71.03
CGN01385,NA
CGN01386,NA
CGN01387,NA
CGN01388,NA
CGN01389,NA
CGN01390,NA
CGN01391,NA
CGN01392,NA
CGN01393,NA
CGN01394,NA
CGN01395,NA
CGN01396,NA
CGN01397,NA
CGN01398,NA
CGN01399,NA
CGN01400,77.68
CGN01401,NA
CGN01402,NA
CGN01403,NA
CGN01404,76.98
CGN01405,NA
CGN01406,NA
CGN01407,76.76
CGN01408,NA
CGN01409,NA
CGN01410,NA
CGN01411,86.76
CGN01412,79.86
CGN01413,NA
CGN01414,NA
CGN01415,78.79
CGN01416,NA
CGN01417,70.82
CGN01418,NA
CGN01419,75.82
CGN01420,NA
CGN01421,NA
CGN01422,NA
CGN01423,NA
CGN01424,69.55
CGN01425,NA
CGN01426,72.84
CGN01427,65.82
CGN01428,71.41
CGN01429,NA
CGN01430,NA
CGN01431,NA
CGN01432,NA
CGN01433,83.94
CGN01434,NA
CGN01436,NA
CGN01437,69.63
CGN01438,NA
CGN01439,NA
CGN01440,NA
CGN01441,NA
CGN01442,NA
CGN01443,NA
CGN01444,NA
CGN01445,84.4
CGN01446,NA
CGN01447,83.94
CGN01448,NA
CGN01449,NA
CGN01450,NA
CGN01548,NA
CGN01616,NA
CGN01617,NA
CGN01618,NA
CGN01619,NA
CGN01620,NA
CGN01621,NA
CGN01622,79.39
CGN01623,NA
CGN01624,78.17
CGN01625,NA
CGN01626,80.93
CGN01627,NA
CGN01628,NA
CGN01629,NA
CGN01630,86.29
CGN01631,87.12
CGN01632,89.79
CGN01633,NA
CGN01634,84.1
CGN01635,NA
CGN01636,NA
CGN01637,NA
CGN01638,NA
CGN01639,NA
CGN01640,NA
CGN01641,NA
CGN01642,NA
CGN01643,88.11
CGN01644,NA
CGN01645,77.2
CGN01646,NA
CGN01647,84.89
CGN01648,87.86
CGN01649,89.79
CGN01650,NA
CGN01651,NA
CGN01652,76.76
CGN01653,NA
CGN01654,NA
CGN01655,NA
CGN01656,NA
CGN01657,80.11
CGN01658,90.87
CGN01659,NA
CGN01660,NA
CGN01661,NA
CGN01662,NA
CGN01663,NA
CGN01664,82.69
CGN01665,NA
CGN01666,NA
CGN01667,NA
CGN01668,NA
CGN01669,NA
CGN01670,NA
CGN01671,NA
CGN01672,NA
CGN01673,NA
CGN01674,NA
CGN01675,NA
CGN01676,NA
CGN01677,NA
CGN01678,NA
CGN01679,NA
CGN01680,NA
CGN01681,NA
CGN01682,NA
CGN01683,NA
CGN01684,NA
CGN01685,84.93
CGN01686,91.09
CGN01687,89.1
CGN01688,85.06
CGN01689,78.11
CGN01690,NA
CGN01691,88.08
CGN01692,NA
CGN01693,NA
CGN01694,NA
CGN01695,88.21
CGN01696,NA
CGN01697,NA
CGN01698,75.97
CGN01699,NA
CGN01700,87.22
CGN01701,NA
CGN01702,NA
CGN01703,NA
CGN01704,NA
CGN01705,NA
CGN01706,84.87
CGN01707,NA
CGN01708,NA
CGN01709,78.42
CGN01710,NA
CGN01711,NA
CGN01712,NA
CGN01713,NA
CGN01714,NA
CGN01715,NA
CGN01716,NA
CGN01717,NA
CGN01718,NA
CGN01719,NA
CGN01720,NA
CGN01721,NA
CGN01722,NA
CGN01723,NA
CGN01724,NA
CGN01725,NA
CGN01726,NA
CGN01727,NA
CGN01728,NA
CGN01729,89.1
CGN01730,NA
CGN01731,NA
CGN01732,NA
CGN01733,NA
CGN01734,NA
CGN01735,NA
CGN01736,NA
CGN01737,NA
CGN01738,NA
CGN01739,NA
CGN01740,NA
CGN01741,NA
CGN01742,NA
CGN01743,NA
CGN01744,NA
CGN01745,NA
CGN01746,NA
CGN01747,NA
CGN01748,NA
CGN01749,NA
CGN01750,NA
CGN01751,NA
CGN01752,NA
CGN01753,NA
CGN01754,86.09
CGN01755,NA
CGN01756,NA
CGN01757,NA
CGN01758,NA
CGN01759,NA
CGN01760,NA
CGN01761,76.76
CGN01762,NA
CGN01763,NA
CGN01764,NA
CGN01765,NA
CGN01766,NA
CGN01767,NA
CGN01768,93.08
CGN01769,92.65
CGN01770,NA
CGN01771,85.59
CGN01772,72.12
CGN01773,NA
CGN01774,81.76
CGN01776,69.1
CGN01777,NA
CGN01778,NA
CGN01779,NA
CGN01780,NA
CGN01781,74.1
CGN01782,72.05
CGN01783,NA
CGN01784,NA
CGN01785,NA
CGN01786,NA
CGN01787,NA
CGN01788,62.05
CGN01789,NA
CGN01790,NA
CGN01791,72.05
CGN01792,73.21
CGN01793,NA
CGN01794,66.09
CGN01795,NA
CGN01796,NA
CGN01797,NA
CGN01798,NA
CGN01799,76.94
CGN01800,73.26
CGN01801,NA
CGN01802,NA
CGN01803,NA
CGN01804,NA
CGN01805,NA
CGN01806,74.04
CGN01807,NA
CGN01808,70.06
CGN01809,82.69
CGN01810,88
CGN01812,NA
CGN01813,61.09
CGN01814,NA
CGN01816,NA
CGN01817,86.76
CGN01818,NA
CGN01819,NA
CGN01820,67.12
CGN01821,NA
CGN01822,69.1
CGN01823,NA
CGN01824,68.91
CGN01825,78.29
CGN01826,NA
CGN01827,NA
CGN01828,NA
CGN01829,NA
CGN01830,86.76
CGN01831,64.1
CGN01834,NA
CGN01836,NA
CGN01839,NA
CGN01840,NA
CGN01848,NA
CGN01849,NA
CGN01856,NA
CGN01857,NA
CGN01859,NA
CGN01860,NA
CGN01863,NA
CGN01869,NA
CGN01870,NA
CGN01871,NA
CGN01872,NA
CGN01878,NA
CGN01899,NA
CGN01901,NA
CGN01902,NA
CGN01904,NA
CGN01909,NA
CGN01919,NA
CGN01923,NA
CGN01924,NA
CGN01925,NA
CGN01926,NA
CGN01927,NA
CGN01928,NA
CGN01932,NA
CGN01934,NA
CGN01936,NA
CGN01937,NA
CGN01939,NA
CGN01951,NA
CGN01952,NA
CGN01953,105.93
CGN01976,NA
CGN01993,NA
CGN01997,NA
CGN01998,NA
CGN02009,NA
CGN02010,NA
CGN02027,NA
CGN02028,NA
CGN02034,NA
CGN02036,NA
CGN02063,NA
CGN02071,NA
CGN02107,NA
CGN02113,NA
CGN02114,NA
CGN02138,NA
CGN02156,NA
CGN02214,NA
CGN02217,NA
CGN02218,NA
CGN02269,NA
CGN02270,NA
CGN02271,NA
CGN02272,NA
CGN02273,NA
CGN02274,NA
CGN02275,NA
CGN02276,NA
CGN02277,NA
CGN02278,NA
CGN02279,NA
CGN02280,NA
CGN02281,NA
CGN02282,121.43
CGN02283,NA
CGN02284,NA
CGN02285,NA
CGN02286,121.43
CGN02287,114.61
CGN02288,117.87
CGN02289,NA
CGN02290,75.75
CGN02291,NA
CGN02292,NA
CGN02293,104.27
CGN02294,103.1
CGN02295,97.66
CGN02296,99.61
CGN02297,NA
CGN02298,72.71
CGN02299,84.41
CGN02300,NA
CGN02301,NA
CGN02302,NA
CGN02303,NA
CGN02304,NA
CGN02305,NA
CGN02306,102.98
CGN02307,86.53
CGN02308,98.8
CGN02309,138.1
CGN02310,134.83
CGN02311,111.84
CGN02312,NA
CGN02313,NA
CGN02314,87.92
CGN02315,105.75
CGN02316,106.62
CGN02317,NA
CGN02318,NA
CGN02319,68.8
CGN02320,NA
CGN02321,NA
CGN02322,NA
CGN02325,92.92
CGN02326,86.84
CGN02327,NA
CGN02328,NA
CGN02329,87.61
CGN02330,NA
CGN02418,NA
CGN02419,NA
CGN02420,71.76
CGN02421,NA
CGN02422,81.76
CGN02423,NA
CGN02424,NA
CGN02425,71.72
CGN02426,NA
CGN02427,78.75
CGN02428,NA
CGN02429,NA
CGN02430,71.76
CGN02431,NA
CGN02432,NA
CGN02433,NA
CGN02434,NA
CGN02435,77.69
CGN02436,72.37
CGN02437,73.99
CGN02438,NA
CGN02439,68.94
CGN02440,NA
CGN02441,NA
CGN02442,NA
CGN02443,NA
CGN02444,77.83
CGN02445,71.76
CGN02446,64.86
CGN02447,80.8
CGN02448,NA
CGN02449,NA
CGN02450,71.49
CGN02451,NA
CGN02452,66.49
CGN02453,NA
CGN02454,74.87
CGN02455,81.62
CGN02456,NA
CGN02457,75.8
CGN02458,81.9
CGN02459,NA
CGN02460,77.58
CGN02461,80.89
CGN02462,NA
CGN02463,NA
CGN02464,NA
CGN02465,82.85
CGN02466,NA
CGN02467,86.76
CGN02468,NA
CGN02469,91.6
CGN02470,NA
CGN02471,87.85
CGN02472,88
CGN02473,NA
CGN02474,NA
CGN02475,NA
CGN02476,82.46
CGN02477,NA
CGN02478,80.22
CGN02479,NA
CGN02480,NA
CGN02481,NA
CGN02482,93.94
CGN02483,NA
CGN02484,NA
CGN02485,NA
CGN02486,NA
CGN02487,71.76
CGN02488,NA
CGN02489,NA
CGN02490,89.49
CGN02491,NA
CGN02492,NA
CGN02493,NA
CGN02494,NA
CGN02495,87.09
CGN02496,97.46
CGN02497,NA
CGN02498,82.76
CGN02499,NA
CGN02500,82.85
CGN02501,NA
CGN02502,NA
CGN02503,NA
CGN02504,NA
CGN02505,NA
CGN02506,NA
CGN02507,NA
CGN02508,NA
CGN02509,NA
CGN02510,NA
CGN02511,NA
CGN02512,NA
CGN02513,82.76
CGN02514,NA
CGN02515,NA
CGN02516,92.08
CGN02517,81.76
CGN02518,NA
CGN02519,NA
CGN02520,NA
CGN02521,NA
CGN02522,NA
CGN02523,NA
CGN02524,NA
CGN02525,NA
CGN02526,NA
CGN02527,NA
CGN02528,NA
CGN02529,NA
CGN02530,NA
CGN02531,NA
CGN02532,NA
CGN02533,NA
CGN02534,NA
CGN02535,NA
CGN02536,NA
CGN02537,NA
CGN02538,NA
CGN02539,NA
CGN02540,81.69
CGN02541,81.76
CGN02542,92.92
CGN02543,NA
CGN02544,NA
CGN02545,NA
CGN02546,84.34
CGN02547,NA
CGN02548,NA
CGN02549,NA
CGN02550,NA
CGN02551,99.8
CGN02552,96.06
CGN02553,NA
CGN02554,94.38
CGN02555,80.16
CGN02556,91.7
CGN02557,99.47
CGN02558,NA
CGN02559,NA
CGN02560,NA
CGN02561,NA
CGN02562,NA
CGN02563,98.61
CGN02564,NA
CGN02565,NA
CGN02566,102.92
CGN02567,107.92
CGN02568,107.07
CGN02569,90.93
CGN02570,94.38
CGN02571,NA
CGN02572,107.84
CGN02573,88.25
CGN02574,NA
CGN02575,NA
CGN02576,94.47
CGN02577,89.8
CGN02578,NA
CGN02579,NA
CGN02580,88.34
CGN02581,NA
CGN02582,93.25
CGN02583,NA
CGN02584,NA
CGN02585,NA
CGN02586,NA
CGN02587,NA
CGN02588,97.6
CGN02589,97.88
CGN02590,96.02
CGN02591,NA
CGN02592,NA
CGN02593,NA
CGN02594,99.73
CGN02595,NA
CGN02596,NA
CGN02597,100.29
CGN02598,NA
CGN02599,NA
CGN02600,94.07
CGN02601,NA
CGN02602,NA
CGN02603,105.52
CGN02604,NA
CGN02605,NA
CGN02606,102.6
CGN02607,NA
CGN02608,103.34
CGN02609,99.72
CGN02610,87.96
CGN02612,111.09
CGN02613,90.12
CGN02614,100.67
CGN02615,100.02
CGN02616,102.36
CGN02617,NA
CGN02618,92.58
CGN02619,91.25
CGN02620,NA
CGN02621,91.02
CGN02622,95.41
CGN02623,92.21
CGN02624,NA
CGN02625,NA
CGN02626,NA
CGN02627,NA
CGN02628,NA
CGN02629,107.47
CGN02630,89.95
CGN02631,100.32
CGN02632,NA
CGN02633,95.81
CGN02634,NA
CGN02635,101.3
CGN02636,89.36
CGN02637,NA
CGN02638,NA
CGN02639,NA
CGN02677,NA
CGN02679,NA
CGN02682,NA
CGN02683,NA
CGN02684,NA
CGN02685,NA
CGN02686,NA
CGN02689,NA
CGN02690,NA
CGN02691,NA
CGN02692,NA
CGN02693,NA
CGN02696,NA
CGN02697,NA
CGN02698,NA
CGN02699,NA
CGN02700,NA
CGN02701,NA
CGN02702,NA
CGN02709,NA
CGN02710,NA
CGN02711,NA
CGN02712,NA
CGN02713,NA
CGN02714,NA
CGN02715,NA
CGN02719,NA
CGN02720,NA
CGN02721,97.78
CGN02722,NA
CGN02723,NA
CGN02724,NA
CGN02725,NA
CGN02726,NA
CGN02727,NA
CGN02728,NA
CGN02729,94.49
CGN02730,97.78
CGN02731,NA
CGN02732,NA
CGN02733,NA
CGN02734,NA
CGN02735,111.03
CGN02737,106.27
CGN02738,NA
CGN02739,100.4
CGN02740,NA
CGN02741,98.34
CGN02742,NA
CGN02743,NA
CGN02744,NA
CGN02745,104.47
CGN02746,104.47
CGN02747,NA
CGN02748,96.76
CGN02749,NA
CGN02750,111.03
CGN02751,NA
CGN02752,92.43
CGN02753,NA
CGN02754,NA
CGN02755,NA
CGN02756,NA
CGN02757,103.34
CGN02758,99.49
CGN02759,93.37
CGN02760,95.38
CGN02761,89.35
CGN02762,87.58
CGN02763,99.97
CGN02764,NA
CGN02765,86.41
CGN02766,NA
CGN02767,93.34
CGN02768,85.69
CGN02769,NA
CGN02770,96.71
CGN02771,NA
CGN02772,NA
CGN02773,91.6
CGN02774,NA
CGN02775,NA
CGN02776,NA
CGN02777,79.86
CGN02778,NA
CGN02779,NA
CGN02780,NA
CGN02781,88.33
CGN02782,88.34
CGN02783,NA
CGN02784,NA
CGN02785,NA
CGN02786,NA
CGN02787,NA
CGN02788,NA
CGN02789,NA
CGN02790,NA
CGN02791,104.47
CGN02792,NA
CGN02793,NA
CGN02794,NA
CGN02795,NA
CGN02796,NA
CGN02797,NA
CGN02798,NA
CGN02799,NA
CGN02800,NA
CGN02801,NA
CGN02802,NA
CGN02803,NA
CGN02804,NA
CGN02805,NA
CGN02806,97.93
CGN02807,NA
CGN02808,NA
CGN02809,NA
CGN02810,NA
CGN02811,NA
CGN02812,NA
CGN02813,NA
CGN02814,NA
CGN02815,NA
CGN02816,NA
CGN02817,NA
CGN02818,NA
CGN02819,NA
CGN02820,102.92
CGN02821,NA
CGN02822,NA
CGN02823,98.25
CGN02824,NA
CGN02825,94.8
CGN02826,98.44
CGN02827,95.07
CGN02828,NA
CGN02829,NA
CGN02830,NA
CGN02831,NA
CGN02832,NA
CGN02833,101.36
CGN02834,104.65
CGN02835,NA
CGN02836,NA
CGN02837,NA
CGN02838,90.07
CGN02839,84.86
CGN02840,NA
CGN02841,NA
CGN02842,86.99
CGN02843,NA
CGN02844,NA
CGN02845,102.92
CGN02846,NA
CGN02847,NA
CGN02848,99.47
CGN02849,NA
CGN02850,NA
CGN02851,NA
CGN02852,NA
CGN02853,101.76
CGN02854,NA
CGN02855,NA
CGN02856,NA
CGN02857,86.41
CGN02858,NA
CGN02859,NA
CGN02860,NA
CGN02861,NA
CGN02862,NA
CGN02863,NA
CGN02864,NA
CGN02865,NA
CGN02866,NA
CGN02867,NA
CGN02868,NA
CGN02869,NA
CGN02870,81.76
CGN02871,NA
CGN02872,NA
CGN02873,NA
CGN02874,NA
CGN02875,NA
CGN02876,NA
CGN02877,NA
CGN02878,NA
CGN02879,NA
CGN02880,NA
CGN02881,NA
CGN02882,NA
CGN02883,NA
CGN02884,NA
CGN02885,NA
CGN02886,NA
CGN02887,NA
CGN02888,NA
CGN02889,NA
CGN02890,NA
CGN02891,NA
CGN02892,NA
CGN02893,NA
CGN02894,NA
CGN03354,105.63
CGN03355,92.43
CGN03356,NA
CGN03357,104.25
CGN03358,NA
CGN03359,103.61
CGN03360,100.82
CGN03362,83.61
CGN03363,NA
CGN03364,101.76
CGN03365,NA
CGN03366,NA
CGN03367,90.44
CGN03368,NA
CGN03369,NA
CGN03370,NA
CGN03371,NA
CGN03372,85.82
CGN03373,NA
CGN03374,104.86
CGN03375,NA
CGN03376,NA
CGN03377,NA
CGN03378,104.86
CGN03379,NA
CGN03380,NA
CGN03381,NA
CGN03382,106.34
CGN03383,NA
CGN03384,NA
CGN03385,NA
CGN03386,NA
CGN03387,NA
CGN08532,NA
CGN08533,NA
CGN11178,NA
CGN11179,NA
CGN11180,NA
CGN11182,NA
CGN11183,NA
CGN11184,NA
CGN11185,NA
CGN11186,NA
CGN11187,NA
CGN11188,NA
CGN11189,NA
CGN11190,NA
CGN11192,NA
CGN11193,NA
CGN11194,NA
CGN11195,NA
CGN11196,NA
CGN11197,NA
CGN11198,NA
CGN11199,NA
CGN11200,NA
CGN11201,NA
CGN11202,NA
CGN11203,NA
CGN11205,NA
CGN11206,NA
CGN11207,NA
CGN11209,NA
CGN11210,NA
CGN11211,NA
CGN11225,NA
CGN11226,NA
CGN11227,NA
CGN11228,NA
CGN11229,NA
CGN11230,NA
CGN11231,NA
CGN11232,NA
CGN11233,NA
CGN11234,NA
CGN11235,NA
CGN11236,NA
CGN11237,NA
CGN11238,NA
CGN11239,NA
CGN11240,NA
CGN11241,NA
CGN11242,NA
CGN11243,NA
CGN11244,NA
CGN11245,NA
CGN11246,NA
CGN11274,NA
CGN11275,NA
CGN11276,65.93
CGN11277,NA
CGN11278,NA
CGN11279,NA
CGN11280,NA
CGN11281,NA
CGN11282,NA
CGN11283,NA
CGN11284,68.25
CGN11285,NA
CGN11286,77.78
CGN11287,NA
CGN11288,NA
CGN11289,70.16
CGN11290,66.41
CGN11291,NA
CGN11292,NA
CGN11293,71.36
CGN11294,70.13
CGN11295,NA
CGN11296,NA
CGN11297,NA
CGN11298,NA
CGN11299,NA
CGN11300,NA
CGN11301,94.8
CGN11302,NA
CGN11303,NA
CGN11304,NA
CGN11305,92.93
CGN11306,NA
CGN11307,72.79
CGN11308,73.25
CGN11309,NA
CGN11310,63.23
CGN11311,NA
CGN11312,NA
CGN11313,NA
CGN11314,NA
CGN11315,NA
CGN11316,NA
CGN11823,68.23
CGN11824,82.24
CGN11825,NA
CGN11839,NA
CGN11856,78.25
CGN11857,71.36
CGN11858,81.69
CGN11859,73.25
CGN11860,NA
CGN11861,71.36
CGN11862,68.25
CGN11863,80.13
CGN11864,NA
CGN11865,68.25
CGN11866,NA
CGN11867,76.69
CGN12973,NA
CGN12980,NA
CGN12983,62.85
CGN12984,76.72
CGN12986,NA
CGN12988,NA
CGN12989,NA
CGN12990,NA
CGN12992,NA
CGN12993,NA
CGN12994,NA
CGN12995,NA
CGN12996,NA
CGN12997,NA
CGN12998,NA
CGN12999,97.74
CGN13000,87.74
CGN13001,97.74
CGN13002,97.74
CGN13003,102.74
CGN13004,97.74
CGN13005,92.74
CGN13006,87.74
CGN13007,72.74
CGN13008,87.74
CGN13009,82.74
CGN13010,82.74
CGN13012,NA
CGN13013,NA
CGN13015,NA
CGN13016,NA
CGN13020,NA
CGN13021,NA
CGN13022,NA
CGN13023,NA
CGN13025,NA
CGN13026,NA
CGN13027,NA
CGN13028,NA
CGN15011,NA
CGN15019,NA
CGN15041,NA
CGN15042,NA
CGN15048,NA
CGN15060,NA
CGN15068,NA
CGN15086,NA
CGN15088,NA
CGN15093,NA
CGN15103,NA
CGN15106,NA
CGN15111,106.76
CGN15650,NA
CGN15651,NA
CGN15652,NA
CGN15653,NA
CGN16158,NA
CGN16160,NA
CGN16162,NA
CGN16168,NA
CGN16169,NA
CGN16172,NA
CGN16173,NA
CGN19312,NA
CGN19313,NA
CGN19317,69.52
CGN19319,NA
CGN19324,NA
CGN19325,NA
CGN19328,NA
CGN21733,NA
CGN21734,NA
CGN21735,NA
CGN21737,NA
CGN21738,NA
CGN21739,NA
CGN21740,NA
CGN21741,NA
CGN21743,NA
CGN21745,NA
CGN21746,81.69
CGN21747,81.69
CGN21749,98.76
CGN21750,71.71
CGN21751,NA
CGN23085,73.51
CGN23651,NA
CGN23653,NA
