accenumb,campaign,days_to_heading
TS0081,1937-1938,171
TS0088,1937-1938,172
TS0091,1937-1938,170
TS0092,1937-1938,171
TS0094,1937-1938,174
TS0094,1937-1938,172
TS0094,1937-1938,170
TS0095,1937-1938,175
TS0095,1937-1938,174
TS0095,1937-1938,170
TS0098,1937-1938,175
TS0098,1937-1938,174
TS0098,1937-1938,171
TS0098,1937-1938,170
TS0099,1937-1938,174
TS0099,1937-1938,172
TS0099,1937-1938,171
TS0099,1937-1938,170
TS0100,1937-1938,177
TS0100,1937-1938,174
TS0100,1937-1938,170
TS0102,1937-1938,175
TS0102,1937-1938,174
TS0102,1937-1938,172
TS0102,1937-1938,170
TS0111,1937-1938,172
TS0111,1937-1938,170
TS0112,1937-1938,175
TS0112,1937-1938,174
TS0112,1937-1938,170
TS0113,1937-1938,174
TS0113,1937-1938,172
TS0113,1937-1938,171
TS0116,1937-1938,175
TS0116,1937-1938,174
TS0116,1937-1938,170
TS0117,1937-1938,172
TS0117,1937-1938,170
TS0123,1937-1938,175
TS0123,1937-1938,174
TS0123,1937-1938,170
TS0125,1937-1938,168
TS0131,1937-1938,175
TS0131,1937-1938,174
TS0131,1937-1938,172
TS0131,1937-1938,171
TS0131,1937-1938,170
TS0131,1937-1938,168
TS0136,1937-1938,177
TS0136,1937-1938,174
TS0136,1937-1938,172
TS0136,1937-1938,171
TS0136,1937-1938,170
TS0137,1937-1938,177
TS0137,1937-1938,174
TS0137,1937-1938,171
TS0137,1937-1938,170
TS0140,1937-1938,174
TS0140,1937-1938,171
TS0141,1937-1938,177
TS0141,1937-1938,174
TS0141,1937-1938,172
TS0141,1937-1938,171
TS0141,1937-1938,170
TS0142,1937-1938,177
TS0142,1937-1938,174
TS0142,1937-1938,172
TS0142,1937-1938,171
TS0142,1937-1938,170
TS0144,1937-1938,177
TS0144,1937-1938,174
TS0144,1937-1938,172
TS0144,1937-1938,171
TS0144,1937-1938,170
TS0146,1937-1938,177
TS0146,1937-1938,174
TS0146,1937-1938,172
TS0146,1937-1938,171
TS0146,1937-1938,170
TS0148,1937-1938,177
TS0148,1937-1938,174
TS0148,1937-1938,172
TS0148,1937-1938,171
TS0148,1937-1938,170
TS0149,1937-1938,174
TS0149,1937-1938,172
TS0149,1937-1938,171
TS0149,1937-1938,170
TS0152,1937-1938,174
TS0152,1937-1938,172
TS0152,1937-1938,171
TS0152,1937-1938,170
TS0001,1946-1947,176
TS0002,1946-1947,176
TS0004,1946-1947,174
TS0006,1946-1947,173
TS0007,1946-1947,173
TS0013,1946-1947,171
TS0014,1946-1947,175
TS0016,1946-1947,174
TS0019,1946-1947,177
TS0020,1946-1947,174
TS0025,1946-1947,176
TS0026,1946-1947,174
TS0028,1946-1947,169
TS0030,1946-1947,179
TS0001,1947-1948,169
TS0002,1947-1948,170
TS0004,1947-1948,166
TS0006,1947-1948,166
TS0007,1947-1948,166
TS0013,1947-1948,166
TS0014,1947-1948,166
TS0016,1947-1948,169
TS0019,1947-1948,168
TS0020,1947-1948,169
TS0025,1947-1948,169
TS0026,1947-1948,166
TS0028,1947-1948,165
TS0030,1947-1948,165
TS0002,1949-1950,174
TS0004,1949-1950,171
TS0006,1949-1950,174
TS0007,1949-1950,173
TS0013,1949-1950,170
TS0014,1949-1950,173
TS0016,1949-1950,171
TS0019,1949-1950,174
TS0020,1949-1950,171
TS0025,1949-1950,173
TS0026,1949-1950,170
TS0028,1949-1950,168
TS0030,1949-1950,169
TS0032,1949-1950,174
TS0034,1949-1950,171
TS0035,1949-1950,171
TS0036,1949-1950,171
TS0001,1950-1951,182
TS0002,1950-1951,184
TS0004,1950-1951,178
TS0006,1950-1951,180
TS0007,1950-1951,181
TS0013,1950-1951,183
TS0014,1950-1951,179
TS0016,1950-1951,182
TS0019,1950-1951,181
TS0020,1950-1951,180
TS0025,1950-1951,181
TS0026,1950-1951,180
TS0028,1950-1951,179
TS0030,1950-1951,181
TS0032,1950-1951,180
TS0034,1950-1951,180
TS0035,1950-1951,181
TS0036,1950-1951,182
TS0001,1951-1952,177
TS0002,1951-1952,178
TS0004,1951-1952,175
TS0006,1951-1952,175
TS0007,1951-1952,178
TS0013,1951-1952,174
TS0014,1951-1952,177
TS0016,1951-1952,177
TS0019,1951-1952,178
TS0020,1951-1952,175
TS0025,1951-1952,179
TS0026,1951-1952,179
TS0028,1951-1952,174
TS0030,1951-1952,177
TS0032,1951-1952,176
TS0034,1951-1952,178
TS0035,1951-1952,178
TS0036,1951-1952,179
TS1143,1951-1952,158
TS1201,1951-1952,161
TS1201,1951-1952,164
TS1201,1951-1952,162
TS1201,1951-1952,160
TS1201,1951-1952,157
TS1202,1951-1952,161
TS1202,1951-1952,164
TS1202,1951-1952,163
TS1202,1951-1952,162
TS1202,1951-1952,160
TS1202,1951-1952,157
TS1256,1951-1952,162
TS1256,1951-1952,160
TS1286,1951-1952,161
TS1286,1951-1952,164
TS1286,1951-1952,163
TS1286,1951-1952,160
TS1286,1951-1952,159
TS1286,1951-1952,158
TS1288,1951-1952,161
TS1288,1951-1952,164
TS1288,1951-1952,163
TS1288,1951-1952,162
TS1288,1951-1952,160
TS1289,1951-1952,161
TS1289,1951-1952,164
TS1289,1951-1952,163
TS1289,1951-1952,160
TS1289,1951-1952,154
TS1297,1951-1952,161
TS1297,1951-1952,163
TS1297,1951-1952,160
TS1297,1951-1952,159
TS1297,1951-1952,158
TS1297,1951-1952,154
TS1303,1951-1952,161
TS1303,1951-1952,160
TS1303,1951-1952,159
TS1303,1951-1952,158
TS1307,1951-1952,161
TS1307,1951-1952,162
TS1307,1951-1952,160
TS1307,1951-1952,155
TS1316,1951-1952,161
TS1316,1951-1952,162
TS1316,1951-1952,159
TS1316,1951-1952,158
TS0001,1952-1953,179
TS0002,1952-1953,178
TS0004,1952-1953,175
TS0006,1952-1953,179
TS0007,1952-1953,175
TS0013,1952-1953,174
TS0014,1952-1953,175
TS0016,1952-1953,174
TS0019,1952-1953,175
TS0020,1952-1953,174
TS0025,1952-1953,179
TS0026,1952-1953,175
TS0028,1952-1953,173
TS0030,1952-1953,178
TS0032,1952-1953,178
TS0034,1952-1953,179
TS0035,1952-1953,178
TS0036,1952-1953,177
TS0001,1953-1954,184
TS0002,1953-1954,181
TS0004,1953-1954,179
TS0006,1953-1954,179
TS0007,1953-1954,179
TS0013,1953-1954,180
TS0014,1953-1954,180
TS0016,1953-1954,180
TS0019,1953-1954,183
TS0020,1953-1954,179
TS0025,1953-1954,181
TS0026,1953-1954,180
TS0028,1953-1954,176
TS0030,1953-1954,180
TS0032,1953-1954,179
TS0034,1953-1954,180
TS0035,1953-1954,181
TS0036,1953-1954,184
TS0001,1954-1955,182
TS0002,1954-1955,182
TS0004,1954-1955,179
TS0006,1954-1955,179
TS0007,1954-1955,179
TS0013,1954-1955,179
TS0014,1954-1955,179
TS0016,1954-1955,180
TS0019,1954-1955,181
TS0020,1954-1955,179
TS0026,1954-1955,178
TS0028,1954-1955,175
TS0030,1954-1955,178
TS0032,1954-1955,180
TS0034,1954-1955,180
TS0035,1954-1955,183
TS0001,1957-1958,186
TS0002,1957-1958,180
TS0004,1957-1958,178
TS0006,1957-1958,181
TS0007,1957-1958,181
TS0013,1957-1958,180
TS0014,1957-1958,182
TS0016,1957-1958,183
TS0019,1957-1958,182
TS0020,1957-1958,180
TS0025,1957-1958,184
TS0026,1957-1958,177
TS0028,1957-1958,182
TS0030,1957-1958,181
TS0032,1957-1958,184
TS0034,1957-1958,180
TS0035,1957-1958,185
TS0036,1957-1958,191
TS0073,1957-1958,162
TS0076,1957-1958,166
TS0078,1957-1958,162
TS0079,1957-1958,162
TS0081,1957-1958,166
TS0081,1957-1958,164
TS0081,1957-1958,163
TS0081,1957-1958,162
TS0081,1957-1958,160
TS0084,1957-1958,166
TS0084,1957-1958,164
TS0084,1957-1958,162
TS0084,1957-1958,160
TS0088,1957-1958,168
TS0088,1957-1958,166
TS0088,1957-1958,165
TS0088,1957-1958,161
TS0088,1957-1958,160
TS0091,1957-1958,164
TS0091,1957-1958,163
TS0091,1957-1958,162
TS0091,1957-1958,161
TS0091,1957-1958,160
TS0092,1957-1958,165
TS0092,1957-1958,163
TS0092,1957-1958,162
TS0092,1957-1958,161
TS0094,1957-1958,166
TS0094,1957-1958,165
TS0094,1957-1958,164
TS0095,1957-1958,166
TS0095,1957-1958,165
TS0095,1957-1958,164
TS0095,1957-1958,162
TS0098,1957-1958,166
TS0098,1957-1958,165
TS0098,1957-1958,164
TS0098,1957-1958,162
TS0099,1957-1958,166
TS0099,1957-1958,165
TS0099,1957-1958,164
TS0100,1957-1958,166
TS0100,1957-1958,165
TS0100,1957-1958,164
TS0100,1957-1958,162
TS0102,1957-1958,167
TS0102,1957-1958,166
TS0102,1957-1958,165
TS0102,1957-1958,164
TS0102,1957-1958,162
TS0111,1957-1958,166
TS0111,1957-1958,164
TS0112,1957-1958,166
TS0112,1957-1958,165
TS0112,1957-1958,164
TS0112,1957-1958,162
TS0113,1957-1958,166
TS0113,1957-1958,165
TS0113,1957-1958,164
TS0116,1957-1958,166
TS0116,1957-1958,165
TS0116,1957-1958,163
TS0116,1957-1958,162
TS0116,1957-1958,160
TS0117,1957-1958,167
TS0117,1957-1958,166
TS0117,1957-1958,165
TS0117,1957-1958,163
TS0117,1957-1958,162
TS0117,1957-1958,161
TS0117,1957-1958,160
TS0121,1957-1958,166
TS0121,1957-1958,165
TS0121,1957-1958,164
TS0121,1957-1958,163
TS0121,1957-1958,162
TS0121,1957-1958,160
TS0123,1957-1958,166
TS0123,1957-1958,165
TS0123,1957-1958,164
TS0123,1957-1958,162
TS0125,1957-1958,166
TS0125,1957-1958,165
TS0125,1957-1958,164
TS0125,1957-1958,163
TS0125,1957-1958,162
TS0125,1957-1958,160
TS0131,1957-1958,167
TS0131,1957-1958,166
TS0131,1957-1958,164
TS0136,1957-1958,169
TS0136,1957-1958,166
TS0136,1957-1958,165
TS0136,1957-1958,164
TS0136,1957-1958,162
TS0136,1957-1958,161
TS0137,1957-1958,169
TS0137,1957-1958,165
TS0137,1957-1958,162
TS0137,1957-1958,161
TS0140,1957-1958,164
TS0140,1957-1958,160
TS0141,1957-1958,166
TS0141,1957-1958,165
TS0141,1957-1958,164
TS0141,1957-1958,162
TS0141,1957-1958,160
TS0142,1957-1958,165
TS0142,1957-1958,164
TS0144,1957-1958,165
TS0144,1957-1958,162
TS0144,1957-1958,160
TS0146,1957-1958,165
TS0146,1957-1958,160
TS0148,1957-1958,165
TS0148,1957-1958,160
TS0149,1957-1958,165
TS0149,1957-1958,164
TS0149,1957-1958,163
TS0152,1957-1958,165
TS0152,1957-1958,164
TS0152,1957-1958,163
TS0152,1957-1958,162
TS0155,1958-1959,158
TS0156,1958-1959,156
TS0157,1958-1959,159
TS0159,1958-1959,155
TS0160,1958-1959,158
TS0164,1958-1959,159
TS0166,1958-1959,157
TS0172,1958-1959,159
TS0174,1958-1959,155
TS0177,1958-1959,156
TS0178,1958-1959,154
TS0179,1958-1959,157
TS0180,1958-1959,156
TS0181,1958-1959,158
TS0183,1958-1959,156
TS0225,1958-1959,160
TS0225,1958-1959,158
TS0225,1958-1959,157
TS0225,1958-1959,156
TS0225,1958-1959,155
TS0241,1958-1959,158
TS0241,1958-1959,156
TS0241,1958-1959,155
TS0241,1958-1959,154
TS0241,1958-1959,152
TS0242,1958-1959,158
TS0242,1958-1959,157
TS0242,1958-1959,156
TS0242,1958-1959,155
TS0242,1958-1959,154
TS0258,1958-1959,156
TS0258,1958-1959,155
TS0258,1958-1959,154
TS0265,1958-1959,158
TS0265,1958-1959,157
TS0265,1958-1959,156
TS0286,1958-1959,157
TS0286,1958-1959,156
TS0286,1958-1959,155
TS0286,1958-1959,153
TS0288,1958-1959,160
TS0288,1958-1959,157
TS0288,1958-1959,156
TS0288,1958-1959,155
TS0289,1958-1959,160
TS0289,1958-1959,159
TS0289,1958-1959,158
TS0289,1958-1959,156
TS0289,1958-1959,152
TS0294,1958-1959,162
TS0294,1958-1959,159
TS0294,1958-1959,158
TS0294,1958-1959,157
TS0294,1958-1959,156
TS0294,1958-1959,155
TS0294,1958-1959,152
TS0310,1958-1959,159
TS0310,1958-1959,158
TS0310,1958-1959,157
TS0310,1958-1959,156
TS0310,1958-1959,155
TS0310,1958-1959,153
TS0325,1958-1959,159
TS0325,1958-1959,158
TS0325,1958-1959,157
TS0325,1958-1959,156
TS0325,1958-1959,153
TS0337,1958-1959,160
TS0337,1958-1959,159
TS0337,1958-1959,158
TS0337,1958-1959,156
TS0337,1958-1959,155
TS0347,1958-1959,160
TS0347,1958-1959,159
TS0347,1958-1959,158
TS0347,1958-1959,156
TS0347,1958-1959,155
TS0347,1958-1959,153
TS0350,1958-1959,160
TS0350,1958-1959,159
TS0350,1958-1959,158
TS0350,1958-1959,156
TS0350,1958-1959,155
TS0371,1958-1959,160
TS0371,1958-1959,159
TS0371,1958-1959,158
TS0371,1958-1959,157
TS0371,1958-1959,156
TS0371,1958-1959,155
TS0371,1958-1959,154
TS0380,1958-1959,159
TS0380,1958-1959,158
TS0380,1958-1959,156
TS0380,1958-1959,155
TS0380,1958-1959,154
TS0431,1958-1959,159
TS0431,1958-1959,158
TS0431,1958-1959,156
TS0431,1958-1959,155
TS0436,1958-1959,160
TS0436,1958-1959,159
TS0436,1958-1959,158
TS0436,1958-1959,156
TS0436,1958-1959,155
TS0437,1958-1959,159
TS0437,1958-1959,157
TS0437,1958-1959,156
TS0437,1958-1959,155
TS0439,1958-1959,160
TS0439,1958-1959,158
TS0439,1958-1959,156
TS0439,1958-1959,155
TS0461,1958-1959,159
TS0461,1958-1959,158
TS0461,1958-1959,157
TS0461,1958-1959,156
TS0483,1958-1959,160
TS0483,1958-1959,159
TS0483,1958-1959,158
TS0483,1958-1959,156
TS0483,1958-1959,155
TS0498,1958-1959,160
TS0498,1958-1959,159
TS0498,1958-1959,158
TS0498,1958-1959,156
TS0498,1958-1959,154
TS0499,1958-1959,158
TS0499,1958-1959,157
TS0499,1958-1959,156
TS0509,1958-1959,162
TS0509,1958-1959,158
TS0509,1958-1959,156
TS0535,1958-1959,155
TS0553,1958-1959,158
TS0555,1958-1959,157
TS0574,1958-1959,160
TS0574,1958-1959,159
TS0574,1958-1959,158
TS0574,1958-1959,157
TS0574,1958-1959,156
TS0574,1958-1959,155
TS0577,1958-1959,160
TS0577,1958-1959,159
TS0577,1958-1959,158
TS0577,1958-1959,157
TS0577,1958-1959,156
TS0577,1958-1959,155
TS0578,1958-1959,159
TS0578,1958-1959,158
TS0578,1958-1959,157
TS0578,1958-1959,156
TS0578,1958-1959,155
TS0579,1958-1959,159
TS0579,1958-1959,158
TS0579,1958-1959,156
TS0579,1958-1959,155
TS0580,1958-1959,159
TS0580,1958-1959,157
TS0580,1958-1959,156
TS0580,1958-1959,155
TS0587,1958-1959,159
TS0587,1958-1959,158
TS0587,1958-1959,157
TS0587,1958-1959,156
TS0587,1958-1959,155
TS0622,1958-1959,159
TS0622,1958-1959,158
TS0622,1958-1959,157
TS0622,1958-1959,156
TS0622,1958-1959,155
TS0623,1958-1959,160
TS0623,1958-1959,159
TS0623,1958-1959,158
TS0623,1958-1959,156
TS0623,1958-1959,155
TS0634,1958-1959,160
TS0634,1958-1959,159
TS0634,1958-1959,158
TS0634,1958-1959,157
TS0634,1958-1959,155
TS0635,1958-1959,159
TS0635,1958-1959,158
TS0635,1958-1959,157
TS0635,1958-1959,155
TS0638,1958-1959,159
TS0638,1958-1959,158
TS0638,1958-1959,156
TS0645,1958-1959,162
TS0645,1958-1959,159
TS0645,1958-1959,157
TS0645,1958-1959,156
TS0645,1958-1959,155
TS0646,1958-1959,162
TS0646,1958-1959,159
TS0646,1958-1959,157
TS0646,1958-1959,156
TS0655,1958-1959,164
TS0655,1958-1959,162
TS0655,1958-1959,160
TS0655,1958-1959,159
TS0942,1958-1959,162
TS0942,1958-1959,159
TS0942,1958-1959,158
TS0942,1958-1959,157
TS0942,1958-1959,156
TS0942,1958-1959,155
TS1527,1958-1959,158
TS1543,1958-1959,156
TS1547,1958-1959,156
TS1548,1958-1959,156
TS1549,1958-1959,158
TS1571,1958-1959,156
TS1573,1958-1959,160
TS1586,1958-1959,160
TS1586,1958-1959,159
TS1586,1958-1959,158
TS1586,1958-1959,157
TS1586,1958-1959,156
TS1592,1958-1959,160
TS1592,1958-1959,159
TS1592,1958-1959,158
TS1593,1958-1959,159
TS1593,1958-1959,158
TS1593,1958-1959,157
TS1593,1958-1959,156
TS1593,1958-1959,155
TS1594,1958-1959,159
TS1594,1958-1959,158
TS1594,1958-1959,156
TS1594,1958-1959,155
TS1600,1958-1959,160
TS1600,1958-1959,159
TS1600,1958-1959,158
TS1600,1958-1959,156
TS1600,1958-1959,155
TS1603,1958-1959,160
TS1603,1958-1959,159
TS1603,1958-1959,158
TS1603,1958-1959,156
TS1603,1958-1959,155
TS1614,1958-1959,160
TS1614,1958-1959,159
TS1614,1958-1959,158
TS1614,1958-1959,157
TS1614,1958-1959,156
TS1616,1958-1959,160
TS1616,1958-1959,159
TS1616,1958-1959,158
TS1616,1958-1959,157
TS1616,1958-1959,156
TS1616,1958-1959,155
TS1630,1958-1959,159
TS1630,1958-1959,158
TS1630,1958-1959,157
TS1630,1958-1959,156
TS1635,1958-1959,160
TS1635,1958-1959,159
TS1635,1958-1959,158
TS1635,1958-1959,157
TS1635,1958-1959,156
TS1638,1958-1959,160
TS1638,1958-1959,159
TS1638,1958-1959,158
TS1638,1958-1959,156
TS1639,1958-1959,160
TS1639,1958-1959,159
TS1639,1958-1959,158
TS1639,1958-1959,157
TS1639,1958-1959,156
TS1656,1958-1959,159
TS1656,1958-1959,158
TS1656,1958-1959,156
TS1657,1958-1959,159
TS1657,1958-1959,158
TS1657,1958-1959,157
TS1657,1958-1959,156
TS1657,1958-1959,155
TS1663,1958-1959,159
TS1663,1958-1959,158
TS1663,1958-1959,157
TS1663,1958-1959,156
TS1663,1958-1959,155
TS1664,1958-1959,159
TS1664,1958-1959,158
TS1664,1958-1959,157
TS1664,1958-1959,156
TS1699,1958-1959,159
TS1699,1958-1959,158
TS1699,1958-1959,156
TS1700,1958-1959,159
TS1700,1958-1959,158
TS1700,1958-1959,156
TS1702,1958-1959,160
TS1702,1958-1959,159
TS1702,1958-1959,158
TS1702,1958-1959,156
TS1705,1958-1959,160
TS1705,1958-1959,159
TS1705,1958-1959,158
TS1705,1958-1959,156
TS1705,1958-1959,155
TS1722,1958-1959,159
TS1722,1958-1959,158
TS1722,1958-1959,157
TS1722,1958-1959,156
TS1722,1958-1959,155
TS1723,1958-1959,160
TS1723,1958-1959,159
TS1723,1958-1959,158
TS1723,1958-1959,156
TS1723,1958-1959,155
TS1732,1958-1959,160
TS1732,1958-1959,158
TS1732,1958-1959,156
TS1732,1958-1959,155
TS1745,1958-1959,159
TS1745,1958-1959,158
TS1745,1958-1959,156
TS1745,1958-1959,155
TS1746,1958-1959,160
TS1746,1958-1959,159
TS1746,1958-1959,158
TS1746,1958-1959,155
TS1763,1958-1959,160
TS1763,1958-1959,159
TS1763,1958-1959,158
TS1763,1958-1959,157
TS1764,1958-1959,160
TS1764,1958-1959,159
TS1764,1958-1959,158
TS1764,1958-1959,156
TS1765,1958-1959,160
TS1765,1958-1959,159
TS1765,1958-1959,158
TS1770,1958-1959,160
TS1770,1958-1959,158
TS1770,1958-1959,157
TS1770,1958-1959,156
TS1772,1958-1959,160
TS1772,1958-1959,159
TS1772,1958-1959,158
TS1772,1958-1959,156
TS1778,1958-1959,160
TS1778,1958-1959,159
TS1778,1958-1959,158
TS1778,1958-1959,156
TS1779,1958-1959,160
TS1779,1958-1959,159
TS1779,1958-1959,158
TS1779,1958-1959,156
TS1792,1958-1959,160
TS1792,1958-1959,159
TS1792,1958-1959,158
TS1793,1958-1959,160
TS1793,1958-1959,159
TS1793,1958-1959,158
TS1796,1958-1959,159
TS1796,1958-1959,158
TS1796,1958-1959,156
TS1808,1958-1959,160
TS1808,1958-1959,159
TS1808,1958-1959,158
TS1808,1958-1959,156
TS1809,1958-1959,160
TS1809,1958-1959,159
TS1809,1958-1959,158
TS1817,1958-1959,160
TS1817,1958-1959,159
TS1817,1958-1959,158
TS1817,1958-1959,157
TS1821,1958-1959,160
TS1821,1958-1959,159
TS1821,1958-1959,158
TS1821,1958-1959,157
TS1822,1958-1959,160
TS1822,1958-1959,159
TS1822,1958-1959,158
TS1822,1958-1959,157
TS1825,1958-1959,160
TS1825,1958-1959,159
TS1825,1958-1959,158
TS1825,1958-1959,156
TS1826,1958-1959,160
TS1826,1958-1959,159
TS1826,1958-1959,158
TS1827,1958-1959,160
TS1827,1958-1959,159
TS1827,1958-1959,158
TS1827,1958-1959,157
TS1830,1958-1959,160
TS1830,1958-1959,159
TS1830,1958-1959,158
TS1830,1958-1959,156
TS1831,1958-1959,160
TS1831,1958-1959,159
TS1831,1958-1959,158
TS1842,1958-1959,160
TS1842,1958-1959,159
TS1842,1958-1959,158
TS1842,1958-1959,156
TS1843,1958-1959,160
TS1843,1958-1959,159
TS1843,1958-1959,158
TS1843,1958-1959,157
TS1843,1958-1959,156
TS1845,1958-1959,159
TS1845,1958-1959,158
TS1845,1958-1959,156
TS1846,1958-1959,159
TS1846,1958-1959,158
TS1846,1958-1959,156
TS1847,1958-1959,159
TS1847,1958-1959,158
TS1847,1958-1959,157
TS1847,1958-1959,156
TS1860,1958-1959,160
TS1860,1958-1959,159
TS1860,1958-1959,158
TS1860,1958-1959,157
TS1860,1958-1959,156
TS1863,1958-1959,160
TS1863,1958-1959,159
TS1863,1958-1959,158
TS1863,1958-1959,156
TS2234,1958-1959,160
TS2234,1958-1959,159
TS2234,1958-1959,156
TS2234,1958-1959,155
TS2234,1958-1959,154
TS0073,1959-1960,160
TS0074,1959-1960,163
TS0076,1959-1960,161
TS0078,1959-1960,159
TS0079,1959-1960,158
TS0081,1959-1960,166
TS0081,1959-1960,164
TS0081,1959-1960,163
TS0081,1959-1960,162
TS0081,1959-1960,160
TS0081,1959-1960,159
TS0081,1959-1960,158
TS0084,1959-1960,165
TS0084,1959-1960,163
TS0084,1959-1960,162
TS0084,1959-1960,159
TS0084,1959-1960,158
TS0088,1959-1960,165
TS0088,1959-1960,164
TS0088,1959-1960,163
TS0088,1959-1960,162
TS0088,1959-1960,160
TS0088,1959-1960,158
TS0091,1959-1960,163
TS0091,1959-1960,162
TS0091,1959-1960,160
TS0091,1959-1960,159
TS0091,1959-1960,158
TS0092,1959-1960,165
TS0092,1959-1960,163
TS0092,1959-1960,162
TS0092,1959-1960,160
TS0092,1959-1960,159
TS0094,1959-1960,168
TS0094,1959-1960,166
TS0094,1959-1960,165
TS0094,1959-1960,164
TS0094,1959-1960,162
TS0094,1959-1960,161
TS0094,1959-1960,160
TS0095,1959-1960,165
TS0095,1959-1960,164
TS0095,1959-1960,163
TS0095,1959-1960,162
TS0095,1959-1960,161
TS0095,1959-1960,160
TS0095,1959-1960,159
TS0098,1959-1960,165
TS0098,1959-1960,164
TS0098,1959-1960,163
TS0098,1959-1960,162
TS0098,1959-1960,161
TS0098,1959-1960,159
TS0099,1959-1960,164
TS0099,1959-1960,163
TS0099,1959-1960,161
TS0100,1959-1960,165
TS0100,1959-1960,164
TS0100,1959-1960,163
TS0100,1959-1960,160
TS0102,1959-1960,165
TS0102,1959-1960,164
TS0102,1959-1960,163
TS0102,1959-1960,162
TS0102,1959-1960,161
TS0102,1959-1960,159
TS0111,1959-1960,166
TS0111,1959-1960,164
TS0111,1959-1960,163
TS0111,1959-1960,162
TS0111,1959-1960,161
TS0111,1959-1960,159
TS0112,1959-1960,165
TS0112,1959-1960,164
TS0112,1959-1960,163
TS0112,1959-1960,162
TS0112,1959-1960,161
TS0112,1959-1960,159
TS0113,1959-1960,165
TS0113,1959-1960,164
TS0113,1959-1960,163
TS0113,1959-1960,161
TS0113,1959-1960,159
TS0116,1959-1960,164
TS0116,1959-1960,162
TS0116,1959-1960,161
TS0116,1959-1960,159
TS0116,1959-1960,158
TS0116,1959-1960,157
TS0117,1959-1960,166
TS0117,1959-1960,163
TS0117,1959-1960,161
TS0117,1959-1960,159
TS0117,1959-1960,158
TS0117,1959-1960,157
TS0121,1959-1960,163
TS0121,1959-1960,162
TS0121,1959-1960,161
TS0121,1959-1960,159
TS0121,1959-1960,158
TS0121,1959-1960,157
TS0123,1959-1960,164
TS0123,1959-1960,163
TS0123,1959-1960,162
TS0123,1959-1960,161
TS0123,1959-1960,159
TS0125,1959-1960,164
TS0125,1959-1960,159
TS0125,1959-1960,158
TS0125,1959-1960,157
TS0131,1959-1960,166
TS0131,1959-1960,165
TS0131,1959-1960,162
TS0131,1959-1960,161
TS0136,1959-1960,164
TS0136,1959-1960,163
TS0136,1959-1960,161
TS0136,1959-1960,159
TS0137,1959-1960,164
TS0137,1959-1960,163
TS0137,1959-1960,161
TS0137,1959-1960,160
TS0137,1959-1960,159
TS0140,1959-1960,168
TS0140,1959-1960,166
TS0140,1959-1960,162
TS0141,1959-1960,166
TS0141,1959-1960,165
TS0141,1959-1960,164
TS0141,1959-1960,163
TS0141,1959-1960,160
TS0141,1959-1960,158
TS0142,1959-1960,165
TS0142,1959-1960,164
TS0142,1959-1960,163
TS0142,1959-1960,161
TS0142,1959-1960,159
TS0144,1959-1960,166
TS0144,1959-1960,165
TS0144,1959-1960,164
TS0144,1959-1960,163
TS0144,1959-1960,161
TS0146,1959-1960,166
TS0146,1959-1960,165
TS0146,1959-1960,164
TS0146,1959-1960,163
TS0146,1959-1960,161
TS0148,1959-1960,166
TS0148,1959-1960,165
TS0148,1959-1960,164
TS0148,1959-1960,163
TS0148,1959-1960,161
TS0149,1959-1960,164
TS0149,1959-1960,163
TS0149,1959-1960,161
TS0149,1959-1960,159
TS0152,1959-1960,164
TS0152,1959-1960,163
TS0152,1959-1960,159
TS0152,1959-1960,158
TS0965,1959-1960,163
TS1022,1959-1960,162
TS1025,1959-1960,161
TS1060,1959-1960,166
TS1110,1959-1960,164
TS1122,1959-1960,163
TS1143,1959-1960,163
TS1201,1959-1960,165
TS1201,1959-1960,164
TS1201,1959-1960,162
TS1202,1959-1960,166
TS1202,1959-1960,165
TS1202,1959-1960,164
TS1202,1959-1960,163
TS1202,1959-1960,161
TS1202,1959-1960,159
TS1256,1959-1960,164
TS1256,1959-1960,163
TS1256,1959-1960,162
TS1286,1959-1960,165
TS1286,1959-1960,164
TS1286,1959-1960,163
TS1286,1959-1960,162
TS1286,1959-1960,161
TS1288,1959-1960,165
TS1288,1959-1960,164
TS1288,1959-1960,163
TS1288,1959-1960,162
TS1288,1959-1960,161
TS1289,1959-1960,165
TS1289,1959-1960,164
TS1289,1959-1960,163
TS1289,1959-1960,162
TS1289,1959-1960,161
TS1289,1959-1960,159
TS1297,1959-1960,169
TS1297,1959-1960,166
TS1297,1959-1960,164
TS1297,1959-1960,163
TS1297,1959-1960,161
TS1297,1959-1960,159
TS1303,1959-1960,168
TS1303,1959-1960,165
TS1303,1959-1960,164
TS1303,1959-1960,163
TS1303,1959-1960,162
TS1303,1959-1960,161
TS1307,1959-1960,169
TS1307,1959-1960,168
TS1307,1959-1960,166
TS1307,1959-1960,164
TS1307,1959-1960,163
TS1307,1959-1960,162
TS1307,1959-1960,158
TS1316,1959-1960,166
TS1316,1959-1960,165
TS1316,1959-1960,164
TS1316,1959-1960,163
TS0001,1960-1961,181
TS0002,1960-1961,180
TS0004,1960-1961,177
TS0006,1960-1961,177
TS0007,1960-1961,177
TS0013,1960-1961,179
TS0014,1960-1961,178
TS0016,1960-1961,177
TS0019,1960-1961,183
TS0020,1960-1961,178
TS0025,1960-1961,179
TS0026,1960-1961,178
TS0028,1960-1961,175
TS0030,1960-1961,178
TS0032,1960-1961,180
TS0034,1960-1961,181
TS0036,1960-1961,186
TS0001,1961-1962,191
TS0002,1961-1962,193
TS0004,1961-1962,191
TS0013,1961-1962,179
TS0019,1961-1962,183
TS0032,1961-1962,180
TS0034,1961-1962,181
TS0036,1961-1962,186
TS0073,1961-1962,171
TS0074,1961-1962,175
TS0076,1961-1962,171
TS0078,1961-1962,171
TS0079,1961-1962,171
TS0081,1961-1962,175
TS0081,1961-1962,173
TS0081,1961-1962,171
TS0084,1961-1962,175
TS0084,1961-1962,173
TS0084,1961-1962,171
TS0088,1961-1962,177
TS0088,1961-1962,175
TS0088,1961-1962,173
TS0088,1961-1962,171
TS0091,1961-1962,175
TS0091,1961-1962,171
TS0092,1961-1962,175
TS0092,1961-1962,173
TS0092,1961-1962,171
TS0094,1961-1962,175
TS0094,1961-1962,173
TS0095,1961-1962,175
TS0095,1961-1962,173
TS0095,1961-1962,171
TS0098,1961-1962,175
TS0098,1961-1962,173
TS0098,1961-1962,171
TS0099,1961-1962,175
TS0099,1961-1962,173
TS0099,1961-1962,171
TS0100,1961-1962,173
TS0100,1961-1962,171
TS0102,1961-1962,175
TS0102,1961-1962,173
TS0102,1961-1962,171
TS0111,1961-1962,175
TS0111,1961-1962,173
TS0111,1961-1962,171
TS0112,1961-1962,175
TS0112,1961-1962,173
TS0112,1961-1962,171
TS0113,1961-1962,175
TS0113,1961-1962,173
TS0113,1961-1962,171
TS0116,1961-1962,175
TS0116,1961-1962,173
TS0116,1961-1962,171
TS0117,1961-1962,175
TS0117,1961-1962,173
TS0117,1961-1962,171
TS0121,1961-1962,175
TS0121,1961-1962,173
TS0121,1961-1962,171
TS0123,1961-1962,175
TS0123,1961-1962,173
TS0123,1961-1962,171
TS0125,1961-1962,175
TS0125,1961-1962,171
TS0131,1961-1962,175
TS0131,1961-1962,173
TS0131,1961-1962,171
TS0136,1961-1962,175
TS0136,1961-1962,173
TS0136,1961-1962,171
TS0137,1961-1962,173
TS0137,1961-1962,171
TS0140,1961-1962,175
TS0140,1961-1962,173
TS0141,1961-1962,175
TS0141,1961-1962,173
TS0141,1961-1962,171
TS0142,1961-1962,175
TS0142,1961-1962,173
TS0142,1961-1962,171
TS0144,1961-1962,175
TS0144,1961-1962,173
TS0144,1961-1962,171
TS0146,1961-1962,175
TS0146,1961-1962,173
TS0146,1961-1962,171
TS0148,1961-1962,175
TS0148,1961-1962,173
TS0148,1961-1962,171
TS0149,1961-1962,175
TS0149,1961-1962,173
TS0149,1961-1962,171
TS0152,1961-1962,175
TS0152,1961-1962,171
TS0965,1961-1962,173
TS1022,1961-1962,173
TS1025,1961-1962,171
TS1060,1961-1962,175
TS1110,1961-1962,175
TS1122,1961-1962,171
TS1143,1961-1962,175
TS1201,1961-1962,175
TS1201,1961-1962,173
TS1202,1961-1962,175
TS1202,1961-1962,173
TS1202,1961-1962,171
TS1256,1961-1962,175
TS1256,1961-1962,171
TS1286,1961-1962,176
TS1286,1961-1962,175
TS1286,1961-1962,173
TS1288,1961-1962,176
TS1288,1961-1962,175
TS1288,1961-1962,173
TS1289,1961-1962,177
TS1289,1961-1962,176
TS1289,1961-1962,175
TS1289,1961-1962,173
TS1289,1961-1962,171
TS1297,1961-1962,175
TS1297,1961-1962,173
TS1297,1961-1962,171
TS1303,1961-1962,177
TS1303,1961-1962,175
TS1303,1961-1962,173
TS1303,1961-1962,171
TS1303,1961-1962,165
TS1307,1961-1962,177
TS1307,1961-1962,175
TS1307,1961-1962,173
TS1307,1961-1962,171
TS1316,1961-1962,177
TS1316,1961-1962,175
TS1316,1961-1962,173
TS0001,1962-1963,189
TS0002,1962-1963,189
TS0004,1962-1963,186
TS0006,1962-1963,186
TS0007,1962-1963,188
TS0013,1962-1963,186
TS0014,1962-1963,188
TS0016,1962-1963,188
TS0019,1962-1963,190
TS0020,1962-1963,190
TS0025,1962-1963,188
TS0026,1962-1963,188
TS0028,1962-1963,184
TS0030,1962-1963,185
TS0032,1962-1963,190
TS0034,1962-1963,188
TS0035,1962-1963,190
TS0036,1962-1963,191
TS0155,1962-1963,175
TS0156,1962-1963,172
TS0157,1962-1963,176
TS0159,1962-1963,174
TS0160,1962-1963,176
TS0164,1962-1963,176
TS0166,1962-1963,171
TS0172,1962-1963,176
TS0174,1962-1963,176
TS0177,1962-1963,176
TS0178,1962-1963,170
TS0179,1962-1963,175
TS0180,1962-1963,176
TS0181,1962-1963,177
TS0183,1962-1963,176
TS0225,1962-1963,176
TS0225,1962-1963,175
TS0225,1962-1963,174
TS0225,1962-1963,173
TS0225,1962-1963,171
TS0225,1962-1963,170
TS0241,1962-1963,176
TS0241,1962-1963,174
TS0241,1962-1963,173
TS0241,1962-1963,171
TS0241,1962-1963,170
TS0242,1962-1963,176
TS0242,1962-1963,175
TS0242,1962-1963,173
TS0242,1962-1963,172
TS0242,1962-1963,171
TS0242,1962-1963,170
TS0258,1962-1963,176
TS0258,1962-1963,174
TS0258,1962-1963,173
TS0258,1962-1963,171
TS0258,1962-1963,170
TS0265,1962-1963,176
TS0265,1962-1963,175
TS0265,1962-1963,172
TS0265,1962-1963,170
TS0286,1962-1963,176
TS0286,1962-1963,173
TS0286,1962-1963,172
TS0286,1962-1963,171
TS0286,1962-1963,170
TS0286,1962-1963,169
TS0288,1962-1963,176
TS0288,1962-1963,175
TS0288,1962-1963,174
TS0288,1962-1963,173
TS0288,1962-1963,172
TS0288,1962-1963,170
TS0288,1962-1963,169
TS0289,1962-1963,178
TS0289,1962-1963,176
TS0289,1962-1963,175
TS0289,1962-1963,174
TS0289,1962-1963,173
TS0289,1962-1963,172
TS0289,1962-1963,170
TS0294,1962-1963,178
TS0294,1962-1963,176
TS0294,1962-1963,175
TS0294,1962-1963,173
TS0294,1962-1963,170
TS0294,1962-1963,167
TS0310,1962-1963,176
TS0310,1962-1963,175
TS0310,1962-1963,173
TS0325,1962-1963,176
TS0325,1962-1963,175
TS0325,1962-1963,170
TS0325,1962-1963,166
TS0337,1962-1963,176
TS0337,1962-1963,175
TS0337,1962-1963,173
TS0337,1962-1963,170
TS0347,1962-1963,176
TS0347,1962-1963,175
TS0347,1962-1963,174
TS0347,1962-1963,173
TS0350,1962-1963,178
TS0350,1962-1963,176
TS0350,1962-1963,175
TS0350,1962-1963,174
TS0350,1962-1963,173
TS0350,1962-1963,171
TS0350,1962-1963,170
TS0350,1962-1963,167
TS0371,1962-1963,178
TS0371,1962-1963,176
TS0371,1962-1963,175
TS0371,1962-1963,174
TS0371,1962-1963,172
TS0371,1962-1963,170
TS0371,1962-1963,169
TS0380,1962-1963,176
TS0380,1962-1963,175
TS0380,1962-1963,174
TS0380,1962-1963,171
TS0380,1962-1963,170
TS0380,1962-1963,167
TS0380,1962-1963,166
TS0431,1962-1963,178
TS0431,1962-1963,175
TS0431,1962-1963,174
TS0431,1962-1963,170
TS0436,1962-1963,176
TS0436,1962-1963,175
TS0436,1962-1963,173
TS0436,1962-1963,171
TS0436,1962-1963,170
TS0437,1962-1963,176
TS0437,1962-1963,173
TS0437,1962-1963,170
TS0439,1962-1963,176
TS0439,1962-1963,175
TS0439,1962-1963,174
TS0439,1962-1963,173
TS0439,1962-1963,172
TS0439,1962-1963,171
TS0461,1962-1963,176
TS0461,1962-1963,174
TS0461,1962-1963,173
TS0461,1962-1963,172
TS0461,1962-1963,171
TS0483,1962-1963,176
TS0483,1962-1963,175
TS0483,1962-1963,174
TS0483,1962-1963,173
TS0483,1962-1963,170
TS0498,1962-1963,176
TS0498,1962-1963,175
TS0498,1962-1963,171
TS0498,1962-1963,170
TS0499,1962-1963,176
TS0499,1962-1963,175
TS0499,1962-1963,172
TS0499,1962-1963,171
TS0499,1962-1963,170
TS0509,1962-1963,178
TS0509,1962-1963,176
TS0509,1962-1963,175
TS0509,1962-1963,172
TS0509,1962-1963,170
TS0535,1962-1963,171
TS0553,1962-1963,171
TS0555,1962-1963,175
TS0574,1962-1963,176
TS0574,1962-1963,175
TS0574,1962-1963,174
TS0574,1962-1963,170
TS0577,1962-1963,176
TS0577,1962-1963,175
TS0577,1962-1963,172
TS0577,1962-1963,170
TS0578,1962-1963,178
TS0578,1962-1963,175
TS0578,1962-1963,174
TS0578,1962-1963,173
TS0578,1962-1963,170
TS0579,1962-1963,176
TS0579,1962-1963,175
TS0579,1962-1963,174
TS0579,1962-1963,171
TS0579,1962-1963,170
TS0580,1962-1963,178
TS0580,1962-1963,176
TS0580,1962-1963,175
TS0580,1962-1963,174
TS0580,1962-1963,173
TS0580,1962-1963,170
TS0580,1962-1963,169
TS0587,1962-1963,178
TS0587,1962-1963,176
TS0587,1962-1963,174
TS0587,1962-1963,171
TS0587,1962-1963,170
TS0622,1962-1963,178
TS0622,1962-1963,176
TS0622,1962-1963,175
TS0622,1962-1963,174
TS0622,1962-1963,171
TS0622,1962-1963,170
TS0623,1962-1963,176
TS0623,1962-1963,175
TS0623,1962-1963,173
TS0623,1962-1963,170
TS0634,1962-1963,178
TS0634,1962-1963,176
TS0634,1962-1963,170
TS0635,1962-1963,178
TS0635,1962-1963,176
TS0635,1962-1963,170
TS0638,1962-1963,176
TS0638,1962-1963,175
TS0638,1962-1963,172
TS0638,1962-1963,170
TS0645,1962-1963,178
TS0645,1962-1963,176
TS0645,1962-1963,174
TS0645,1962-1963,170
TS0646,1962-1963,178
TS0646,1962-1963,176
TS0646,1962-1963,174
TS0646,1962-1963,170
TS0655,1962-1963,178
TS0655,1962-1963,175
TS0942,1962-1963,178
TS0942,1962-1963,176
TS0942,1962-1963,175
TS0942,1962-1963,174
TS0942,1962-1963,172
TS0942,1962-1963,171
TS0942,1962-1963,170
TS1527,1962-1963,176
TS1543,1962-1963,172
TS1547,1962-1963,172
TS1548,1962-1963,174
TS1549,1962-1963,175
TS1571,1962-1963,176
TS1573,1962-1963,181
TS1586,1962-1963,182
TS1586,1962-1963,178
TS1586,1962-1963,176
TS1586,1962-1963,175
TS1586,1962-1963,173
TS1592,1962-1963,178
TS1592,1962-1963,176
TS1592,1962-1963,175
TS1593,1962-1963,178
TS1593,1962-1963,177
TS1593,1962-1963,176
TS1593,1962-1963,171
TS1594,1962-1963,182
TS1594,1962-1963,178
TS1594,1962-1963,177
TS1594,1962-1963,176
TS1594,1962-1963,175
TS1594,1962-1963,174
TS1594,1962-1963,170
TS1600,1962-1963,178
TS1600,1962-1963,177
TS1600,1962-1963,176
TS1600,1962-1963,175
TS1600,1962-1963,171
TS1603,1962-1963,182
TS1603,1962-1963,178
TS1603,1962-1963,176
TS1603,1962-1963,175
TS1603,1962-1963,173
TS1603,1962-1963,172
TS1614,1962-1963,182
TS1614,1962-1963,178
TS1614,1962-1963,176
TS1614,1962-1963,175
TS1616,1962-1963,178
TS1616,1962-1963,176
TS1616,1962-1963,175
TS1616,1962-1963,174
TS1616,1962-1963,170
TS1630,1962-1963,178
TS1630,1962-1963,177
TS1630,1962-1963,176
TS1635,1962-1963,182
TS1635,1962-1963,180
TS1635,1962-1963,179
TS1635,1962-1963,178
TS1635,1962-1963,176
TS1635,1962-1963,175
TS1638,1962-1963,184
TS1638,1962-1963,182
TS1638,1962-1963,179
TS1638,1962-1963,178
TS1638,1962-1963,176
TS1638,1962-1963,175
TS1639,1962-1963,182
TS1639,1962-1963,178
TS1639,1962-1963,175
TS1656,1962-1963,184
TS1656,1962-1963,182
TS1656,1962-1963,179
TS1656,1962-1963,178
TS1656,1962-1963,176
TS1657,1962-1963,182
TS1657,1962-1963,178
TS1657,1962-1963,176
TS1657,1962-1963,174
TS1663,1962-1963,182
TS1663,1962-1963,178
TS1663,1962-1963,176
TS1663,1962-1963,175
TS1663,1962-1963,174
TS1664,1962-1963,182
TS1664,1962-1963,181
TS1664,1962-1963,179
TS1664,1962-1963,177
TS1664,1962-1963,176
TS1664,1962-1963,175
TS1664,1962-1963,174
TS1699,1962-1963,178
TS1699,1962-1963,177
TS1699,1962-1963,176
TS1699,1962-1963,175
TS1700,1962-1963,178
TS1700,1962-1963,177
TS1700,1962-1963,176
TS1700,1962-1963,175
TS1702,1962-1963,178
TS1702,1962-1963,176
TS1702,1962-1963,175
TS1702,1962-1963,174
TS1705,1962-1963,182
TS1705,1962-1963,181
TS1705,1962-1963,178
TS1705,1962-1963,176
TS1705,1962-1963,175
TS1705,1962-1963,174
TS1722,1962-1963,178
TS1722,1962-1963,176
TS1722,1962-1963,175
TS1722,1962-1963,173
TS1723,1962-1963,181
TS1723,1962-1963,178
TS1723,1962-1963,176
TS1723,1962-1963,175
TS1723,1962-1963,174
TS1723,1962-1963,172
TS1732,1962-1963,181
TS1732,1962-1963,176
TS1732,1962-1963,175
TS1732,1962-1963,174
TS1745,1962-1963,181
TS1745,1962-1963,180
TS1745,1962-1963,178
TS1745,1962-1963,176
TS1745,1962-1963,175
TS1745,1962-1963,174
TS1745,1962-1963,173
TS1746,1962-1963,178
TS1746,1962-1963,176
TS1746,1962-1963,175
TS1746,1962-1963,173
TS1763,1962-1963,178
TS1763,1962-1963,177
TS1763,1962-1963,176
TS1764,1962-1963,182
TS1764,1962-1963,178
TS1764,1962-1963,177
TS1764,1962-1963,176
TS1765,1962-1963,178
TS1765,1962-1963,177
TS1765,1962-1963,176
TS1765,1962-1963,174
TS1770,1962-1963,182
TS1770,1962-1963,181
TS1770,1962-1963,180
TS1770,1962-1963,176
TS1770,1962-1963,175
TS1772,1962-1963,182
TS1772,1962-1963,181
TS1772,1962-1963,180
TS1772,1962-1963,178
TS1772,1962-1963,176
TS1772,1962-1963,174
TS1778,1962-1963,182
TS1778,1962-1963,178
TS1778,1962-1963,177
TS1778,1962-1963,176
TS1778,1962-1963,175
TS1778,1962-1963,174
TS1779,1962-1963,182
TS1779,1962-1963,178
TS1779,1962-1963,177
TS1779,1962-1963,176
TS1779,1962-1963,175
TS1779,1962-1963,174
TS1792,1962-1963,178
TS1792,1962-1963,177
TS1792,1962-1963,176
TS1793,1962-1963,178
TS1793,1962-1963,177
TS1793,1962-1963,176
TS1796,1962-1963,181
TS1796,1962-1963,179
TS1796,1962-1963,178
TS1796,1962-1963,176
TS1796,1962-1963,174
TS1796,1962-1963,172
TS1808,1962-1963,182
TS1808,1962-1963,181
TS1808,1962-1963,178
TS1808,1962-1963,176
TS1808,1962-1963,175
TS1809,1962-1963,182
TS1809,1962-1963,181
TS1809,1962-1963,178
TS1809,1962-1963,176
TS1809,1962-1963,175
TS1817,1962-1963,184
TS1817,1962-1963,182
TS1817,1962-1963,178
TS1817,1962-1963,176
TS1817,1962-1963,175
TS1821,1962-1963,184
TS1821,1962-1963,182
TS1821,1962-1963,178
TS1821,1962-1963,177
TS1821,1962-1963,176
TS1822,1962-1963,184
TS1822,1962-1963,182
TS1822,1962-1963,178
TS1822,1962-1963,177
TS1822,1962-1963,176
TS1825,1962-1963,182
TS1825,1962-1963,181
TS1825,1962-1963,179
TS1825,1962-1963,178
TS1825,1962-1963,176
TS1825,1962-1963,175
TS1825,1962-1963,174
TS1825,1962-1963,172
TS1826,1962-1963,182
TS1826,1962-1963,178
TS1826,1962-1963,176
TS1826,1962-1963,175
TS1827,1962-1963,182
TS1827,1962-1963,178
TS1827,1962-1963,176
TS1827,1962-1963,175
TS1827,1962-1963,170
TS1830,1962-1963,182
TS1830,1962-1963,178
TS1830,1962-1963,176
TS1830,1962-1963,175
TS1830,1962-1963,174
TS1831,1962-1963,182
TS1831,1962-1963,181
TS1831,1962-1963,178
TS1831,1962-1963,176
TS1831,1962-1963,175
TS1842,1962-1963,182
TS1842,1962-1963,178
TS1842,1962-1963,177
TS1842,1962-1963,176
TS1842,1962-1963,175
TS1842,1962-1963,172
TS1842,1962-1963,170
TS1843,1962-1963,182
TS1843,1962-1963,178
TS1843,1962-1963,176
TS1843,1962-1963,175
TS1843,1962-1963,172
TS1843,1962-1963,170
TS1845,1962-1963,179
TS1845,1962-1963,178
TS1845,1962-1963,176
TS1845,1962-1963,172
TS1846,1962-1963,178
TS1846,1962-1963,176
TS1847,1962-1963,178
TS1847,1962-1963,176
TS1847,1962-1963,175
TS1860,1962-1963,184
TS1860,1962-1963,179
TS1860,1962-1963,178
TS1860,1962-1963,176
TS1860,1962-1963,175
TS1863,1962-1963,184
TS1863,1962-1963,182
TS1863,1962-1963,178
TS1863,1962-1963,177
TS1863,1962-1963,176
TS1863,1962-1963,174
TS2234,1962-1963,182
TS2234,1962-1963,176
TS2234,1962-1963,175
TS2234,1962-1963,174
TS2234,1962-1963,173
TS2234,1962-1963,172
TS2234,1962-1963,171
TS0001,1963-1964,182
TS0002,1963-1964,182
TS0004,1963-1964,182
TS0006,1963-1964,182
TS0007,1963-1964,182
TS0013,1963-1964,179
TS0014,1963-1964,179
TS0016,1963-1964,179
TS0019,1963-1964,182
TS0020,1963-1964,182
TS0025,1963-1964,181
TS0026,1963-1964,179
TS0028,1963-1964,174
TS0030,1963-1964,176
TS0032,1963-1964,179
TS0034,1963-1964,182
TS0035,1963-1964,182
TS0036,1963-1964,189
TS0073,1963-1964,163
TS0074,1963-1964,166
TS0076,1963-1964,164
TS0078,1963-1964,161
TS0079,1963-1964,163
TS0081,1963-1964,167
TS0081,1963-1964,166
TS0081,1963-1964,163
TS0084,1963-1964,168
TS0084,1963-1964,166
TS0084,1963-1964,163
TS0084,1963-1964,161
TS0088,1963-1964,168
TS0088,1963-1964,166
TS0088,1963-1964,163
TS0088,1963-1964,161
TS0091,1963-1964,166
TS0091,1963-1964,163
TS0091,1963-1964,161
TS0092,1963-1964,168
TS0092,1963-1964,166
TS0092,1963-1964,163
TS0094,1963-1964,168
TS0094,1963-1964,167
TS0094,1963-1964,166
TS0094,1963-1964,163
TS0095,1963-1964,166
TS0095,1963-1964,163
TS0095,1963-1964,161
TS0098,1963-1964,166
TS0098,1963-1964,163
TS0098,1963-1964,161
TS0099,1963-1964,166
TS0099,1963-1964,163
TS0100,1963-1964,166
TS0100,1963-1964,163
TS0100,1963-1964,161
TS0102,1963-1964,167
TS0102,1963-1964,166
TS0102,1963-1964,163
TS0102,1963-1964,161
TS0111,1963-1964,167
TS0111,1963-1964,166
TS0111,1963-1964,163
TS0112,1963-1964,166
TS0112,1963-1964,163
TS0112,1963-1964,161
TS0113,1963-1964,168
TS0113,1963-1964,166
TS0113,1963-1964,163
TS0116,1963-1964,166
TS0116,1963-1964,163
TS0116,1963-1964,161
TS0116,1963-1964,159
TS0117,1963-1964,166
TS0117,1963-1964,161
TS0117,1963-1964,159
TS0121,1963-1964,166
TS0121,1963-1964,163
TS0121,1963-1964,161
TS0121,1963-1964,159
TS0123,1963-1964,166
TS0123,1963-1964,163
TS0123,1963-1964,161
TS0125,1963-1964,167
TS0125,1963-1964,163
TS0125,1963-1964,161
TS0125,1963-1964,159
TS0131,1963-1964,166
TS0131,1963-1964,163
TS0131,1963-1964,161
TS0136,1963-1964,166
TS0136,1963-1964,163
TS0136,1963-1964,161
TS0137,1963-1964,163
TS0137,1963-1964,161
TS0140,1963-1964,168
TS0140,1963-1964,167
TS0140,1963-1964,163
TS0141,1963-1964,167
TS0141,1963-1964,166
TS0141,1963-1964,163
TS0142,1963-1964,166
TS0142,1963-1964,163
TS0144,1963-1964,167
TS0144,1963-1964,166
TS0144,1963-1964,163
TS0146,1963-1964,167
TS0146,1963-1964,166
TS0146,1963-1964,163
TS0148,1963-1964,167
TS0148,1963-1964,166
TS0148,1963-1964,163
TS0149,1963-1964,166
TS0149,1963-1964,163
TS0152,1963-1964,163
TS0152,1963-1964,159
TS0965,1963-1964,166
TS1022,1963-1964,166
TS1025,1963-1964,166
TS1060,1963-1964,166
TS1110,1963-1964,167
TS1122,1963-1964,166
TS1143,1963-1964,166
TS1201,1963-1964,170
TS1201,1963-1964,168
TS1201,1963-1964,167
TS1201,1963-1964,166
TS1201,1963-1964,163
TS1202,1963-1964,175
TS1202,1963-1964,170
TS1202,1963-1964,169
TS1202,1963-1964,168
TS1202,1963-1964,166
TS1202,1963-1964,163
TS1256,1963-1964,170
TS1256,1963-1964,167
TS1256,1963-1964,166
TS1286,1963-1964,168
TS1286,1963-1964,166
TS1286,1963-1964,164
TS1288,1963-1964,170
TS1288,1963-1964,168
TS1288,1963-1964,167
TS1288,1963-1964,166
TS1288,1963-1964,164
TS1288,1963-1964,163
TS1289,1963-1964,168
TS1289,1963-1964,167
TS1289,1963-1964,166
TS1289,1963-1964,164
TS1289,1963-1964,163
TS1289,1963-1964,160
TS1297,1963-1964,170
TS1297,1963-1964,168
TS1297,1963-1964,167
TS1297,1963-1964,166
TS1297,1963-1964,164
TS1297,1963-1964,160
TS1303,1963-1964,170
TS1303,1963-1964,166
TS1303,1963-1964,164
TS1303,1963-1964,163
TS1303,1963-1964,161
TS1307,1963-1964,169
TS1307,1963-1964,168
TS1307,1963-1964,166
TS1307,1963-1964,164
TS1307,1963-1964,161
TS1316,1963-1964,167
TS1316,1963-1964,166
TS1316,1963-1964,164
TS0001,1964-1965,193
TS0002,1964-1965,195
TS0004,1964-1965,189
TS0006,1964-1965,192
TS0007,1964-1965,192
TS0013,1964-1965,192
TS0014,1964-1965,192
TS0016,1964-1965,192
TS0019,1964-1965,195
TS0020,1964-1965,191
TS0025,1964-1965,192
TS0026,1964-1965,191
TS0028,1964-1965,189
TS0030,1964-1965,191
TS0032,1964-1965,193
TS0034,1964-1965,192
TS0035,1964-1965,193
TS0036,1964-1965,195
TS0155,1964-1965,173
TS0156,1964-1965,172
TS0157,1964-1965,176
TS0159,1964-1965,172
TS0160,1964-1965,176
TS0164,1964-1965,174
TS0166,1964-1965,173
TS0172,1964-1965,173
TS0174,1964-1965,173
TS0177,1964-1965,176
TS0178,1964-1965,172
TS0179,1964-1965,173
TS0180,1964-1965,173
TS0181,1964-1965,174
TS0183,1964-1965,174
TS0225,1964-1965,176
TS0225,1964-1965,175
TS0225,1964-1965,174
TS0225,1964-1965,173
TS0225,1964-1965,172
TS0241,1964-1965,176
TS0241,1964-1965,175
TS0241,1964-1965,174
TS0241,1964-1965,173
TS0241,1964-1965,172
TS0241,1964-1965,171
TS0241,1964-1965,170
TS0242,1964-1965,176
TS0242,1964-1965,174
TS0242,1964-1965,173
TS0242,1964-1965,172
TS0242,1964-1965,171
TS0242,1964-1965,170
TS0258,1964-1965,175
TS0258,1964-1965,174
TS0258,1964-1965,173
TS0258,1964-1965,172
TS0265,1964-1965,176
TS0265,1964-1965,175
TS0265,1964-1965,174
TS0265,1964-1965,173
TS0265,1964-1965,172
TS0286,1964-1965,175
TS0286,1964-1965,174
TS0286,1964-1965,173
TS0286,1964-1965,172
TS0286,1964-1965,171
TS0288,1964-1965,176
TS0288,1964-1965,175
TS0288,1964-1965,174
TS0288,1964-1965,173
TS0288,1964-1965,172
TS0288,1964-1965,171
TS0289,1964-1965,176
TS0289,1964-1965,175
TS0289,1964-1965,174
TS0289,1964-1965,173
TS0289,1964-1965,170
TS0294,1964-1965,176
TS0294,1964-1965,175
TS0294,1964-1965,173
TS0294,1964-1965,171
TS0294,1964-1965,170
TS0310,1964-1965,175
TS0310,1964-1965,174
TS0310,1964-1965,172
TS0310,1964-1965,170
TS0325,1964-1965,175
TS0325,1964-1965,174
TS0325,1964-1965,173
TS0325,1964-1965,172
TS0325,1964-1965,171
TS0337,1964-1965,176
TS0337,1964-1965,175
TS0337,1964-1965,174
TS0337,1964-1965,173
TS0337,1964-1965,172
TS0337,1964-1965,171
TS0347,1964-1965,176
TS0347,1964-1965,175
TS0347,1964-1965,174
TS0347,1964-1965,173
TS0347,1964-1965,172
TS0347,1964-1965,170
TS0350,1964-1965,176
TS0350,1964-1965,175
TS0350,1964-1965,174
TS0350,1964-1965,173
TS0350,1964-1965,171
TS0350,1964-1965,168
TS0371,1964-1965,177
TS0371,1964-1965,175
TS0371,1964-1965,174
TS0371,1964-1965,173
TS0371,1964-1965,171
TS0380,1964-1965,176
TS0380,1964-1965,175
TS0380,1964-1965,174
TS0380,1964-1965,173
TS0380,1964-1965,172
TS0380,1964-1965,171
TS0380,1964-1965,169
TS0431,1964-1965,175
TS0431,1964-1965,174
TS0431,1964-1965,173
TS0431,1964-1965,172
TS0431,1964-1965,171
TS0431,1964-1965,169
TS0436,1964-1965,177
TS0436,1964-1965,175
TS0436,1964-1965,174
TS0436,1964-1965,173
TS0436,1964-1965,172
TS0436,1964-1965,171
TS0437,1964-1965,175
TS0437,1964-1965,174
TS0437,1964-1965,173
TS0437,1964-1965,172
TS0437,1964-1965,171
TS0439,1964-1965,175
TS0439,1964-1965,174
TS0439,1964-1965,173
TS0439,1964-1965,172
TS0439,1964-1965,171
TS0461,1964-1965,176
TS0461,1964-1965,175
TS0461,1964-1965,174
TS0461,1964-1965,173
TS0461,1964-1965,172
TS0461,1964-1965,171
TS0483,1964-1965,175
TS0483,1964-1965,174
TS0483,1964-1965,173
TS0483,1964-1965,171
TS0498,1964-1965,175
TS0498,1964-1965,174
TS0498,1964-1965,173
TS0498,1964-1965,172
TS0498,1964-1965,171
TS0499,1964-1965,179
TS0499,1964-1965,175
TS0499,1964-1965,174
TS0499,1964-1965,173
TS0499,1964-1965,172
TS0499,1964-1965,171
TS0509,1964-1965,179
TS0509,1964-1965,176
TS0509,1964-1965,175
TS0509,1964-1965,174
TS0509,1964-1965,173
TS0509,1964-1965,171
TS0535,1964-1965,173
TS0553,1964-1965,174
TS0555,1964-1965,176
TS0574,1964-1965,176
TS0574,1964-1965,175
TS0574,1964-1965,174
TS0574,1964-1965,173
TS0574,1964-1965,171
TS0574,1964-1965,170
TS0577,1964-1965,176
TS0577,1964-1965,175
TS0577,1964-1965,174
TS0577,1964-1965,173
TS0577,1964-1965,171
TS0577,1964-1965,170
TS0578,1964-1965,176
TS0578,1964-1965,175
TS0578,1964-1965,174
TS0578,1964-1965,173
TS0578,1964-1965,171
TS0578,1964-1965,169
TS0579,1964-1965,176
TS0579,1964-1965,175
TS0579,1964-1965,173
TS0579,1964-1965,172
TS0579,1964-1965,171
TS0580,1964-1965,178
TS0580,1964-1965,176
TS0580,1964-1965,175
TS0580,1964-1965,174
TS0580,1964-1965,173
TS0580,1964-1965,171
TS0587,1964-1965,175
TS0587,1964-1965,174
TS0587,1964-1965,173
TS0587,1964-1965,171
TS0622,1964-1965,175
TS0622,1964-1965,174
TS0622,1964-1965,173
TS0622,1964-1965,171
TS0623,1964-1965,175
TS0623,1964-1965,173
TS0623,1964-1965,171
TS0634,1964-1965,175
TS0634,1964-1965,174
TS0634,1964-1965,173
TS0634,1964-1965,169
TS0635,1964-1965,175
TS0635,1964-1965,174
TS0635,1964-1965,173
TS0635,1964-1965,169
TS0638,1964-1965,176
TS0638,1964-1965,175
TS0638,1964-1965,174
TS0638,1964-1965,173
TS0638,1964-1965,171
TS0645,1964-1965,176
TS0645,1964-1965,175
TS0645,1964-1965,174
TS0645,1964-1965,173
TS0645,1964-1965,171
TS0646,1964-1965,176
TS0646,1964-1965,175
TS0646,1964-1965,174
TS0646,1964-1965,173
TS0646,1964-1965,171
TS0655,1964-1965,177
TS0655,1964-1965,175
TS0655,1964-1965,174
TS0655,1964-1965,173
TS0942,1964-1965,178
TS0942,1964-1965,176
TS0942,1964-1965,175
TS0942,1964-1965,174
TS0942,1964-1965,173
TS0942,1964-1965,172
TS1527,1964-1965,175
TS1543,1964-1965,172
TS1547,1964-1965,173
TS1548,1964-1965,173
TS1549,1964-1965,174
TS1571,1964-1965,173
TS1573,1964-1965,175
TS1586,1964-1965,176
TS1586,1964-1965,175
TS1586,1964-1965,174
TS1586,1964-1965,173
TS1586,1964-1965,172
TS1592,1964-1965,178
TS1592,1964-1965,176
TS1592,1964-1965,175
TS1592,1964-1965,174
TS1592,1964-1965,173
TS1593,1964-1965,176
TS1593,1964-1965,175
TS1593,1964-1965,173
TS1593,1964-1965,172
TS1594,1964-1965,175
TS1594,1964-1965,174
TS1594,1964-1965,173
TS1600,1964-1965,176
TS1600,1964-1965,175
TS1600,1964-1965,174
TS1600,1964-1965,173
TS1600,1964-1965,172
TS1603,1964-1965,176
TS1603,1964-1965,175
TS1603,1964-1965,174
TS1603,1964-1965,173
TS1603,1964-1965,172
TS1614,1964-1965,176
TS1614,1964-1965,175
TS1614,1964-1965,174
TS1614,1964-1965,173
TS1616,1964-1965,176
TS1616,1964-1965,175
TS1616,1964-1965,174
TS1616,1964-1965,173
TS1630,1964-1965,175
TS1630,1964-1965,174
TS1630,1964-1965,173
TS1635,1964-1965,176
TS1635,1964-1965,175
TS1635,1964-1965,174
TS1635,1964-1965,173
TS1635,1964-1965,172
TS1638,1964-1965,176
TS1638,1964-1965,175
TS1638,1964-1965,173
TS1638,1964-1965,172
TS1639,1964-1965,176
TS1639,1964-1965,174
TS1639,1964-1965,173
TS1656,1964-1965,175
TS1656,1964-1965,173
TS1656,1964-1965,172
TS1657,1964-1965,174
TS1657,1964-1965,173
TS1657,1964-1965,172
TS1663,1964-1965,175
TS1663,1964-1965,174
TS1663,1964-1965,173
TS1663,1964-1965,172
TS1664,1964-1965,176
TS1664,1964-1965,175
TS1664,1964-1965,174
TS1664,1964-1965,173
TS1664,1964-1965,172
TS1699,1964-1965,175
TS1699,1964-1965,174
TS1699,1964-1965,173
TS1699,1964-1965,172
TS1700,1964-1965,175
TS1700,1964-1965,174
TS1700,1964-1965,173
TS1700,1964-1965,172
TS1702,1964-1965,176
TS1702,1964-1965,175
TS1702,1964-1965,174
TS1702,1964-1965,173
TS1705,1964-1965,177
TS1705,1964-1965,176
TS1705,1964-1965,175
TS1705,1964-1965,174
TS1705,1964-1965,173
TS1705,1964-1965,172
TS1722,1964-1965,175
TS1722,1964-1965,174
TS1722,1964-1965,173
TS1722,1964-1965,172
TS1723,1964-1965,175
TS1723,1964-1965,174
TS1723,1964-1965,173
TS1723,1964-1965,172
TS1732,1964-1965,175
TS1732,1964-1965,174
TS1732,1964-1965,173
TS1732,1964-1965,172
TS1745,1964-1965,175
TS1745,1964-1965,174
TS1745,1964-1965,173
TS1745,1964-1965,172
TS1746,1964-1965,175
TS1746,1964-1965,174
TS1746,1964-1965,173
TS1746,1964-1965,172
TS1763,1964-1965,176
TS1763,1964-1965,175
TS1763,1964-1965,174
TS1763,1964-1965,173
TS1764,1964-1965,176
TS1764,1964-1965,175
TS1764,1964-1965,174
TS1764,1964-1965,173
TS1764,1964-1965,172
TS1765,1964-1965,176
TS1765,1964-1965,175
TS1765,1964-1965,174
TS1765,1964-1965,173
TS1770,1964-1965,177
TS1770,1964-1965,175
TS1770,1964-1965,174
TS1770,1964-1965,173
TS1770,1964-1965,172
TS1772,1964-1965,175
TS1772,1964-1965,174
TS1772,1964-1965,173
TS1778,1964-1965,176
TS1778,1964-1965,175
TS1778,1964-1965,174
TS1778,1964-1965,173
TS1778,1964-1965,172
TS1779,1964-1965,175
TS1779,1964-1965,174
TS1779,1964-1965,173
TS1779,1964-1965,172
TS1792,1964-1965,175
TS1792,1964-1965,174
TS1792,1964-1965,173
TS1793,1964-1965,175
TS1793,1964-1965,174
TS1793,1964-1965,173
TS1796,1964-1965,177
TS1796,1964-1965,175
TS1796,1964-1965,174
TS1796,1964-1965,173
TS1796,1964-1965,172
TS1808,1964-1965,176
TS1808,1964-1965,175
TS1808,1964-1965,174
TS1808,1964-1965,173
TS1808,1964-1965,172
TS1809,1964-1965,175
TS1809,1964-1965,174
TS1809,1964-1965,173
TS1809,1964-1965,172
TS1817,1964-1965,176
TS1817,1964-1965,175
TS1817,1964-1965,174
TS1817,1964-1965,173
TS1821,1964-1965,176
TS1821,1964-1965,175
TS1821,1964-1965,174
TS1821,1964-1965,173
TS1822,1964-1965,176
TS1822,1964-1965,175
TS1822,1964-1965,174
TS1822,1964-1965,173
TS1825,1964-1965,174
TS1825,1964-1965,173
TS1825,1964-1965,172
TS1826,1964-1965,176
TS1826,1964-1965,175
TS1826,1964-1965,174
TS1826,1964-1965,173
TS1826,1964-1965,172
TS1827,1964-1965,176
TS1827,1964-1965,174
TS1827,1964-1965,173
TS1827,1964-1965,172
TS1830,1964-1965,174
TS1830,1964-1965,173
TS1831,1964-1965,174
TS1831,1964-1965,173
TS1842,1964-1965,176
TS1842,1964-1965,175
TS1842,1964-1965,174
TS1842,1964-1965,173
TS1842,1964-1965,172
TS1843,1964-1965,176
TS1843,1964-1965,175
TS1843,1964-1965,174
TS1843,1964-1965,173
TS1843,1964-1965,172
TS1845,1964-1965,177
TS1845,1964-1965,176
TS1845,1964-1965,175
TS1845,1964-1965,174
TS1845,1964-1965,173
TS1845,1964-1965,172
TS1846,1964-1965,177
TS1846,1964-1965,176
TS1846,1964-1965,175
TS1846,1964-1965,173
TS1846,1964-1965,172
TS1847,1964-1965,177
TS1847,1964-1965,176
TS1847,1964-1965,173
TS1847,1964-1965,172
TS1860,1964-1965,175
TS1860,1964-1965,174
TS1860,1964-1965,173
TS1860,1964-1965,172
TS1863,1964-1965,177
TS1863,1964-1965,176
TS1863,1964-1965,175
TS1863,1964-1965,174
TS1863,1964-1965,173
TS1863,1964-1965,172
TS2234,1964-1965,178
TS2234,1964-1965,176
TS2234,1964-1965,175
TS2234,1964-1965,174
TS2234,1964-1965,173
TS2082,1989-1990,156
TS2090,1989-1990,155
TS2108,1989-1990,156
TS2220,1989-1990,156
TS2223,1989-1990,157
TS2226,1989-1990,157
TS2245,1989-1990,154
TS2025,1990-1991,165
TS2045,1990-1991,165
TS2082,1990-1991,166
TS2083,1990-1991,168
TS2085,1990-1991,169
TS2090,1990-1991,164
TS2108,1990-1991,165
TS2220,1990-1991,169
TS2223,1990-1991,168
TS2226,1990-1991,170
TS2245,1990-1991,166
TS2248,1990-1991,165
TS2025,1991-1992,158
TS2045,1991-1992,159
TS2082,1991-1992,158
TS2083,1991-1992,160
TS2085,1991-1992,159
TS2090,1991-1992,154
TS2108,1991-1992,155
TS2220,1991-1992,157
TS2223,1991-1992,158
TS2226,1991-1992,158
TS2245,1991-1992,158
TS2248,1991-1992,158
TS2025,1992-1993,153
TS2045,1992-1993,154
TS2045,1992-1993,153
TS2083,1992-1993,154
TS2085,1992-1993,153
TS2108,1992-1993,150
TS2220,1992-1993,154
TS2223,1992-1993,154
TS2226,1992-1993,154
TS2245,1992-1993,152
TS2317,1992-1993,157
TS2320,1992-1993,151
TS2324,1992-1993,148
TS2325,1992-1993,152
TS2328,1992-1993,145
TS2329,1992-1993,146
TS2330,1992-1993,154
TS2332,1992-1993,145
TS2338,1992-1993,144
TS2025,1993-1994,163
TS2045,1993-1994,164
TS2045,1993-1994,163
TS2083,1993-1994,165
TS2085,1993-1994,164
TS2085,1993-1994,159
TS2223,1993-1994,164
TS2245,1993-1994,159
TS2317,1993-1994,166
TS2320,1993-1994,158
TS2324,1993-1994,157
TS2325,1993-1994,160
TS2328,1993-1994,152
TS2329,1993-1994,153
TS2330,1993-1994,163
TS2332,1993-1994,152
TS2338,1993-1994,151
TS2339,1993-1994,153
TS2340,1993-1994,153
TS2342,1993-1994,158
TS2344,1993-1994,151
TS2025,1994-1995,154
TS2045,1994-1995,155
TS2083,1994-1995,157
TS2085,1994-1995,154
TS2245,1994-1995,153
TS2317,1994-1995,157
TS2320,1994-1995,151
TS2328,1994-1995,147
TS2329,1994-1995,147
TS2338,1994-1995,146
TS2339,1994-1995,149
TS2340,1994-1995,148
TS2342,1994-1995,152
TS2344,1994-1995,145
TS2025,1995-1996,158
TS2045,1995-1996,158
TS2083,1995-1996,159
TS2085,1995-1996,159
TS2245,1995-1996,157
TS2320,1995-1996,154
TS2339,1995-1996,151
TS2340,1995-1996,150
TS2342,1995-1996,155
TS2344,1995-1996,147
TS2025,1996-1997,158
TS2045,1996-1997,158
TS2083,1996-1997,160
TS2085,1996-1997,158
TS2245,1996-1997,158
TS2365,1996-1997,158
TS2025,1997-1998,156
TS2045,1997-1998,156
TS2083,1997-1998,156
TS2085,1997-1998,157
TS2245,1997-1998,154
TS2365,1997-1998,156
