genotype,days_to_heading_BLUE,plant_height_BLUE,thousand_kernel_weight_BLUE,powdery_mildew_BLUE,leaf_rust_BLUE,septoria_tritici_ssp_BLUE,protein_content_BLUE,sds_sedimentation_volume_BLUE
TA00001,126.22,67.69,39.33,2.76,2.61,3.38,13.16,44.75
TA00002,124.81,66.66,26.82,1.17,1.89,3.28,14.32,44.21
TA00003,123.82,64.05,NA,4.53,3.66,NA,NA,NA
TA00004,123.23,68.51,NA,1.97,2,3.54,NA,NA
TA00005,123.03,97.52,37.58,1.48,3.56,3.1,14.4,57.05
TA00006,127.09,77.64,34.15,1.17,2.66,3.22,13.03,45.18
TA00007,124.23,112.7,NA,0.1,2.74,3.08,NA,NA
TA00008,136.38,78.12,NA,0.85,2,3.08,NA,NA
TA00009,133.54,67.96,NA,3.48,2.85,3.08,NA,NA
TA00010,127.54,61.4,NA,0.1,0.21,3.31,NA,NA
TA00011,130.35,56.74,NA,1.38,3.03,NA,NA,NA
TA00012,124.6,59.87,33.38,2.19,2.3,3.13,13.9,41.44
TA00013,128.96,55.58,NA,0.1,2,3.31,NA,NA
TA00014,NA,NA,NA,NA,NA,NA,NA,NA
TA00015,NA,56.4,NA,NA,NA,NA,NA,NA
TA00016,130.5,74.75,38.01,-0.74,1.53,2.74,14.87,59.85
TA00017,122.38,97.23,NA,0.1,4.11,3.31,NA,NA
TA00018,129.07,131.24,NA,2.1,3.48,4.63,NA,NA
TA00019,121.8,71.62,NA,1.97,2.63,3.31,NA,NA
TA00020,123.65,85.07,NA,0.1,2.11,2.86,NA,NA
TA00021,NA,99.54,NA,NA,NA,NA,NA,NA
TA00022,124.8,60.42,NA,NA,NA,NA,NA,NA
TA00023,121.22,113.08,NA,0.1,3.49,2.86,NA,NA
TA00024,122.44,105.67,NA,3.09,2.6,2.86,NA,NA
TA00025,121.8,102.15,NA,3.35,2.11,3.08,NA,NA
TA00026,133.23,112.49,NA,5.23,0.74,2.63,NA,NA
TA00027,125.23,103.37,NA,3.48,2.74,3.08,NA,NA
TA00028,123.99,93.78,38.4,1.83,2.95,3.2,14.59,46.55
TA00029,125.52,96.43,38.66,1.03,0.85,3.14,16.17,43.64
TA00030,123.45,98.46,39.54,1.56,1.76,2.96,14.35,43.28
TA00031,124.22,97.33,NA,2.64,1.59,3.08,NA,NA
TA00032,NA,72.19,NA,NA,NA,NA,NA,NA
TA00033,130.96,61.91,NA,NA,NA,NA,NA,NA
TA00034,127.69,69,NA,0.85,1.48,2.86,NA,NA
TA00035,140.91,98.42,NA,2.1,0.74,2.86,NA,NA
TA00036,NA,NA,NA,NA,NA,NA,NA,NA
TA00037,NA,NA,NA,NA,NA,NA,NA,NA
TA00038,121.91,91.98,NA,0.1,2,3.08,NA,NA
TA00039,122.07,84.35,NA,1.97,2,3.08,NA,NA
TA00040,126.16,113.27,43.67,2.19,0.54,3.13,16.06,46.44
TA00041,143.09,125.47,NA,2.1,2.06,3.08,NA,NA
TA00042,NA,102.15,NA,NA,NA,NA,NA,NA
TA00043,138.22,123.61,NA,2.1,1.62,2.86,NA,NA
TA00044,130.74,71.54,34.32,NA,3.18,3.11,13.21,60.63
TA00045,NA,79.71,NA,NA,NA,NA,NA,NA
TA00047,123.65,88.07,NA,NA,NA,NA,NA,NA
TA00048,123.55,100.04,40.18,1.48,2.25,3.14,14.7,49.1
TA00049,117.86,115.79,44.69,1.17,2.37,3.17,16.54,37.21
TA00050,117.44,117.38,47.48,1.92,3.45,2.93,16.56,36.65
TA00051,117.93,117.92,46.24,1.51,3.48,3.06,16.81,35.73
TA00052,124.24,86.85,41.13,1.37,2.43,3.04,15.47,49.59
TA00053,121.22,99.82,NA,-0.45,1.04,3.08,NA,NA
TA00054,NA,NA,NA,NA,NA,NA,NA,NA
TA00055,123.81,83.42,38.47,NA,2.8,2.26,13.54,35.41
TA00056,125.8,103.35,NA,0.85,1.37,3.08,NA,NA
TA00057,121.43,91.45,35.05,1.56,2.04,3.15,16.56,35.84
TA00058,121.24,87.9,32.68,2.67,1.86,3.27,15.97,50.19
TA00059,121.55,87.83,34.31,1.83,1.25,3.27,16.59,34.87
TA00060,121.91,89.5,33.65,2.62,1.48,3.11,16.64,37.97
TA00061,123.05,90.46,35.04,2.02,2.01,3.11,16.13,38.07
TA00062,128.48,92.99,NA,4.38,0.95,3.08,NA,NA
TA00063,NA,75.19,NA,NA,NA,NA,NA,NA
TA00064,124.39,69.3,37.53,NA,2.42,2.95,13.85,44.55
TA00065,121.34,66.27,NA,1.35,2.11,3.08,NA,NA
TA00066,123.07,65.89,NA,0.1,2.11,3.08,NA,NA
TA00067,122.7,63.59,NA,1.6,1.37,3.08,NA,NA
TA00068,NA,55.76,NA,NA,NA,NA,NA,NA
TA00069,NA,NA,NA,NA,NA,NA,NA,NA
TA00070,127.11,69.25,NA,1.35,1.37,3.08,NA,NA
TA00071,123.8,103.28,NA,4.1,1.37,3.31,NA,NA
TA00072,122.91,60.25,NA,NA,NA,NA,NA,NA
TA00073,NA,80.45,NA,NA,NA,NA,NA,NA
TA00074,NA,81.67,NA,NA,NA,NA,NA,NA
TA00075,121.91,59.25,NA,NA,NA,NA,NA,NA
TA00076,127.07,69.58,NA,NA,NA,NA,NA,NA
TA00077,138.8,91.72,NA,0.1,2.11,3.08,NA,NA
TA00078,126.36,61.85,33.05,1.51,-0.27,4.62,14.56,54.41
TA00079,129.8,64.58,NA,NA,NA,NA,NA,NA
TA00080,126.54,55.82,NA,0.1,-0.52,4.63,NA,NA
TA00081,126.65,65.18,34.96,1.92,2.36,4.58,13.39,50.72
TA00082,122.91,62.08,NA,NA,NA,NA,NA,NA
TA00083,133.6,78.22,NA,0.1,2.5,2.86,NA,NA
TA00084,128.54,68.58,NA,NA,NA,NA,NA,NA
TA00085,129.38,75.25,NA,1.35,2.11,3.08,NA,NA
TA00086,151.22,99.71,NA,2.64,0.98,2.86,NA,NA
TA00087,124.65,108.46,NA,2.1,2.16,4.63,NA,NA
TA00088,132.49,115.61,NA,0.1,0.74,2.86,NA,NA
TA00089,124.23,68.11,NA,0.1,2.11,3.31,NA,NA
TA00090,NA,90.28,NA,NA,NA,NA,NA,NA
TA00091,NA,89.02,NA,NA,NA,NA,NA,NA
TA00092,NA,92.19,NA,NA,NA,NA,NA,NA
TA00093,123.22,102.14,39.47,1.68,2.3,3.09,14.5,28.44
TA00094,124.58,106.39,40.37,2.88,2.08,2.97,15.16,55.21
TA00095,124.2,101.58,41.71,2.47,2.55,3.33,15.48,52.07
TA00096,134.55,113.32,36.72,1.74,1.13,3.06,14.42,61.91
TA00097,124.71,100.07,41.28,1.27,2.29,3.04,15.09,54.04
TA00098,124.53,102.97,NA,2.19,2.7,3.31,NA,NA
TA00099,125.22,91.66,NA,2.1,2.41,3.31,NA,NA
TA00100,128.79,59.21,NA,3.46,0.95,3.08,NA,NA
TA00101,123.05,105.38,NA,1.11,0.95,3.08,NA,NA
TA00102,123.05,95.92,NA,1,2.13,3.31,NA,NA
TA00103,NA,105.84,NA,NA,NA,NA,NA,NA
TA00104,NA,122.45,NA,NA,NA,NA,NA,NA
TA00105,NA,121.98,NA,NA,NA,NA,NA,NA
TA00106,127.11,63.08,NA,NA,NA,NA,NA,NA
TA00107,NA,NA,NA,NA,NA,NA,NA,NA
TA00108,126.13,81.19,NA,0.9,3.24,3.08,NA,NA
TA00109,127.71,80.81,NA,2.2,2.95,3.31,NA,NA
TA00110,126.48,107.84,NA,2.01,-0.67,3.08,NA,NA
TA00111,136.38,127.95,NA,1.97,3.48,3.08,NA,NA
TA00112,116.2,82.94,36.39,2.86,2.52,3.49,17.79,41.35
TA00113,118.96,85.54,NA,2.73,2.11,3.31,NA,NA
TA00114,122.49,99.88,NA,5.23,3.32,3.31,NA,NA
TA00115,131.07,92.35,NA,3.98,2.11,3.08,NA,NA
TA00116,134.23,108.12,NA,1.97,0.74,2.86,NA,NA
TA00117,130.96,88.43,NA,5.98,0.21,3.08,NA,NA
TA00118,123.42,68.56,31.44,NA,0.42,3.23,14.07,42.88
TA00119,123.16,89.45,43.2,1.93,2.38,3.12,14.57,48.06
TA00120,NA,98.71,NA,NA,NA,NA,NA,NA
TA00121,133.8,73.22,NA,1.35,2.11,3.08,NA,NA
TA00122,126.77,57.86,33.94,1.93,2.82,3.19,13.64,51.27
TA00123,122.07,99.59,NA,3.22,1.48,2.86,NA,NA
TA00124,129.65,101.35,NA,1.35,2.11,3.08,NA,NA
TA00125,139.54,84.68,NA,1.97,3.48,3.31,NA,NA
TA00126,125.38,97.02,NA,1.97,2.74,3.31,NA,NA
TA00127,128.69,88.47,NA,2.6,1.37,3.31,NA,NA
TA00128,NA,69.45,NA,NA,NA,NA,NA,NA
TA00129,NA,72.97,NA,NA,NA,NA,NA,NA
TA00130,126.91,109.67,NA,2.6,-0.52,3.08,NA,NA
TA00131,124.65,97.17,NA,6.6,4.11,3.54,NA,NA
TA00132,121.22,105.04,43.23,1.99,1.58,3.57,14.02,37.28
TA00133,137.69,139.72,NA,-0.62,-0.18,NA,NA,NA
TA00134,138.36,136.08,38.81,0.98,1.46,2.78,15.48,38.95
TA00135,135.78,129.38,39.84,1.73,3.13,2.9,13.28,40.61
TA00136,136.18,138.15,NA,0.45,-0.67,2.86,NA,NA
TA00137,135.8,136.37,NA,0.73,-0.52,2.86,NA,NA
TA00138,122.87,106.26,NA,0.99,2.79,3.31,NA,NA
TA00139,135.97,135.42,45.11,1.44,1.98,2.89,15.67,40.4
TA00140,133.01,123.56,43.01,1.69,2.37,3.03,15.21,42.65
TA00141,133.12,133.07,47.71,1.17,2.78,3.06,15.55,37.17
TA00142,122.43,60.82,33.67,1.51,3.27,3.23,13.68,48.88
TA00143,136.8,63.65,NA,1.35,3.48,2.86,NA,NA
TA00144,124.38,57.69,NA,0.1,2.11,3.31,NA,NA
TA00145,125.16,65.26,38.51,0.88,2.87,3.54,13.46,51.48
TA00146,NA,89.19,NA,NA,NA,NA,NA,NA
TA00147,NA,91.41,NA,NA,NA,NA,NA,NA
TA00148,NA,87.19,NA,NA,NA,NA,NA,NA
TA00149,NA,100.32,NA,NA,NA,NA,NA,NA
TA00150,NA,102.37,NA,NA,NA,NA,NA,NA
TA00151,NA,97.8,NA,NA,NA,NA,NA,NA
TA00152,NA,NA,NA,NA,NA,NA,NA,NA
TA00153,127.58,60.6,37.96,1.51,1.7,3.84,13.55,52.56
TA00154,120.91,96.52,NA,3.35,3.48,3.31,NA,NA
TA00155,128.96,105.23,NA,5.98,2.74,3.31,NA,NA
TA00156,125.07,92.99,NA,3.48,4.58,3.31,NA,NA
TA00157,NA,NA,NA,NA,NA,NA,NA,NA
TA00158,127.5,63.05,35.53,1.51,2.64,2.66,12.91,41.91
TA00159,127.93,56.51,30.98,NA,3.72,2.48,14.49,55.29
TA00160,121.38,91.68,NA,1.35,3.48,3.31,NA,NA
TA00161,125.15,65.26,NA,1.97,3.48,3.31,NA,NA
TA00162,127,73.53,NA,1.35,0.21,3.08,NA,NA
TA00163,NA,101.98,NA,NA,NA,NA,NA,NA
TA00164,NA,99.63,NA,NA,NA,NA,NA,NA
TA00165,121.26,67.82,42.6,NA,4.24,3.49,14.92,53.5
TA00166,131.62,98.19,NA,1.24,2.08,NA,NA,NA
TA00167,NA,116.62,NA,NA,NA,NA,NA,NA
TA00168,136.7,110.39,NA,0.99,1.62,3.08,NA,NA
TA00169,119.4,106.66,NA,1.45,2.79,3.31,NA,NA
TA00170,NA,118.62,NA,NA,NA,NA,NA,NA
TA00171,126.11,60.08,NA,NA,NA,NA,NA,NA
TA00172,125.38,98.12,NA,1.97,2.11,3.31,NA,NA
TA00173,132.65,128.09,NA,0.73,2.85,3.08,NA,NA
TA00174,NA,101.74,NA,0.73,2.74,3.31,NA,NA
TA00175,130.46,127.33,50.1,1.52,1.64,2.9,15.7,36.37
TA00176,130.48,120.02,NA,1.45,1.62,3.08,NA,NA
TA00177,128.38,54.69,NA,1.35,2.74,3.08,NA,NA
TA00178,133.79,123.61,NA,2.09,0.7,2.86,NA,NA
TA00179,131.92,110.15,NA,0.64,1.52,3.08,NA,NA
TA00180,123.07,75.79,NA,2.85,2.11,3.08,NA,NA
TA00181,125.8,110.32,NA,3.98,1.37,3.08,NA,NA
TA00182,133.48,108.7,NA,2.64,4.99,3.31,NA,NA
TA00183,NA,132.93,NA,NA,NA,NA,NA,NA
TA00184,131.7,123.59,NA,0.45,3.74,3.08,NA,NA
TA00185,137.05,117.14,NA,2.64,1.41,2.86,NA,NA
TA00186,NA,98.02,NA,NA,NA,NA,NA,NA
TA00187,NA,79.19,NA,NA,NA,NA,NA,NA
TA00188,131.18,71.88,NA,1.35,2.85,3.08,NA,NA
TA00189,NA,76.58,NA,NA,NA,NA,NA,NA
TA00190,139.96,101.57,NA,1.35,1.48,2.86,NA,NA
TA00191,128.96,65.92,NA,NA,NA,NA,NA,NA
TA00192,132.27,128.93,46.78,2.29,2.57,2.38,14.04,45.53
TA00193,121.37,85.46,38.56,1.93,2.77,3.39,14.8,38.95
TA00194,NA,127.76,NA,NA,NA,NA,NA,NA
TA00195,123.09,78.45,NA,0.09,2.06,3.31,NA,NA
TA00196,142.5,119.44,34.15,2.29,2.47,2.73,14.69,34.52
TA00197,138.8,121.16,NA,2.1,2.21,3.08,NA,NA
TA00198,125.43,91.52,37.26,2.67,2.27,3.33,14.39,25.93
TA00199,124.23,107.38,NA,2.85,5.32,4.86,NA,NA
TA00200,123.71,58.28,37.48,1.92,3.56,2.93,14.11,51.5
TA00201,132.8,114.97,NA,0.1,2.21,2.86,NA,NA
TA00202,130.54,78.75,NA,NA,NA,NA,NA,NA
TA00203,126.62,100.27,NA,0.62,1.4,NA,NA,NA
TA00204,126.13,95.85,NA,2.55,1.87,3.31,NA,NA
TA00205,136.44,129.64,NA,1.53,2.87,3.08,NA,NA
TA00206,134,124.98,NA,1,2.13,4.63,NA,NA
TA00207,134.7,128.32,NA,0.99,2.7,4.4,NA,NA
TA00208,127.49,64,NA,0.1,1.48,3.08,NA,NA
TA00209,124.49,58.72,NA,0.73,2.11,3.08,NA,NA
TA00210,121.04,78.22,39.38,1.17,2.56,3.08,16.05,39.71
TA00211,118.32,104.68,34.36,1.68,2.46,3.05,17.1,61.43
TA00212,124.44,66.97,34.4,1.51,2.22,3.23,13.94,47.25
TA00213,132.92,124.04,NA,1.53,1.95,3.08,NA,NA
TA00214,130.61,120.48,NA,0.54,2.16,3.08,NA,NA
TA00215,128,83.62,NA,3.98,3.37,3.31,NA,NA
TA00216,129.79,79.01,NA,0.99,3.12,3.08,NA,NA
TA00217,135.4,96.89,NA,-0.45,1.62,2.86,NA,NA
TA00218,134.66,116.82,NA,2.19,1.96,2.86,NA,NA
TA00219,126.38,112.25,NA,3.98,-0.52,3.08,NA,NA
TA00220,128.96,115.22,NA,2.85,1.48,2.86,NA,NA
TA00221,122.47,62.85,36.83,2.94,3.4,4.32,13.66,48.04
TA00222,126.65,68.55,36.68,1.98,2.18,4.85,14,48.11
TA00223,131.07,69.92,NA,NA,NA,NA,NA,NA
TA00224,128.87,120.99,NA,1.56,2.25,2.86,NA,NA
TA00225,132.33,128.37,59.34,1.74,0.7,2.62,15.85,40.16
TA00226,132.71,134.29,64.29,2.66,0.91,2.96,16.21,40.04
TA00227,124.46,102.88,40.01,2.41,3.01,3.54,14.22,49.83
TA00228,130.71,136.95,50.55,2.78,1.52,2.83,15.54,45.68
TA00229,133.85,133.82,43.65,1.42,1,3.36,15.46,33.63
TA00230,133.73,135.98,46.17,3.12,0.67,2.6,14.4,38.06
TA00231,133.15,137.28,45.16,2.45,1.33,2.38,14.92,40.53
TA00232,129.38,77.24,NA,3.98,2.11,3.08,NA,NA
TA00233,122.38,79.81,NA,2.1,3.48,3.54,NA,NA
TA00234,NA,76.58,NA,NA,NA,NA,NA,NA
TA00235,NA,86.67,NA,NA,NA,NA,NA,NA
TA00236,132.65,118.31,NA,1.48,3.32,2.86,NA,NA
TA00237,122.23,81.52,NA,2.85,3.48,3.31,NA,NA
TA00238,138.55,116.73,NA,4.29,-0.38,2.86,NA,NA
TA00239,118.62,103.96,41.67,3.33,2.84,3.34,15.93,34.52
TA00240,120.79,110.05,41.38,1.52,3.15,3.19,15.82,36.16
TA00241,129.25,114.96,NA,5.84,2.58,3.31,NA,NA
TA00242,124.8,98.69,NA,1.35,2.21,3.08,NA,NA
TA00243,132.38,123.89,NA,1.35,2.21,3.08,NA,NA
TA00244,126.07,65.16,NA,1.97,3.48,3.31,NA,NA
TA00245,123.07,60.26,NA,2.6,0.74,4.63,NA,NA
TA00246,127.07,63.26,NA,0.1,0.85,2.86,NA,NA
TA00247,123.65,76.12,NA,1.48,0.85,2.86,NA,NA
TA00248,134.27,109.74,NA,4.85,0.33,2.86,NA,NA
TA00249,139.62,108.1,NA,1.74,0.44,2.63,NA,NA
TA00250,NA,NA,NA,NA,NA,NA,NA,NA
TA00251,126.23,74.39,NA,2.23,0.74,3.08,NA,NA
TA00252,125.91,75.22,NA,2.73,2.85,3.08,NA,NA
TA00253,138.38,123.37,NA,3.48,0.74,2.63,NA,NA
TA00254,NA,70.06,NA,NA,NA,NA,NA,NA
TA00255,136.38,116.39,NA,0.85,2.85,2.86,NA,NA
TA00256,123.56,72.8,37.75,2.24,2.28,3.03,13.76,41.68
TA00257,121.07,80.39,NA,0.1,2.21,3.08,NA,NA
TA00258,124.07,56.52,NA,0.1,2.85,2.86,NA,NA
TA00259,121.91,92.17,NA,0.1,2.11,2.86,NA,NA
TA00260,128.96,63.95,NA,0.1,1.48,2.63,NA,NA
TA00261,NA,NA,NA,NA,NA,NA,NA,NA
TA00262,NA,91.15,NA,NA,NA,NA,NA,NA
TA00263,127.49,73.4,NA,1.97,2.11,2.86,NA,NA
TA00264,122.34,74.06,NA,0.1,2.11,1.94,NA,NA
TA00265,120.91,71.91,NA,0.1,1.37,2.86,NA,NA
TA00266,130.38,83.72,NA,0.1,2.74,3.08,NA,NA
TA00267,121.24,83.06,33.15,1.56,2.57,3.09,15.16,56.03
TA00268,118.8,68.61,32.04,1.7,4.23,3.02,15.05,46.79
TA00269,120.92,81.11,NA,1.49,4.04,1.94,NA,NA
TA00270,125.79,60.93,NA,1.74,2.32,1.94,NA,NA
TA00271,127.27,62.72,NA,4.49,4.04,3.08,NA,NA
TA00272,126.35,92.99,NA,0.66,2.16,3.08,NA,NA
TA00273,124.8,62.65,NA,0.1,2.74,3.08,NA,NA
TA00274,124.82,82.44,NA,2.24,1.87,NA,NA,NA
TA00275,130.6,80.99,NA,2.24,1.87,NA,NA,NA
TA00276,127.65,80.78,NA,2.24,3.16,NA,NA,NA
TA00277,127.54,70.21,NA,1.97,5.09,NA,NA,NA
TA00278,123.31,60.9,36.19,1.96,3.18,3.32,14.31,43.66
TA00279,124.33,61.58,31.31,1.87,4.32,3.19,14.95,54.45
TA00280,122.89,65.17,34.73,1.87,3.48,3.65,14.37,49.24
TA00281,127.77,62.47,NA,1.86,0.58,NA,NA,NA
TA00282,124.63,85.69,NA,1.86,3.16,NA,NA,NA
TA00283,126.02,79.77,NA,NA,NA,NA,NA,NA
TA00284,125.45,61.8,NA,1.86,0.58,NA,NA,NA
TA00285,135.33,79.01,NA,1.86,3.16,NA,NA,NA
TA00286,127.52,84.27,NA,1.86,3.16,NA,NA,NA
TA00287,NA,NA,NA,NA,NA,NA,NA,NA
TA00288,123.18,66.26,NA,NA,NA,NA,NA,NA
TA00289,134.99,129.84,42.16,1.96,2.4,2.31,16.45,42.59
TA00290,127.65,64.45,NA,2.08,1.87,NA,NA,NA
TA00291,126.7,66.35,NA,1.86,3.16,NA,NA,NA
TA00292,127.51,64.16,NA,1.86,1.87,NA,NA,NA
TA00293,123.8,79.15,NA,1.86,0.58,NA,NA,NA
TA00294,130.79,87.28,NA,NA,NA,NA,NA,NA
TA00295,126.56,85.74,NA,NA,NA,NA,NA,NA
TA00296,128.43,99.81,NA,1.86,1.87,NA,NA,NA
TA00297,141.74,65.87,NA,1.86,1.29,NA,NA,NA
TA00298,123.48,70.01,NA,1.86,0.58,NA,NA,NA
TA00299,125.81,66.66,NA,1.86,0.58,NA,NA,NA
TA00300,123.23,92.09,45.72,1.96,4.26,3.15,14.96,49.87
TA00301,132.35,80,27.35,2.05,5.9,3.28,13.85,43.18
TA00302,132.94,64.65,NA,1.97,1.87,NA,NA,NA
TA00303,139.78,123.51,NA,1.97,2,NA,NA,NA
TA00304,125.31,78.84,32.88,1.87,3.17,3.41,14.96,39.15
TA00305,130.43,68.45,30.78,1.51,1.19,2.97,13.75,49.05
TA00306,131.66,71.61,33.41,1.96,2.84,2.73,13.44,55.22
TA00307,125.75,81.62,34.38,1.96,3.25,3.88,14.63,36.01
TA00308,120.5,84.5,NA,1.86,1.87,NA,NA,NA
TA00309,124.63,67.26,NA,1.86,0.58,NA,NA,NA
TA00310,123.15,98.11,NA,1.86,0.58,NA,NA,NA
TA00311,123.3,100.29,NA,1.86,0.58,NA,NA,NA
TA00312,123.61,98.06,NA,1.86,0.58,NA,NA,NA
TA00313,122.79,104.47,NA,NA,NA,NA,NA,NA
TA00314,123.15,92.96,NA,1.86,0.58,NA,NA,NA
TA00315,125.83,95.84,NA,1.97,1.87,NA,NA,NA
TA00316,129.3,128.99,NA,1.97,3.16,NA,NA,NA
TA00317,123.65,70.03,NA,1.98,2.02,NA,NA,NA
TA00318,124.61,67.38,NA,1.86,5.09,NA,NA,NA
TA00319,127.95,71.7,NA,NA,NA,NA,NA,NA
TA00320,126.56,106.7,NA,NA,NA,NA,NA,NA
TA00321,129.56,83.35,NA,NA,NA,NA,NA,NA
TA00322,121.41,64.19,33.22,1.87,1.31,4,12.83,49.32
TA00323,125.31,66.71,NA,1.86,1.87,NA,NA,NA
TA00324,133.57,119.25,NA,1.86,1.87,NA,NA,NA
TA00325,134.76,116.9,NA,1.86,2.93,NA,NA,NA
TA00326,134.44,118.27,NA,1.86,3.29,NA,NA,NA
TA00327,134.93,118.32,NA,1.86,1.87,NA,NA,NA
TA00328,124.3,63.11,NA,2.08,3.29,NA,NA,NA
TA00329,125.79,100.01,NA,NA,NA,NA,NA,NA
TA00330,125.53,64.57,34.81,1.87,1.88,3.08,13.35,45.97
TA00331,128.11,92.48,NA,3.86,4.22,NA,NA,NA
TA00332,125.32,90.3,NA,2.08,3.16,NA,NA,NA
TA00333,126.56,76.94,NA,NA,NA,NA,NA,NA
TA00334,138.24,121.04,NA,NA,NA,NA,NA,NA
TA00335,130.45,63.09,NA,2.08,1.87,NA,NA,NA
TA00336,128.3,66.19,44.44,1.96,3.75,2.96,13.36,46.85
TA00337,125.79,75.99,NA,NA,NA,NA,NA,NA
TA00338,125.79,79.91,NA,NA,NA,NA,NA,NA
TA00339,124.41,76.75,NA,2.08,3,NA,NA,NA
TA00340,115.31,73.87,NA,2.08,3.16,NA,NA,NA
TA00341,119.18,86.91,NA,2.08,3.16,NA,NA,NA
TA00342,122.79,73.28,NA,1.97,3.16,NA,NA,NA
TA00343,121.16,89.3,NA,1.97,1.87,NA,NA,NA
TA00344,121.16,79.92,NA,1.86,0.58,NA,NA,NA
TA00345,121.19,102.87,NA,1.97,3.16,NA,NA,NA
TA00346,122.71,100.01,NA,2.08,5.09,NA,NA,NA
TA00347,139.79,120.8,NA,1.98,0.65,NA,NA,NA
TA00348,118.51,62.82,NA,2.08,0.58,NA,NA,NA
TA00349,118.32,62.97,NA,2.08,0.58,NA,NA,NA
TA00350,119.32,68.95,NA,2.08,0.58,NA,NA,NA
TA00351,120.84,72.75,NA,2.08,0.58,NA,NA,NA
TA00352,122.64,77.71,NA,1.86,0.58,NA,NA,NA
TA00353,139.1,110.08,NA,1.86,0.58,NA,NA,NA
TA00354,124.35,95.89,NA,1.97,0.58,NA,NA,NA
TA00355,123.63,77.84,NA,NA,NA,NA,NA,NA
TA00356,124.48,73.68,NA,1.86,1.87,NA,NA,NA
TA00357,126.68,62.43,NA,1.86,0.58,NA,NA,NA
TA00358,118.8,67.7,NA,1.86,1.87,NA,NA,NA
TA00359,124.68,72.2,NA,1.97,0.58,NA,NA,NA
TA00360,128.79,125.06,NA,NA,NA,NA,NA,NA
TA00361,123.02,59.16,NA,NA,NA,NA,NA,NA
TA00362,119.8,82.05,NA,1.86,0.58,NA,NA,NA
TA00363,123.16,101.33,NA,1.86,3.16,NA,NA,NA
TA00364,121.08,61.5,53.12,1.87,4.08,3.35,15.92,55.46
TA00365,130.28,107.38,NA,1.86,1.87,NA,NA,NA
TA00366,129.95,73.95,NA,1.86,3.16,NA,NA,NA
TA00367,139.79,116.3,NA,2.14,4.43,NA,NA,NA
TA00368,131.19,110.17,NA,1.77,0.55,NA,NA,NA
TA00369,124.63,84.05,NA,1.86,1.87,NA,NA,NA
TA00370,126.77,100.38,NA,2.24,3.16,NA,NA,NA
TA00371,124.48,80.08,NA,1.86,3.16,NA,NA,NA
TA00372,134.93,116.63,NA,2.08,1.87,NA,NA,NA
TA00373,140.52,102.29,NA,2.08,6.87,NA,NA,NA
TA00374,122.98,101.38,NA,2.24,5.09,NA,NA,NA
TA00375,128.56,94.88,NA,NA,3.16,NA,NA,NA
TA00376,125.15,75.5,NA,2.08,5.09,NA,NA,NA
TA00377,124.78,88.62,NA,1.86,3.16,NA,NA,NA
TA00378,124.47,82.13,NA,NA,NA,NA,NA,NA
TA00379,126.08,86.79,NA,NA,NA,NA,NA,NA
TA00380,129.93,102.08,NA,2.03,3.13,NA,NA,NA
TA00381,130.23,98.74,NA,1.87,3.13,NA,NA,NA
TA00382,130.35,107.27,NA,1.87,3.13,NA,NA,NA
TA00383,121.41,93.18,NA,2.14,3.37,NA,NA,NA
TA00384,NA,NA,NA,NA,NA,NA,NA,NA
TA00385,129.6,103.02,NA,2.14,1.13,NA,NA,NA
TA00386,130.75,104.93,NA,1.98,1.38,NA,NA,NA
TA00387,135.58,86.69,NA,1.86,5.09,NA,NA,NA
TA00388,119.34,96,NA,1.86,1.87,NA,NA,NA
TA00389,119.98,68.81,NA,1.86,3.16,NA,NA,NA
TA00390,119.48,71.29,NA,1.86,5.09,NA,NA,NA
TA00391,121.67,78.44,38.24,1.87,3.05,3.15,13.46,49.39
TA00392,122.38,70.71,NA,2.24,5.09,NA,NA,NA
TA00393,122.52,69.79,NA,1.97,0.58,NA,NA,NA
TA00394,122.52,83.14,NA,2.24,1.87,NA,NA,NA
TA00395,129.72,120.53,NA,NA,NA,NA,NA,NA
TA00396,131.32,107.07,NA,NA,NA,NA,NA,NA
TA00397,131.44,129.83,47.94,1.96,1.67,2.73,15.66,52.52
TA00398,131.26,125.8,47.07,1.96,1.72,2.78,15.74,50.92
TA00399,131.26,135.31,47.97,1.96,1.86,2.93,15.63,50.45
TA00400,123.59,68.55,37.49,1.87,2.83,2.93,13.59,40.44
TA00401,126.64,67.59,47.3,1.87,2.27,3.19,12.71,53.81
TA00402,125.93,70.07,37,1.51,3.39,3.19,12.61,40.92
TA00403,138.12,73.18,NA,1.86,4.93,NA,NA,NA
TA00404,129.39,112.31,NA,1.86,1.87,NA,NA,NA
TA00405,122.48,77.13,NA,1.86,1.87,NA,NA,NA
TA00406,123.18,75.44,NA,1.97,2.22,NA,NA,NA
TA00407,122.73,86.3,NA,2.24,5.09,NA,NA,NA
TA00408,121.98,72.16,NA,2.24,1.87,NA,NA,NA
TA00409,125.7,103.76,NA,1.97,1.87,NA,NA,NA
TA00410,122.41,71.33,NA,1.97,3.16,NA,NA,NA
TA00411,122.86,80.29,39.78,1.87,3.04,3.06,14.36,30.69
TA00412,124.11,83.02,NA,1.86,3.16,NA,NA,NA
TA00413,130.34,79.76,NA,1.86,1.87,NA,NA,NA
TA00414,122.87,82.06,NA,NA,NA,NA,NA,NA
TA00415,125.73,78.99,NA,1.86,3.16,NA,NA,NA
TA00416,122.32,75.11,NA,1.86,1.87,NA,NA,NA
TA00417,119.79,80.03,NA,1.97,0.58,NA,NA,NA
TA00418,122.37,65.74,NA,2.24,1.87,NA,NA,NA
TA00419,128.77,91.4,NA,1.97,1.87,NA,NA,NA
TA00420,125.11,97.35,NA,2.08,1.87,NA,NA,NA
TA00421,122.47,87.04,NA,NA,NA,NA,NA,NA
TA00422,120.25,94.3,NA,2.08,1.87,NA,NA,NA
TA00423,124.41,82.01,NA,2.24,5.09,NA,NA,NA
TA00424,126.57,78.58,NA,2.08,3.16,NA,NA,NA
TA00425,124.87,74.56,NA,NA,NA,NA,NA,NA
TA00426,121.9,81.62,NA,1.86,5.09,NA,NA,NA
TA00427,126.75,96.76,NA,2.24,5.09,NA,NA,NA
TA00428,127.39,68.24,NA,2.08,3.16,NA,NA,NA
TA00429,130.18,110.39,NA,1.97,1.87,NA,NA,NA
TA00430,127.19,92.8,NA,1.86,1.87,NA,NA,NA
TA00431,124.52,62.05,33.1,1.87,1.31,3.54,14,41.61
TA00432,124.47,75.55,NA,NA,NA,NA,NA,NA
TA00433,125.41,91.41,NA,2.24,1,NA,NA,NA
TA00434,125.7,95.6,NA,2.24,1.55,NA,NA,NA
TA00435,124.34,88.63,NA,1.98,3.37,NA,NA,NA
TA00436,126.53,81.3,NA,2.08,2.67,NA,NA,NA
TA00437,125.27,85.39,NA,1.87,2,NA,NA,NA
TA00438,123.03,64.31,NA,1.86,1.87,NA,NA,NA
TA00439,122.57,75.12,NA,1.86,1.87,NA,NA,NA
TA00440,134.31,114.13,46.94,2.31,1.37,3.09,13.97,40.65
TA00441,133.47,110.51,NA,NA,NA,NA,NA,NA
TA00442,133.08,115.57,NA,NA,NA,NA,NA,NA
TA00443,134.31,126.42,43.6,1.96,1.18,1.88,16.05,43.74
TA00444,133.21,133.01,48.28,1.87,0.88,2.34,14.8,43.21
TA00445,132.51,132.89,49.87,1.87,1.26,3.26,15.07,45.18
TA00446,132.39,130.91,48.34,1.78,1.25,2.26,15.36,49.04
TA00447,133.14,130.46,48.46,1.96,2.79,3,14.57,47.71
TA00448,130.27,110.38,35.79,2.43,4.29,2.64,15.55,39.75
TA00449,136.8,138.7,39.92,1.96,2.89,2.93,15.96,41.74
TA00450,134.68,135.07,42.48,1.96,1.58,3.04,15.83,49.78
TA00451,134.89,113.88,NA,1.97,1,NA,NA,NA
TA00452,133.67,134.1,43.53,1.88,0.72,2.79,14.26,29.54
TA00453,133.84,126.99,NA,1.77,1.55,NA,NA,NA
TA00454,133.75,136.35,44.93,1.79,2.32,2.93,15.89,43.5
TA00455,131.52,126.06,48.44,1.96,1.4,2.78,16.08,51.99
TA00456,134.08,115.06,NA,NA,NA,NA,NA,NA
TA00457,NA,NA,NA,NA,NA,NA,NA,NA
TA00458,133.32,122.02,NA,1.86,1.87,NA,NA,NA
TA00459,133.87,116.58,NA,NA,NA,NA,NA,NA
TA00460,133.87,124.53,NA,NA,NA,NA,NA,NA
TA00461,134.47,131.05,NA,NA,NA,NA,NA,NA
TA00462,123.02,101.83,NA,1.86,0.58,NA,NA,NA
TA00463,133.37,70.5,NA,1.86,0.58,NA,NA,NA
TA00464,127.09,66.16,37.91,1.87,2.92,3.1,14.02,42.55
TA00465,130.05,69.53,NA,NA,NA,NA,NA,NA
TA00466,129.5,67.86,NA,1.86,3.16,NA,NA,NA
TA00467,126.43,73.19,NA,1.86,1.87,NA,NA,NA
TA00468,122.82,73.6,NA,2.08,0.58,NA,NA,NA
TA00469,120.87,73.55,NA,NA,NA,NA,NA,NA
TA00470,124.29,81.49,NA,2.13,2.55,NA,NA,NA
TA00471,121.83,73.87,NA,1.98,6.62,NA,NA,NA
TA00472,122.86,76.15,NA,2.39,2.67,NA,NA,NA
TA00473,122.11,67.44,NA,2.24,1.87,NA,NA,NA
TA00474,121.24,66.43,40.25,1.87,3.36,3.11,16.01,49.96
TA00475,123.08,97.05,NA,NA,NA,NA,NA,NA
TA00476,124.02,66.21,NA,1.86,1.87,NA,NA,NA
TA00477,120.3,47.11,29.85,1.87,1.67,4.03,15.79,51.99
TA00478,126.52,73.91,NA,1.86,0.58,NA,NA,NA
TA00479,138.08,94.51,NA,NA,NA,NA,NA,NA
TA00480,125.77,68.41,NA,1.86,0.58,NA,NA,NA
TA00481,123.82,95.8,NA,1.86,1.87,NA,NA,NA
TA00482,128.02,64.53,NA,1.86,0.58,NA,NA,NA
TA00483,135.94,116.64,NA,2.08,3.67,NA,NA,NA
TA00484,136.45,127.32,NA,1.77,1.1,NA,NA,NA
TA00485,133.57,113.22,NA,2.24,0.58,NA,NA,NA
TA00486,134.57,127.93,NA,2.08,1.87,NA,NA,NA
TA00487,127.29,54.54,NA,NA,NA,NA,NA,NA
TA00488,139.88,120.53,NA,1.97,2.93,NA,NA,NA
TA00489,132.56,123.34,NA,1.86,0.58,NA,NA,NA
TA00490,122.28,79.38,38.78,2.01,1.54,3.02,14.88,49.32
TA00491,137.83,98.75,NA,2.39,2.1,NA,NA,NA
TA00492,134.84,112.14,NA,1.87,1,NA,NA,NA
TA00493,133.71,108.76,36.65,1.96,1.51,3.37,14.17,42.23
TA00494,125.9,74.56,NA,NA,NA,NA,NA,NA
TA00495,129.08,69.53,NA,NA,NA,NA,NA,NA
TA00496,125.82,81.08,NA,2.13,1.68,NA,NA,NA
TA00497,130.07,54.96,NA,2.39,0.55,NA,NA,NA
TA00498,131.87,58.51,NA,1.98,1.1,NA,NA,NA
TA00499,120.65,77.03,NA,NA,NA,NA,NA,NA
TA00500,123.47,88.03,NA,NA,NA,NA,NA,NA
TA00501,123.47,86.04,NA,NA,NA,NA,NA,NA
TA00502,122.09,76.15,NA,2.14,1.68,NA,NA,NA
TA00503,123.64,74.27,NA,1.87,2.67,NA,NA,NA
TA00504,122.26,74.06,NA,NA,NA,NA,NA,NA
TA00505,122.47,89.07,NA,NA,NA,NA,NA,NA
TA00506,118.44,76.07,NA,NA,NA,NA,NA,NA
TA00507,125.41,86.68,NA,1.77,1,NA,NA,NA
TA00508,141.08,115.01,NA,NA,NA,NA,NA,NA
TA00509,126.9,96.03,NA,NA,NA,NA,NA,NA
TA00510,132.32,110.04,NA,NA,NA,NA,NA,NA
TA00511,135.69,107.53,NA,NA,NA,NA,NA,NA
TA00512,135.08,101.05,NA,NA,NA,NA,NA,NA
TA00513,132.87,105.55,NA,NA,NA,NA,NA,NA
TA00514,122.08,99.06,NA,NA,NA,NA,NA,NA
TA00515,121.47,95.55,NA,NA,NA,NA,NA,NA
TA00516,138.69,121.53,NA,NA,NA,NA,NA,NA
TA00517,135.69,108.56,NA,NA,NA,NA,NA,NA
TA00518,124.68,84.14,NA,1.86,0.58,NA,NA,NA
TA00519,122.76,74.95,NA,2.39,2.67,NA,NA,NA
TA00520,127.14,78.92,NA,4.18,2.78,NA,NA,NA
TA00521,135.16,126.67,NA,1.97,1.65,NA,NA,NA
TA00522,128.28,64.51,NA,1.86,0.58,NA,NA,NA
TA00523,126.14,67.52,NA,1.86,1.87,NA,NA,NA
TA00524,128.98,82.75,NA,1.86,1.87,NA,NA,NA
TA00525,122.9,65.91,NA,2.08,0.58,NA,NA,NA
TA00526,134.77,97.64,NA,3.86,4.22,NA,NA,NA
TA00527,139.82,107.26,NA,1.86,7.22,NA,NA,NA
TA00528,120.53,86.09,33.93,2.05,2.84,3.01,15.35,54.35
TA00529,NA,NA,NA,NA,NA,NA,NA,NA
TA00530,124.57,85.94,NA,3.86,4.58,NA,NA,NA
TA00531,122.91,70.4,36.01,2.25,2.48,3.3,15.03,50
TA00532,135.02,108.25,NA,1.86,5.65,NA,NA,NA
TA00533,136.96,124.14,42.05,1.87,0.97,2.63,15.44,43.61
TA00534,134.65,134.52,41.89,1.78,2.59,2.98,15.43,32.17
TA00535,136.95,118.8,43.95,1.7,0.55,3.02,14.44,39.65
TA00536,134.79,132.62,40.93,1.79,1.4,3.34,15.5,40.8
TA00537,122.27,79.96,41.28,1.7,3.15,3.64,15.66,42.67
TA00538,134.47,131.12,41.79,1.88,0.13,3.02,15.6,31.3
TA00539,137.12,117.97,46.96,1.88,1.08,3.28,14.49,43.62
TA00540,138.49,115.56,49.2,1.7,-0.02,2.75,14.32,36.62
TA00541,138.87,111.29,40.31,1.96,1.24,2.84,14.08,37.22
TA00542,127.73,60.4,NA,1.86,1.87,NA,NA,NA
TA00543,124.36,64.46,NA,1.86,1.87,NA,NA,NA
TA00544,132.12,82.03,NA,1.86,1.87,NA,NA,NA
TA00545,122.88,65.08,37.92,2.32,2.58,3.19,13.5,50.12
TA00546,126.68,78.9,NA,2.24,1.87,NA,NA,NA
TA00549,129.07,68.06,39.33,1.96,2.05,2.96,12.27,44.91
TA00550,127.47,74.55,NA,NA,NA,NA,NA,NA
TA00551,119.65,73.05,NA,NA,NA,NA,NA,NA
TA00552,128.3,82.47,NA,2.08,3.16,NA,NA,NA
TA00553,124.7,81.58,NA,2.12,1.87,NA,NA,NA
TA00554,126.41,80.91,NA,2.08,3.16,NA,NA,NA
TA00555,133.07,103.02,NA,1.86,1.87,NA,NA,NA
TA00556,121.29,73.86,NA,1.97,5.09,NA,NA,NA
TA00557,120.9,93.09,NA,2.24,3.16,NA,NA,NA
TA00558,NA,NA,NA,NA,NA,NA,NA,NA
TA00559,122.51,95.22,NA,NA,NA,NA,NA,NA
TA00560,124.41,87.06,NA,5.56,5.06,NA,NA,NA
TA00561,128.45,115.19,NA,2.58,6.5,NA,NA,NA
TA00562,125.52,81.06,NA,3.56,3.06,NA,NA,NA
TA00563,124.41,84.51,NA,4.58,6.5,NA,NA,NA
TA00564,126.82,76.31,NA,7.05,2.12,NA,NA,NA
TA00565,125.75,103.54,NA,3.03,3.5,NA,NA,NA
TA00566,127.34,100.23,NA,2.05,5.57,NA,NA,NA
TA00567,126.82,100.41,NA,3.56,3.5,NA,NA,NA
TA00568,129.01,102.59,NA,6.03,2.12,NA,NA,NA
TA00569,121.14,69.19,NA,NA,NA,NA,NA,NA
TA00570,139.33,125.87,NA,NA,NA,NA,NA,NA
TA00571,137.23,119.84,NA,NA,NA,NA,NA,NA
TA00572,NA,NA,NA,NA,NA,NA,NA,NA
TA00573,134.34,111.39,NA,3.03,3.06,NA,NA,NA
TA00574,137.23,102.57,NA,NA,NA,NA,NA,NA
TA00575,137.23,106.73,NA,NA,NA,NA,NA,NA
TA00576,NA,NA,NA,NA,NA,NA,NA,NA
TA00577,124.05,76.59,NA,NA,NA,NA,NA,NA
TA00578,122.51,56.97,NA,NA,NA,NA,NA,NA
TA00579,122.51,66.38,NA,NA,NA,NA,NA,NA
TA00580,125.6,61.38,NA,NA,NA,NA,NA,NA
TA00581,126.05,66.4,NA,NA,NA,NA,NA,NA
TA00582,NA,NA,NA,NA,NA,NA,NA,NA
TA00583,NA,NA,NA,NA,NA,NA,NA,NA
TA00584,123.74,92.12,NA,NA,NA,NA,NA,NA
TA00585,123.51,91.4,NA,NA,NA,NA,NA,NA
TA00586,123.36,92.15,37.18,1.51,2.91,2.99,13.46,38.8
TA00587,125.27,81.44,NA,4.55,2.12,NA,NA,NA
TA00588,122.52,70.35,37.14,3.46,1.46,3.38,13.29,44.93
TA00589,123.51,86.87,NA,NA,NA,NA,NA,NA
TA00590,123.97,86.22,NA,NA,NA,NA,NA,NA
TA00591,122.66,63.76,38.94,1.92,2.78,3.15,13.49,46.88
TA00592,NA,NA,NA,NA,NA,NA,NA,NA
TA00593,NA,NA,NA,NA,NA,NA,NA,NA
TA00594,121.64,88.95,39.32,3.02,3.54,2.93,13.52,25.04
TA00595,124.67,63.13,31.88,1.51,1.18,3.65,14.5,46.07
TA00596,126.69,87.81,39.97,1.95,0.98,3.08,15.8,40.83
TA00597,122.55,61.35,NA,0.05,5.06,NA,NA,NA
TA00598,121.6,86.01,40.49,2.13,0,2.84,16.88,52.45
TA00599,125.32,88.58,43.37,2.82,3.73,3.13,15.21,50.23
TA00600,125.73,93.02,32.86,3.16,0.65,3.19,15.11,38.5
TA00601,NA,NA,NA,NA,NA,NA,NA,NA
TA00602,NA,NA,NA,NA,NA,NA,NA,NA
TA00607,NA,NA,NA,NA,NA,NA,NA,NA
TA00608,NA,NA,NA,NA,NA,NA,NA,NA
TA00609,NA,NA,NA,NA,NA,NA,NA,NA
TA00610,NA,NA,NA,NA,NA,NA,NA,NA
TA00611,NA,NA,NA,NA,NA,NA,NA,NA
TA00612,NA,NA,NA,NA,NA,NA,NA,NA
TA00613,127.55,63.54,NA,7.05,3.06,NA,NA,NA
TA00614,128.88,55.75,NA,1.06,3.06,NA,NA,NA
TA00615,131.55,56.75,NA,6.03,5.57,NA,NA,NA
TA00616,127.22,66.78,NA,1.06,0.12,NA,NA,NA
TA00617,125.22,59.05,NA,5.56,2.12,NA,NA,NA
TA00618,127.88,59.16,NA,3.03,1.68,NA,NA,NA
TA00619,126.55,57.7,NA,1.03,0.75,NA,NA,NA
TA00620,123.88,59.67,NA,2.05,0.75,NA,NA,NA
TA00621,127.55,65.29,NA,4.55,1.5,NA,NA,NA
TA00622,127.22,67.59,NA,1.06,0.12,NA,NA,NA
TA00623,NA,NA,NA,NA,NA,NA,NA,NA
TA00625,NA,NA,NA,NA,NA,NA,NA,NA
TA00626,NA,NA,NA,NA,NA,NA,NA,NA
TA00627,124.76,75.98,36.44,1.92,2.06,2.84,13.67,44.07
TA00628,126.36,85.26,42.2,1.92,1.68,3.17,15.04,50.33
TA00629,120.91,75.71,44.71,2.33,0.83,2.93,13.37,51.52
TA00630,NA,NA,NA,NA,NA,NA,NA,NA
TA00631,NA,NA,NA,NA,NA,NA,NA,NA
TA00634,NA,NA,NA,NA,NA,NA,NA,NA
TA00635,NA,NA,NA,NA,NA,NA,NA,NA
TA00636,NA,NA,NA,NA,NA,NA,NA,NA
TA00637,NA,NA,NA,NA,NA,NA,NA,NA
TA00638,NA,NA,NA,NA,NA,NA,NA,NA
TA00639,NA,NA,NA,NA,NA,NA,NA,NA
TA00640,NA,NA,NA,NA,NA,NA,NA,NA
TA00641,NA,NA,NA,NA,NA,NA,NA,NA
TA00642,NA,NA,NA,NA,NA,NA,NA,NA
TA00643,136.88,96.77,NA,3.56,0.75,NA,NA,NA
TA00644,123.22,88.15,NA,0.05,0.12,NA,NA,NA
TA00645,133.55,63.66,NA,0.02,0.75,NA,NA,NA
TA00646,129.55,76.66,NA,3.56,2.12,NA,NA,NA
TA00647,126.55,75.74,NA,3.03,2.88,NA,NA,NA
TA00648,131.22,108.37,NA,6.03,2.12,NA,NA,NA
TA00649,128.88,61.97,NA,5.56,2.12,NA,NA,NA
TA00651,NA,NA,NA,NA,NA,NA,NA,NA
TA00652,NA,NA,NA,NA,NA,NA,NA,NA
TA00654,NA,NA,NA,NA,NA,NA,NA,NA
TA00655,128.22,67.59,NA,3.03,0.75,NA,NA,NA
TA00656,125.55,83.35,NA,1.06,2.12,NA,NA,NA
TA00657,133.19,126.5,44.11,1.95,2.5,3.32,15.29,50.05
TA00658,136.23,130.44,43.32,2.47,3.23,3.01,15.78,32.53
TA00659,134,120.34,43.42,2.29,4.11,2.84,16.05,33.95
TA00660,133.73,119.39,44.43,2.29,1.1,3.06,16.01,29.7
TA00661,121.16,54.04,37.53,1.51,1.26,3.77,17,56.07
TA00662,123.41,78.77,40.02,1.51,2.85,3.31,13.16,49.99
TA00663,124.66,66.79,35.88,1.92,3.51,3.71,15.11,41.57
TA00664,127.3,67.7,36.34,1.92,3.54,3.18,15.04,42.37
TA00665,NA,NA,NA,NA,NA,NA,NA,NA
TA00666,NA,NA,NA,NA,NA,NA,NA,NA
TA00667,NA,NA,NA,NA,NA,NA,NA,NA
TA00669,NA,NA,NA,NA,NA,NA,NA,NA
TA00670,NA,NA,NA,NA,NA,NA,NA,NA
TA00671,NA,NA,NA,NA,NA,NA,NA,NA
TA00672,NA,NA,NA,NA,NA,NA,NA,NA
TA00673,NA,NA,NA,NA,NA,NA,NA,NA
TA00674,NA,NA,NA,NA,NA,NA,NA,NA
TA00675,NA,NA,NA,NA,NA,NA,NA,NA
TA00676,118.12,74.03,38.73,NA,1.62,4.64,17.05,57.2
TA00677,NA,NA,NA,NA,NA,NA,NA,NA
TA00678,NA,NA,NA,NA,NA,NA,NA,NA
TA00679,124.83,67.54,34.73,1.51,2.05,3.31,15.22,52.29
TA00680,139.42,135.46,36.61,NA,1.92,2.98,15.39,41.01
TA00681,119.78,66.22,40.17,NA,1.89,4.45,15.42,63.14
TA00682,138.18,136.97,36.12,1.92,1.48,2.56,15.75,37.76
TA00683,NA,NA,NA,NA,NA,NA,NA,NA
TA00684,136.54,131.46,35.74,1.92,1.54,2.84,15.54,39.02
TA00685,125.38,90.33,34,4.91,2.98,3.26,12.74,36.31
TA00686,136.6,135.94,36.64,2.33,4.01,2.89,15.3,48.15
TA00687,124.25,108.91,36.68,2.33,1.88,3.19,16.71,32.52
TA00688,136.29,119.37,38.63,NA,-1.15,4.78,16.7,23.18
TA00690,137.95,130.72,36.97,1.51,1.99,2.78,15.68,39.02
TA00692,134.38,135.55,36.74,NA,2.09,2.15,15.96,41.03
TA00693,134.27,138.62,33.68,NA,1.06,1.75,16.31,46.72
TA00695,NA,NA,NA,NA,NA,NA,NA,NA
TA00696,124.59,61.58,32.93,1.51,1.72,3.56,15.21,47.53
TA00697,NA,NA,NA,NA,NA,NA,NA,NA
TA00698,NA,NA,NA,NA,NA,NA,NA,NA
TA00699,NA,NA,NA,NA,NA,NA,NA,NA
TA00700,NA,NA,NA,NA,NA,NA,NA,NA
TA00701,119.47,87.44,40.88,1.6,3.44,3.19,15.29,40.1
TA00702,117.93,98.12,41.62,3.32,3.94,3.04,15.13,36.72
TA00703,119.88,102.48,NA,1.06,2.12,NA,NA,NA
TA00704,NA,NA,NA,NA,NA,NA,NA,NA
TA00705,126.13,113.95,36.18,1.27,1.81,2.84,15.43,33.1
TA00706,123.22,100.23,NA,2.58,0.12,NA,NA,NA
TA00707,NA,NA,NA,NA,NA,NA,NA,NA
TA00708,123.9,52.5,31.29,1.79,1.43,4.75,14.82,54.62
TA00709,NA,NA,NA,NA,NA,NA,NA,NA
TA00714,NA,NA,NA,NA,NA,NA,NA,NA
TA00715,123.04,74.77,36.35,1.51,2.3,3.19,14.6,39.78
TA00716,132.22,70.2,NA,0.05,2.88,NA,NA,NA
TA00717,134.55,86.04,NA,0.05,0.88,NA,NA,NA
TA00718,136.88,78.97,NA,-0.97,-0.5,NA,NA,NA
TA00720,NA,NA,NA,NA,NA,NA,NA,NA
TA00721,132.51,135,41.44,1.95,2.13,3.25,15.61,30.94
TA00722,132.4,128.18,44.05,3.32,2.45,3.12,15.3,29.5
TA00723,NA,NA,NA,NA,NA,NA,NA,NA
TA00724,NA,NA,NA,NA,NA,NA,NA,NA
TA00725,132.88,112.53,NA,4.58,4.43,NA,NA,NA
TA00726,120.55,99.21,NA,2.05,3.5,NA,NA,NA
TA00727,NA,NA,NA,NA,NA,NA,NA,NA
TA00728,NA,NA,NA,NA,NA,NA,NA,NA
TA00729,NA,NA,NA,NA,NA,NA,NA,NA
TA00730,NA,NA,NA,NA,NA,NA,NA,NA
TA00731,NA,NA,NA,NA,NA,NA,NA,NA
TA00732,NA,NA,NA,NA,NA,NA,NA,NA
TA00733,NA,NA,NA,NA,NA,NA,NA,NA
TA00734,136.88,111.18,NA,1.06,2.88,NA,NA,NA
TA00735,NA,NA,NA,NA,NA,NA,NA,NA
TA00736,NA,NA,NA,NA,NA,NA,NA,NA
TA00737,NA,NA,NA,NA,NA,NA,NA,NA
TA00738,135.88,130.06,NA,3.03,2.12,NA,NA,NA
TA00739,137.22,NA,NA,4.58,2.12,NA,NA,NA
TA00740,136.22,119.33,NA,7.05,0.75,NA,NA,NA
TA00742,NA,NA,NA,NA,NA,NA,NA,NA
TA00743,NA,NA,NA,NA,NA,NA,NA,NA
TA00744,131.88,55.74,NA,7.02,0.12,NA,NA,NA
TA00745,126.88,67.93,NA,2.58,2.12,NA,NA,NA
TA00746,125.55,72.81,NA,3.03,0.75,NA,NA,NA
TA00747,131.55,91.8,NA,0.05,-0.5,NA,NA,NA
TA00748,134.88,97.42,NA,1.06,0.88,NA,NA,NA
TA00749,120.55,85.96,NA,4.55,2.12,NA,NA,NA
TA00750,123.22,77.93,NA,4.55,0.12,NA,NA,NA
TA00751,120.55,93.04,NA,4.55,2.26,NA,NA,NA
TA00752,123.88,95.23,NA,3.56,0.88,NA,NA,NA
TA00753,123.88,81.27,NA,4.55,0.75,NA,NA,NA
TA00754,127.22,59.89,NA,4.55,-0.5,NA,NA,NA
TA00755,129.88,83.12,NA,6.03,-0.5,NA,NA,NA
TA00756,123.88,93.77,NA,0.05,-0.5,NA,NA,NA
TA00757,121.88,90.8,NA,8.03,0.88,NA,NA,NA
TA00758,125.22,96.8,NA,7.05,3.68,NA,NA,NA
TA00759,122.88,93.26,NA,1.03,6.5,NA,NA,NA
TA00760,131.55,68.43,NA,3.56,1.5,NA,NA,NA
TA00761,134.88,103.26,NA,2.05,0.12,NA,NA,NA
TA00762,125.22,60.4,NA,1.03,0.75,NA,NA,NA
TA00763,126.22,91.58,NA,1.06,2.88,NA,NA,NA
TA00764,NA,NA,NA,NA,NA,NA,NA,NA
TA00765,131.55,73.32,NA,3.03,0.12,NA,NA,NA
TA00766,125.88,79.56,NA,4.55,-0.5,NA,NA,NA
TA00767,NA,NA,NA,NA,NA,NA,NA,NA
TA00768,126.22,108.37,NA,6.03,7.12,NA,NA,NA
TA00769,124.59,66.31,32.72,1.92,2.48,3.04,13.48,54.8
TA00770,NA,NA,NA,NA,NA,NA,NA,NA
TA00771,NA,NA,NA,NA,NA,NA,NA,NA
TA00772,NA,NA,NA,NA,NA,NA,NA,NA
TA00773,NA,NA,NA,NA,NA,NA,NA,NA
TA00774,NA,NA,NA,NA,NA,NA,NA,NA
TA00776,131.88,60.4,NA,8.03,0.75,NA,NA,NA
TA00777,125.03,68.59,37.57,1.92,2.91,3.02,13.35,30.85
TA00778,NA,NA,NA,NA,NA,NA,NA,NA
TA00779,NA,NA,NA,NA,NA,NA,NA,NA
TA00780,120.55,92.81,NA,6.03,4.43,NA,NA,NA
TA00781,127.22,74.78,NA,2.02,2.12,NA,NA,NA
TA00782,NA,NA,NA,NA,NA,NA,NA,NA
TA00783,NA,NA,NA,NA,NA,NA,NA,NA
TA00784,NA,NA,NA,NA,NA,NA,NA,NA
TA00785,NA,NA,NA,NA,NA,NA,NA,NA
TA00786,NA,NA,NA,NA,NA,NA,NA,NA
TA00787,NA,NA,NA,NA,NA,NA,NA,NA
TA00788,124.55,64.78,NA,2.02,0.12,NA,NA,NA
TA00789,122.55,78.43,NA,2.58,3.06,NA,NA,NA
TA00790,122.88,80.85,NA,3.5,2.88,NA,NA,NA
TA00791,NA,NA,NA,NA,NA,NA,NA,NA
TA00792,NA,NA,NA,NA,NA,NA,NA,NA
TA00793,121.61,64.46,40.57,2.57,3.1,2.78,13.64,52.5
TA00794,124.17,63.66,38.36,NA,3.12,2.78,13.64,58.51
TA00796,121.05,63.65,43.98,1.51,0.96,3.08,14.52,59.48
TA00797,NA,NA,NA,NA,NA,NA,NA,NA
TA00799,NA,NA,NA,NA,NA,NA,NA,NA
TA00800,NA,NA,NA,NA,NA,NA,NA,NA
TA00803,NA,NA,NA,NA,NA,NA,NA,NA
TA00804,NA,NA,NA,NA,NA,NA,NA,NA
TA00805,NA,NA,NA,NA,NA,NA,NA,NA
TA00806,NA,NA,NA,NA,NA,NA,NA,NA
TA00807,NA,NA,NA,NA,NA,NA,NA,NA
TA00808,NA,NA,NA,NA,NA,NA,NA,NA
TA00810,NA,NA,NA,NA,NA,NA,NA,NA
TA00811,NA,NA,NA,NA,NA,NA,NA,NA
TA00812,NA,NA,NA,NA,NA,NA,NA,NA
TA00813,123.55,93.54,NA,3.03,2.12,NA,NA,NA
TA00814,NA,NA,NA,NA,NA,NA,NA,NA
TA00816,128,62.88,38.33,1.78,1.41,3.12,12.52,48.93
TA00817,136.55,114.61,NA,4.51,-0.5,NA,NA,NA
TA00818,122.88,89.78,NA,1.06,3.5,NA,NA,NA
TA00819,115.81,85.55,42.81,1.51,5.99,2.85,14.49,47.63
TA00820,138.83,130.93,40.41,1.51,2.13,2.56,13.73,36.18
TA00821,127.55,108.04,NA,2.58,7.12,NA,NA,NA
TA00822,NA,NA,NA,NA,NA,NA,NA,NA
TA00823,NA,NA,NA,NA,NA,NA,NA,NA
TA00824,NA,NA,NA,NA,NA,NA,NA,NA
TA00825,NA,NA,NA,NA,NA,NA,NA,NA
TA00826,NA,NA,NA,NA,NA,NA,NA,NA
TA00827,NA,NA,NA,NA,NA,NA,NA,NA
TA00828,NA,NA,NA,NA,NA,NA,NA,NA
TA00829,NA,NA,NA,NA,NA,NA,NA,NA
TA00830,NA,NA,NA,NA,NA,NA,NA,NA
TA00831,124.89,76.05,38.63,1.51,2.68,3.08,12.91,33.77
TA00833,NA,NA,NA,NA,NA,NA,NA,NA
TA00835,NA,NA,NA,NA,NA,NA,NA,NA
TA00836,NA,NA,NA,NA,NA,NA,NA,NA
TA00837,NA,NA,NA,NA,NA,NA,NA,NA
TA00838,127.55,90.18,NA,4.51,2.12,NA,NA,NA
TA00839,125.55,73.83,NA,2.05,0.12,NA,NA,NA
TA00840,NA,NA,NA,NA,NA,NA,NA,NA
TA00841,NA,NA,NA,NA,NA,NA,NA,NA
TA00842,NA,NA,NA,NA,NA,NA,NA,NA
TA00843,NA,NA,NA,NA,NA,NA,NA,NA
TA00844,128.22,69.89,NA,3.56,-0.5,NA,NA,NA
TA00845,NA,NA,NA,NA,NA,NA,NA,NA
TA00846,NA,NA,NA,NA,NA,NA,NA,NA
TA00847,NA,NA,NA,NA,NA,NA,NA,NA
TA00848,NA,NA,NA,NA,NA,NA,NA,NA
TA00849,NA,NA,NA,NA,NA,NA,NA,NA
TA00850,NA,NA,NA,NA,NA,NA,NA,NA
TA00852,NA,NA,NA,NA,NA,NA,NA,NA
TA00853,NA,NA,NA,NA,NA,NA,NA,NA
TA00854,NA,NA,NA,NA,NA,NA,NA,NA
TA00855,NA,NA,NA,NA,NA,NA,NA,NA
TA00856,NA,NA,NA,NA,NA,NA,NA,NA
TA00857,NA,NA,NA,NA,NA,NA,NA,NA
TA00858,NA,NA,NA,NA,NA,NA,NA,NA
TA00859,NA,NA,NA,NA,NA,NA,NA,NA
TA00860,NA,NA,NA,NA,NA,NA,NA,NA
TA00861,NA,NA,NA,NA,NA,NA,NA,NA
TA00862,NA,NA,NA,NA,NA,NA,NA,NA
TA00863,NA,NA,NA,NA,NA,NA,NA,NA
TA00864,NA,NA,NA,NA,NA,NA,NA,NA
TA00865,NA,NA,NA,NA,NA,NA,NA,NA
TA00866,NA,NA,NA,NA,NA,NA,NA,NA
TA00867,NA,NA,NA,NA,NA,NA,NA,NA
TA00868,NA,NA,NA,NA,NA,NA,NA,NA
TA00869,NA,NA,NA,NA,NA,NA,NA,NA
TA00870,NA,NA,NA,NA,NA,NA,NA,NA
TA00871,NA,NA,NA,NA,NA,NA,NA,NA
TA00872,NA,NA,NA,NA,NA,NA,NA,NA
TA00873,NA,NA,NA,NA,NA,NA,NA,NA
TA00874,NA,NA,NA,NA,NA,NA,NA,NA
TA00875,NA,NA,NA,NA,NA,NA,NA,NA
TA00876,NA,NA,NA,NA,NA,NA,NA,NA
TA00877,NA,NA,NA,NA,NA,NA,NA,NA
TA00878,NA,NA,NA,NA,NA,NA,NA,NA
TA00879,NA,NA,NA,NA,NA,NA,NA,NA
TA00880,NA,NA,NA,NA,NA,NA,NA,NA
TA00881,135.68,134.26,41.58,1.53,2.57,1.75,15.27,49.72
TA00882,134.25,133.37,42.42,1.53,1.12,2.65,15.1,46.84
TA00883,132.68,127.53,44.39,1.95,1.98,3.19,14.82,48.9
TA00884,134.11,131.82,43.42,1.11,1.72,2.78,15.11,45.38
TA00885,133.01,127.22,43.74,3.16,1.95,2.69,15.97,44.49
TA00886,134.75,135.64,41.61,1.53,1.31,1.75,14.13,42.34
TA00887,134.26,128.9,44,1.95,1.72,1.75,15.03,40.01
TA00888,134.19,136.98,42.97,2.57,2.43,2.42,15.57,42.7
TA00889,134.3,134.27,43.84,1.95,2.47,2.87,16.02,42.48
TA00890,133.43,132.42,46.26,2.57,2.37,2.58,15.95,42.13
TA00891,NA,NA,NA,NA,NA,NA,NA,NA
TA00892,NA,NA,NA,NA,NA,NA,NA,NA
TA00893,NA,NA,NA,NA,NA,NA,NA,NA
TA00894,NA,NA,NA,NA,NA,NA,NA,NA
TA00895,NA,NA,NA,NA,NA,NA,NA,NA
TA00896,127.55,81.8,NA,-0.97,-0.5,NA,NA,NA
TA00897,NA,NA,NA,NA,NA,NA,NA,NA
TA00898,NA,NA,NA,NA,NA,NA,NA,NA
TA00899,NA,NA,NA,NA,NA,NA,NA,NA
TA00900,NA,NA,NA,NA,NA,NA,NA,NA
TA00901,124.22,96.51,41.35,2.57,2.79,3.11,13.69,46.07
TA00902,138.88,113.26,NA,2.02,0.75,NA,NA,NA
TA00903,NA,NA,NA,NA,NA,NA,NA,NA
TA00904,133.76,145.59,47.74,1.95,1.33,2.03,15.7,32.56
TA00905,122.52,96.06,40.31,1.78,1.6,3.26,16.64,26.85
TA00906,137.4,134.08,40.88,2.07,1.85,2.82,16.18,47.73
TA00907,137.9,105.62,NA,1.45,3.29,NA,NA,NA
TA00908,137.58,110.65,NA,2.58,2.33,2.86,NA,NA
TA00909,134.37,128.44,43.74,2.26,2.84,2.38,15.93,33.68
TA00910,134.7,132.77,47.84,1.75,3.02,2.39,16,37.65
TA00911,129.43,61.26,NA,1.45,1.41,NA,NA,NA
TA00912,132.53,59.78,NA,1.45,1.41,NA,NA,NA
TA00913,129.43,91.26,NA,2.92,0.98,NA,NA,NA
TA00914,139.26,79.78,NA,3.43,4.51,NA,NA,NA
TA00915,NA,NA,NA,NA,NA,NA,NA,NA
TA00916,137.85,69.96,NA,-0.5,2.94,NA,NA,NA
TA00917,NA,NA,NA,NA,NA,NA,NA,NA
TA00918,125.07,79.53,NA,0.48,2.94,NA,NA,NA
TA00919,128.8,52.22,NA,1.45,1.41,NA,NA,NA
TA00920,132.85,68.27,NA,3.43,0.98,NA,NA,NA
TA00921,138.58,95.62,NA,3.43,3.29,NA,NA,NA
TA00922,146.85,106.48,NA,-0.5,1.41,NA,NA,NA
TA00923,127.77,50.93,NA,0.98,2.86,3.26,NA,NA
TA00924,129.54,65.42,NA,3.26,0.65,3.1,NA,NA
TA00925,125.07,59.82,NA,0.48,2.63,NA,NA,NA
TA00926,127.85,69.78,NA,1.45,1.41,NA,NA,NA
TA00927,127.43,66.45,NA,2.62,0.94,2.86,NA,NA
TA00928,125.17,52.6,NA,2.92,1.41,NA,NA,NA
TA00929,126.74,53.21,NA,0.98,0.65,2.86,NA,NA
TA00930,127.16,57.78,NA,2.62,1.76,2.86,NA,NA
TA00931,123.48,65.52,NA,2.92,1.85,NA,NA,NA
TA00932,128.48,66.78,NA,1.45,2.94,NA,NA,NA
TA00933,127.21,50.65,NA,1.45,1.41,NA,NA,NA
TA00934,124.17,56.91,NA,0.48,0.98,NA,NA,NA
TA00935,131.02,75.91,NA,1.45,1.41,NA,NA,NA
TA00936,126.9,58.87,NA,1.45,2.51,NA,NA,NA
TA00937,127.17,73.83,NA,0.48,1.41,NA,NA,NA
TA00938,128.48,71.26,NA,0.48,0.98,NA,NA,NA
TA00939,127.53,77.48,NA,-0.5,1.41,NA,NA,NA
TA00940,127.9,72,NA,0.48,1.85,NA,NA,NA
TA00941,137.85,95.14,NA,-0.5,1.41,NA,NA,NA
TA00942,126.53,87.78,NA,0.48,1.41,NA,NA,NA
TA00943,127.21,79,NA,0.48,2.63,NA,NA,NA
TA00944,124.65,57.35,NA,2.92,1.85,NA,NA,NA
TA00945,135.31,83.48,NA,0.96,0.94,3.18,NA,NA
TA00946,121.44,102.13,43.86,0.91,1.09,3.19,15.32,42.17
TA00947,121.56,96.64,40.1,1.75,2.98,2.93,13.84,26.36
TA00948,123.27,104.85,38.09,2.11,2.87,2.56,13.66,30.86
TA00949,125.48,74.56,NA,1.97,2.63,NA,NA,NA
TA00950,131.48,85.39,NA,-0.5,1.41,NA,NA,NA
TA00951,133.33,103.55,NA,-0.34,0.65,2.86,NA,NA
TA00952,126.48,66.39,NA,1.97,1.85,NA,NA,NA
TA00953,126.85,60.04,NA,0.99,1.85,NA,NA,NA
TA00954,144.65,80.89,NA,2.96,0.94,2.86,NA,NA
TA00955,127.72,72.56,NA,3.93,0.94,2.86,NA,NA
TA00956,143.14,57.35,NA,2.92,1.85,NA,NA,NA
TA00957,127.85,74.3,NA,1.45,NA,NA,NA,NA
TA00958,127.53,65.17,NA,1.45,1.41,NA,NA,NA
TA00959,126.53,74.3,NA,3.89,1.85,NA,NA,NA
TA00960,127.74,64.6,NA,3.26,1.24,3.02,NA,NA
TA00961,124.26,61.46,38.7,1.83,2.11,3.53,13.77,62.13
TA00962,130.12,52.48,NA,1.45,0.98,NA,NA,NA
TA00963,127.85,53.21,NA,1.45,2.51,NA,NA,NA
TA00964,127.06,52.95,33.42,1.41,2.19,2.96,14.9,56.85
TA00965,130.85,72.35,NA,2.92,1.41,NA,NA,NA
TA00966,129.95,59.09,32.8,2.91,2.44,3.66,15.09,59.58
TA00967,129.8,75.36,NA,6.45,1.41,NA,NA,NA
TA00968,128.48,64.82,NA,1.45,2.63,NA,NA,NA
TA00969,127,64.55,NA,3.26,0.94,3.18,NA,NA
TA00970,126.14,100.71,42.8,2.26,1.52,3.53,15.39,39.47
TA00971,121.94,93.24,46.99,3.3,1.52,3.51,15.54,51.1
TA00972,126.48,86.48,NA,3.43,3.29,NA,NA,NA
TA00973,123.8,70.84,NA,1.45,1.41,NA,NA,NA
TA00974,123.1,68.1,22.3,0.99,4.93,3.12,NA,NA
TA00975,126.85,71.39,NA,1.45,3.72,NA,NA,NA
TA00976,129.95,90.87,NA,2.99,2.63,NA,NA,NA
TA00977,123.43,89.78,NA,3.43,1.41,NA,NA,NA
TA00978,125.63,69.56,45.04,1.75,3.37,3.62,13.71,48.72
TA00979,124.75,65.52,NA,3.94,2.94,NA,NA,NA
TA00980,133.21,88.57,NA,1.45,3.72,NA,NA,NA
TA00981,130.07,75.17,NA,0.48,1.41,NA,NA,NA
TA00982,133.17,87.48,NA,0.99,1.85,NA,NA,NA
TA00983,131.65,56.13,NA,-0.5,1.85,NA,NA,NA
TA00984,153.75,86.92,NA,0.48,1.85,NA,NA,NA
TA00985,139.85,99.18,NA,-0.5,1.85,NA,NA,NA
TA00986,136.48,95.87,NA,0.48,1.41,NA,NA,NA
TA00987,132.07,57.35,NA,-0.5,0.98,NA,NA,NA
TA00988,141.4,91.97,NA,2.87,1.03,3.1,NA,NA
TA00989,NA,NA,NA,NA,NA,NA,NA,NA
TA00990,129.43,58.69,NA,2.92,1.41,NA,NA,NA
TA00991,131.02,53.21,NA,1.45,2.63,NA,NA,NA
TA00992,131.97,54.43,NA,0.01,1.85,NA,NA,NA
TA00993,132.29,69.43,NA,1.45,4.51,NA,NA,NA
TA00994,130.7,74.91,NA,2.92,3.29,NA,NA,NA
TA00995,131.65,51.26,NA,1.45,1.41,NA,NA,NA
TA00996,136.85,106.13,NA,3.43,1.85,NA,NA,NA
TA00997,129.12,53.69,NA,7.48,1.85,NA,NA,NA
TA00998,NA,NA,NA,NA,NA,NA,NA,NA
TA00999,123.8,78.82,NA,5.94,2.51,NA,NA,NA
TA01000,123.48,74.69,NA,3.94,2.51,NA,NA,NA
TA01001,120.8,NA,NA,0.99,1.85,NA,NA,NA
TA01002,130.07,78.82,NA,1.97,2.51,NA,NA,NA
TA01003,131.65,51.87,NA,2.99,2.51,NA,NA,NA
TA01004,125.41,62.25,36.18,2.67,3.11,2.73,13.57,47.25
TA01005,134.07,54.3,NA,-0.5,1.41,NA,NA,NA
TA01006,137.75,54.78,NA,1.45,0.98,NA,NA,NA
TA01007,NA,58.82,NA,2.92,0.98,NA,NA,NA
TA01008,134.48,71.61,NA,1.45,1.41,NA,NA,NA
TA01009,136.99,87.45,NA,3.43,3.29,NA,NA,NA
TA01010,124.75,63.34,NA,2.99,3.29,NA,NA,NA
TA01011,128.48,54.91,NA,4.45,3.29,NA,NA,NA
TA01012,129.43,NA,NA,3.5,4.07,NA,NA,NA
TA01013,136.2,95.41,NA,1.63,0.94,2.86,NA,NA
TA01014,127.85,NA,NA,4.01,1.85,NA,NA,NA
TA01015,123.8,66.39,NA,4.41,2.51,NA,NA,NA
TA01016,122.12,67.09,NA,0.99,3.72,NA,NA,NA
TA01017,122.12,60.87,NA,0.53,5.29,NA,NA,NA
TA01018,128.17,55.17,NA,5.43,0.98,NA,NA,NA
TA01019,127.85,58.21,NA,-0.5,0.98,NA,NA,NA
TA01020,122.75,56.26,NA,1.45,1.85,NA,NA,NA
TA01021,122.12,55.78,NA,2.92,3.29,NA,NA,NA
TA01022,134.17,64.78,NA,-0.5,2.51,NA,NA,NA
TA01023,127.39,59.91,NA,1.97,1.85,NA,NA,NA
TA01024,130.39,60.04,NA,0.99,2.63,NA,NA,NA
TA01025,130.99,133.66,42.22,2.96,2.59,3.08,16.2,25.36
TA01026,131.02,77.7,NA,4.92,2.51,NA,NA,NA
TA01027,132.44,133.49,44.78,2.98,2.67,2.83,15.45,37.37
TA01028,136.47,120.51,40.48,2.26,2.8,2,16.53,42.47
TA01029,134.02,125.1,44.26,1.89,1.59,2.19,16.2,42.8
TA01030,136.31,120.52,41.23,2.44,4.03,2.39,16.82,47.43
TA01031,139.27,110.79,40.07,2.6,2.95,2.56,16.08,42.35
TA01032,136.03,128.79,41.89,2.11,2.52,3.07,16.15,46.09
TA01033,131.58,131.63,43.28,2.64,2.61,2.56,14.74,25.48
TA01034,131.9,129.99,41.04,2.99,2.47,2.46,14.72,24.27
TA01035,128.12,84.78,NA,2.99,2.94,NA,NA,NA
TA01036,128.75,85.52,NA,4.97,2.51,NA,NA,NA
TA01037,126.85,86.13,NA,3.94,3.29,NA,NA,NA
TA01038,130.39,82.83,NA,3.5,2.94,NA,NA,NA
TA01039,130.39,82.22,NA,2.99,2.94,NA,NA,NA
TA01040,127.8,84.05,NA,4.53,1.85,NA,NA,NA
TA01041,127.53,86.26,NA,2.99,2.63,NA,NA,NA
TA01042,127.85,83.44,NA,4.45,2.51,NA,NA,NA
TA01043,128.17,83.44,NA,4.45,2.51,NA,NA,NA
TA01044,132.63,64.91,NA,3.5,1.85,NA,NA,NA
TA01045,120.71,54.36,NA,3.43,4.51,NA,NA,NA
TA01047,129.48,66.13,NA,4.45,2.51,NA,NA,NA
TA01048,128.17,79.78,NA,4.41,4.85,NA,NA,NA
TA01049,133.95,85.62,NA,3.94,3.29,NA,NA,NA
TA01050,124.12,62.48,NA,2.48,4.85,NA,NA,NA
TA01051,131.9,92.83,NA,1.97,2.63,NA,NA,NA
TA01052,127.53,51.13,NA,3.94,2.19,NA,NA,NA
TA01053,128.17,52.96,NA,-0.5,1.41,NA,NA,NA
TA01054,122.75,51.39,NA,1.45,0.98,NA,NA,NA
TA01055,129.43,84.66,NA,2.99,1.85,NA,NA,NA
TA01056,129.53,96.23,NA,7.53,2.94,NA,NA,NA
TA01057,122.08,85.99,NA,6.04,0.94,3.1,NA,NA
TA01058,131.43,49.92,NA,4.28,2.25,3.02,NA,NA
TA01059,131.68,58.06,NA,8.66,3.6,3.1,NA,NA
TA01060,132.17,66.74,NA,0.48,0.98,NA,NA,NA
TA01061,130.52,66.77,NA,4.65,1.17,3.18,NA,NA
TA01062,132.81,64,NA,6.36,1.89,3.02,NA,NA
TA01063,138.96,103.38,NA,0,1.76,2.86,NA,NA
TA01064,138.52,103.1,NA,1.01,1.76,2.86,NA,NA
TA01065,137.54,94.64,NA,1.33,1.76,3.02,NA,NA
TA01066,142.65,98.54,NA,3,2,2.86,NA,NA
TA01067,137.48,126.01,NA,1.46,2.56,2.86,NA,NA
TA01068,NA,103.54,NA,5.43,1.41,NA,NA,NA
TA01069,121.2,79.72,40.4,1.89,1.9,2.85,15.02,50.51
TA01070,120.67,76.14,42.21,1.67,1.77,3.22,14.61,54.28
TA01071,127.21,NA,NA,1.5,1.85,NA,NA,NA
TA01072,126.12,67.86,NA,4.92,3.72,NA,NA,NA
TA01073,128.83,55.5,NA,1.61,2.21,3.18,NA,NA
TA01074,142.43,72.45,NA,-0.5,2.63,NA,NA,NA
TA01075,151.43,88.89,NA,1.97,4.07,NA,NA,NA
TA01076,133.07,57.22,NA,2.92,0.98,NA,NA,NA
TA01077,130.17,71.26,NA,1.45,2.63,NA,NA,NA
TA01078,122.75,75.17,NA,5.43,6.85,NA,NA,NA
TA01079,122.75,63.09,NA,6.45,4.98,NA,NA,NA
TA01080,145.79,87.24,NA,2.96,1.7,2.94,NA,NA
TA01081,144.7,97.35,NA,2.48,2.19,NA,NA,NA
TA01082,125.39,69.43,NA,5.94,2.54,NA,NA,NA
TA01083,137.43,101.4,NA,3.96,1.47,3.02,NA,NA
TA01084,133.63,92.22,NA,2.48,2.63,NA,NA,NA
TA01085,128.56,93.44,NA,5.34,3.78,2.94,NA,NA
TA01086,135.97,111.28,NA,4.97,2.54,NA,NA,NA
TA01087,134.31,98.82,NA,1.29,1.76,2.86,NA,NA
TA01088,125.43,82.18,NA,3.61,2.5,2.94,NA,NA
TA01089,118.83,105.37,42.72,2.62,3.72,3.17,15.71,35.41
TA01090,123.8,87,NA,2.99,2.94,NA,NA,NA
TA01091,131.18,78.83,NA,1.31,0.94,3.02,NA,NA
TA01092,127.21,63.44,NA,5.04,3.72,NA,NA,NA
TA01093,128.8,59.78,NA,5.94,2.63,NA,NA,NA
TA01094,129.85,52.48,NA,0.99,1.85,NA,NA,NA
TA01095,123.48,70.04,NA,2.99,3.41,NA,NA,NA
TA01096,133.2,62.29,NA,1.66,1.68,2.86,NA,NA
TA01097,139.88,89.47,NA,3.34,2.09,2.86,NA,NA
TA01098,130,69.55,NA,4.67,2.22,2.86,NA,NA
TA01099,129.74,67.06,NA,3.38,1.56,2.86,NA,NA
TA01100,129.49,72.77,32.87,1.1,2.12,2.97,14.07,38.46
TA01101,130.58,58.44,NA,1.04,1.85,NA,NA,NA
TA01102,126.68,77.4,41.44,1.14,2.33,4.11,16.15,52.72
TA01103,132.95,70.25,39.1,2.33,6.45,NA,16.43,50.02
TA01104,126.68,64.1,NA,7.02,3.18,2.94,NA,NA
TA01105,128.12,73.31,34.15,2.88,1.61,4.11,13.53,40.62
TA01106,138.95,104.66,NA,0.53,2.19,NA,NA,NA
TA01107,130.17,64.91,NA,3.94,2.19,NA,NA,NA
TA01108,124.75,58.82,NA,5.43,2.19,NA,NA,NA
TA01109,125.7,63.34,NA,2.92,1.76,NA,NA,NA
TA01110,132.21,50.39,NA,1.45,0.98,NA,NA,NA
TA01111,131.89,82.77,NA,2.27,2.42,2.86,NA,NA
TA01112,132.48,68.82,NA,1.45,1.85,NA,NA,NA
TA01113,131.21,84.66,NA,0.48,2.19,NA,NA,NA
TA01114,131.26,58.44,NA,2.92,2.63,NA,NA,NA
TA01115,127.85,58.69,NA,4.92,2.54,NA,NA,NA
TA01116,122.75,54.3,NA,2.92,2.63,NA,NA,NA
TA01117,119.24,61.87,NA,1.45,1.85,NA,NA,NA
TA01118,119.24,55.52,NA,1.45,2.63,NA,NA,NA
TA01119,NA,50.04,NA,1.45,1.85,NA,NA,NA
TA01120,141.7,94.21,NA,1.63,0.94,2.86,NA,NA
TA01121,125.17,61.26,NA,2.48,1.85,NA,NA,NA
TA01122,116.07,56.26,NA,1.97,1.85,NA,NA,NA
TA01123,126.79,60.39,NA,6.26,5.84,2.94,NA,NA
TA01124,125.17,48.09,NA,-0.5,1.41,NA,NA,NA
TA01125,133.36,99.66,NA,0.48,1.41,NA,NA,NA
TA01126,131.63,87.48,NA,1.45,1.41,NA,NA,NA
TA01127,132.31,99.66,NA,0.99,1.41,NA,NA,NA
TA01128,144.43,114.88,NA,3.5,2.63,NA,NA,NA
TA01129,129.43,75.78,NA,7.48,3.72,NA,NA,NA
TA01130,125.7,50.39,NA,6.5,1.85,NA,NA,NA
TA01131,128.41,92.87,NA,2.62,0.94,3.18,NA,NA
TA01132,127.43,93.75,NA,2.32,3.17,3.1,NA,NA
TA01133,124.02,76.51,NA,2.48,2.51,NA,NA,NA
TA01134,135.73,133.09,36.64,1.95,3.8,2.91,13.55,27.53
TA01135,135.68,139.38,42.92,2.46,2.58,3.08,14.72,30.45
TA01136,132.3,133.35,39.28,2.82,3.5,3.67,15.42,30.91
TA01137,140.48,74.66,NA,0.48,2.19,NA,NA,NA
TA01138,133.48,88.92,NA,8.5,2.94,NA,NA,NA
TA01139,137.43,100.38,NA,1.96,0.94,3.1,NA,NA
TA01140,140.29,94.74,NA,0.32,0.65,3.1,NA,NA
TA01141,133.75,55.17,NA,1.45,1.76,NA,NA,NA
TA01142,130.39,70.39,NA,2.48,1.41,NA,NA,NA
TA01143,130.07,56.39,NA,1.45,1.85,NA,NA,NA
TA01144,138.17,94.4,NA,-0.5,1.41,NA,NA,NA
TA01145,136.26,94.4,NA,2.48,1.41,NA,NA,NA
TA01146,137.85,90.75,NA,3.5,1.41,NA,NA,NA
TA01147,125.7,69.18,NA,6.06,1.85,NA,NA,NA
TA01148,128.75,59.69,NA,4.01,0.98,NA,NA,NA
TA01149,140.26,107.7,NA,5.04,1.85,NA,NA,NA
TA01150,130.85,76.39,NA,5.99,3.72,NA,NA,NA
TA01151,131.48,71.36,NA,2.53,1.85,NA,NA,NA
TA01152,137.68,70.62,NA,2.48,2.51,NA,NA,NA
TA01153,123.92,71.87,NA,2.53,1.41,NA,NA,NA
TA01154,141.22,115.07,NA,2.35,0.65,3.18,NA,NA
TA01155,NA,NA,NA,NA,NA,NA,NA,NA
TA01156,133.07,70.87,NA,1.97,1.41,NA,NA,NA
TA01157,130.7,64.18,NA,4.97,1.41,NA,NA,NA
TA01158,131.97,51.51,NA,4.01,1.41,NA,NA,NA
TA01159,146.48,59.18,NA,1.45,1.76,NA,NA,NA
TA01160,130.7,67.83,NA,1.97,2.19,NA,NA,NA
TA01161,129.39,64.18,NA,0.48,0.98,NA,NA,NA
TA01162,132.43,50.78,NA,2.48,1.76,NA,NA,NA
TA01163,131.65,53.09,NA,0.48,1.41,NA,NA,NA
TA01164,123.48,64.78,NA,0.99,0.98,NA,NA,NA
TA01165,123.43,64.78,NA,2.48,0.98,NA,NA,NA
TA01166,129.26,61.61,NA,7.53,4.98,NA,NA,NA
TA01167,127.85,61,NA,7.53,3.29,NA,NA,NA
TA01168,129.75,64.91,NA,7.53,1.85,NA,NA,NA
TA01169,136.99,54.05,NA,5.09,1.85,NA,NA,NA
TA01170,121.97,73.69,NA,5.55,4.51,NA,NA,NA
TA01171,123.97,73.69,NA,7.01,4.51,NA,NA,NA
TA01172,124.61,78.09,NA,2.01,2.51,NA,NA,NA
TA01173,NA,72.6,NA,7.53,4.19,NA,NA,NA
TA01174,138.39,106.47,NA,5.35,1.24,3.18,NA,NA
TA01175,139.85,110.14,NA,5.04,1.41,NA,NA,NA
TA01176,139.12,101,NA,4.53,1.41,NA,NA,NA
TA01177,NA,50.52,NA,3.5,3.29,NA,NA,NA
TA01178,126.65,80.04,NA,4.53,1.76,NA,NA,NA
TA01179,126.65,70.91,NA,4.45,2.19,NA,NA,NA
TA01180,NA,NA,NA,NA,NA,NA,NA,NA
TA01181,133.48,72.48,NA,0.48,3.29,NA,NA,NA
TA01182,133.48,71.87,NA,-0.5,3.29,NA,NA,NA
TA01183,139.9,95.27,NA,0.48,2.63,NA,NA,NA
TA01184,136.17,102.7,NA,2.48,1.85,NA,NA,NA
TA01185,139.76,91.84,NA,1.63,1.47,2.94,NA,NA
TA01186,139.68,103.31,NA,2.92,1.85,NA,NA,NA
TA01187,141.04,96.23,NA,1.45,1.85,NA,NA,NA
TA01188,139.36,103.18,NA,3.94,3.29,NA,NA,NA
TA01189,136.26,62.6,NA,3.43,1.41,NA,NA,NA
TA01190,128.8,64.18,NA,6.45,6.07,NA,NA,NA
TA01191,128.8,71.51,NA,1.45,1.76,NA,NA,NA
TA01192,130.53,54.91,NA,-0.5,0.98,NA,NA,NA
TA01193,128.48,61.51,NA,2.92,4.19,NA,NA,NA
TA01194,125.39,57.6,NA,2.92,4.54,NA,NA,NA
TA01195,127.75,56.39,NA,3.94,2.63,NA,NA,NA
TA01196,131.95,57.35,NA,1.97,1.85,NA,NA,NA
TA01197,127.8,106.74,NA,2.99,1.85,NA,NA,NA
TA01198,132.29,85.2,NA,3.31,1.76,3.26,NA,NA
TA01199,142.81,104.07,NA,3.96,1.24,3.02,NA,NA
TA01200,122.87,89.42,38.08,3,4.23,2.89,13.4,34.24
TA01201,123.73,83.13,34.5,3.85,6.2,3.36,14.79,41.27
TA01202,120.44,77.46,30.86,3.33,4.86,3.37,15.39,43.74
TA01203,127.92,50.65,NA,2.48,2.98,NA,NA,NA
TA01204,134.39,100.27,NA,0.48,2.51,NA,NA,NA
TA01205,128.24,61,NA,7.53,3.72,NA,NA,NA
TA01206,NA,NA,NA,NA,NA,NA,NA,NA
TA01207,136.85,79.4,NA,2.06,0.98,NA,NA,NA
TA01208,134.75,95.27,NA,-0.5,0.98,NA,NA,NA
TA01209,133.48,101,NA,0.01,2.19,NA,NA,NA
TA01210,132.85,92.22,NA,0.99,1.76,NA,NA,NA
TA01211,135.16,105.53,NA,6.91,2.65,3.26,NA,NA
TA01212,135.9,105.39,NA,4.01,1.41,NA,NA,NA
TA01213,130.34,NA,NA,2.99,0.98,NA,NA,NA
TA01214,128.24,55.04,NA,2.48,2.19,NA,NA,NA
TA01215,130.07,95.75,NA,4.41,3.41,NA,NA,NA
TA01216,140.17,97.57,NA,2.48,1.41,NA,NA,NA
TA01217,137.63,90.75,NA,1.97,1.41,NA,NA,NA
TA01218,138.17,90.75,NA,1.97,1.41,NA,NA,NA
TA01219,136.9,93.18,NA,2.48,3.29,NA,NA,NA
TA01220,121.44,106.25,38.04,2.44,3.47,3.42,14.09,45.66
TA01221,120.1,105.02,40.11,3.41,4.63,3.1,14.42,44.38
TA01222,139.7,91.71,NA,1.63,2.73,3.18,NA,NA
TA01223,139.7,90.83,NA,1.97,2.73,3.02,NA,NA
TA01224,133.39,73.31,NA,4.45,2.19,NA,NA,NA
TA01225,129.63,62.85,NA,2.27,0.94,NA,NA,NA
TA01226,126.97,62.12,NA,4.92,3.29,NA,NA,NA
TA01227,126.34,79.91,NA,4.45,2.51,NA,NA,NA
TA01228,125.34,82.48,NA,3.94,3.29,NA,NA,NA
TA01229,137.85,93.31,NA,1.97,0.98,NA,NA,NA
TA01230,128.24,50.04,NA,3.5,2.19,NA,NA,NA
TA01231,149.8,70.65,NA,4.41,2.51,NA,NA,NA
TA01232,133.07,65.78,NA,2.92,3.72,NA,NA,NA
TA01233,NA,NA,NA,NA,NA,NA,NA,NA
TA01235,NA,NA,NA,NA,NA,NA,NA,NA
TA01236,NA,NA,NA,NA,NA,NA,NA,NA
TA01237,NA,NA,NA,NA,NA,NA,NA,NA
TA01238,NA,NA,NA,NA,NA,NA,NA,NA
TA01239,NA,NA,NA,NA,NA,NA,NA,NA
TA01240,NA,NA,NA,NA,NA,NA,NA,NA
TA01241,128.73,68.36,45.32,1.67,1.92,2.65,12.95,46.62
TA01242,NA,NA,NA,NA,NA,NA,NA,NA
TA01243,NA,NA,NA,NA,NA,NA,NA,NA
TA01244,NA,NA,NA,NA,NA,NA,NA,NA
TA01245,128.43,67.63,41.62,2.11,2.84,2.39,12.13,47.29
TA01246,NA,NA,NA,NA,NA,NA,NA,NA
TA01247,NA,NA,NA,NA,NA,NA,NA,NA
TA01248,121.23,60.63,41.05,1.67,3.39,3.61,13.06,55
TA01249,NA,NA,NA,NA,NA,NA,NA,NA
TA01250,129.42,66.21,35.52,1.67,2.69,3.19,13.48,50.79
TA01251,118.91,62.15,47.48,1.67,3.69,2.77,13,50.98
TA01252,NA,NA,NA,NA,NA,NA,NA,NA
TA01253,127.19,65.29,31.98,1.99,3.29,2.68,14.05,59.29
TA01255,NA,NA,NA,NA,NA,NA,NA,NA
TA01256,NA,NA,NA,NA,NA,NA,NA,NA
TA01257,NA,NA,NA,NA,NA,NA,NA,NA
TA01258,NA,NA,NA,NA,NA,NA,NA,NA
TA01259,NA,NA,NA,NA,NA,NA,NA,NA
TA01260,NA,NA,NA,NA,NA,NA,NA,NA
TA01261,NA,NA,NA,NA,NA,NA,NA,NA
TA01262,NA,NA,NA,NA,NA,NA,NA,NA
TA01263,NA,NA,NA,NA,NA,NA,NA,NA
TA01264,NA,NA,NA,NA,NA,NA,NA,NA
TA01265,NA,NA,NA,NA,NA,NA,NA,NA
TA01266,NA,NA,NA,NA,NA,NA,NA,NA
TA01267,NA,NA,NA,NA,NA,NA,NA,NA
TA01268,NA,NA,NA,NA,NA,NA,NA,NA
TA01270,NA,NA,NA,NA,NA,NA,NA,NA
TA01271,NA,NA,NA,NA,NA,NA,NA,NA
TA01272,NA,NA,NA,NA,NA,NA,NA,NA
TA01273,NA,NA,NA,NA,NA,NA,NA,NA
TA01274,NA,NA,NA,NA,NA,NA,NA,NA
TA01275,NA,NA,NA,NA,NA,NA,NA,NA
TA01276,NA,NA,NA,NA,NA,NA,NA,NA
TA01277,NA,NA,NA,NA,NA,NA,NA,NA
TA01278,NA,NA,NA,NA,NA,NA,NA,NA
TA01280,NA,NA,NA,NA,NA,NA,NA,NA
TA01282,NA,NA,NA,NA,NA,NA,NA,NA
TA01283,NA,NA,NA,NA,NA,NA,NA,NA
TA01285,NA,NA,NA,NA,NA,NA,NA,NA
TA01286,NA,NA,NA,NA,NA,NA,NA,NA
TA01287,NA,NA,NA,NA,NA,NA,NA,NA
TA01290,NA,NA,NA,NA,NA,NA,NA,NA
TA01291,NA,NA,NA,NA,NA,NA,NA,NA
TA01292,NA,NA,NA,NA,NA,NA,NA,NA
TA01296,NA,NA,NA,NA,NA,NA,NA,NA
TA01297,NA,NA,NA,NA,NA,NA,NA,NA
TA01298,NA,NA,NA,NA,NA,NA,NA,NA
TA01299,NA,NA,NA,NA,NA,NA,NA,NA
TA01300,NA,NA,NA,NA,NA,NA,NA,NA
TA01301,127.4,69.15,36.34,1.67,3.57,2.9,12.27,44.4
TA01302,NA,NA,NA,NA,NA,NA,NA,NA
TA01303,NA,NA,NA,NA,NA,NA,NA,NA
TA01304,127.34,69.67,41.88,1.67,1.7,2.72,12.52,48.75
TA01305,NA,NA,NA,NA,NA,NA,NA,NA
TA01306,NA,NA,NA,NA,NA,NA,NA,NA
TA01307,NA,NA,NA,NA,NA,NA,NA,NA
TA01308,NA,NA,NA,NA,NA,NA,NA,NA
TA01309,NA,NA,NA,NA,NA,NA,NA,NA
TA01310,NA,NA,NA,NA,NA,NA,NA,NA
TA01312,NA,NA,NA,NA,NA,NA,NA,NA
TA01314,NA,NA,NA,NA,NA,NA,NA,NA
TA01315,NA,NA,NA,NA,NA,NA,NA,NA
TA01316,NA,NA,NA,NA,NA,NA,NA,NA
TA01318,NA,NA,NA,NA,NA,NA,NA,NA
TA01319,124.92,68.58,41.82,3.65,2.37,3.66,12.7,45.41
TA01322,137.57,122.12,NA,NA,NA,NA,NA,NA
TA01323,122.36,65.4,43.52,-0.02,0.62,2.5,13.64,59.47
TA01324,121.36,67.09,47.84,-1.13,0.86,NA,13.31,54.76
TA01325,122.87,69.8,44.94,0.13,0.94,1.5,13.39,59.35
TA01335,NA,NA,NA,NA,NA,NA,NA,NA
TA01340,NA,NA,NA,NA,NA,NA,NA,NA
TA01348,NA,NA,NA,NA,NA,NA,NA,NA
TA01353,NA,NA,NA,NA,NA,NA,NA,NA
TA01365,NA,NA,NA,NA,NA,NA,NA,NA
TA02003,121.43,68.96,NA,2.11,2.54,3.29,NA,NA
TA02004,125.79,59.83,NA,1.9,2.24,3.44,NA,NA
TA02012,125.43,62.03,NA,2.94,3.88,4.36,NA,NA
TA02013,NA,NA,NA,NA,NA,NA,NA,NA
TA02014,NA,NA,NA,NA,NA,NA,NA,NA
TA02015,NA,84.38,53.39,NA,1.2,3,16.7,27.36
TA02016,NA,NA,NA,NA,NA,NA,NA,NA
TA02047,NA,NA,NA,NA,NA,NA,NA,NA
TA02048,127.86,94.23,53.1,3.93,0.91,2.93,14.88,51.93
TA02058,125.56,56.31,NA,3.48,2.22,3.29,NA,NA
TA02059,140.86,89.24,34.66,-1.38,0.09,3.04,16.34,27.26
TA02079,NA,NA,NA,NA,NA,NA,NA,NA
TA02080,NA,NA,NA,NA,NA,NA,NA,NA
TA02088,NA,NA,NA,NA,NA,NA,NA,NA
TA02517,131.15,91.8,45.83,0.06,0.19,NA,15.75,46.54
TA02728,124.86,96.67,32.27,-0.69,0.96,3.5,14.27,37.43
TA02930,NA,NA,NA,NA,NA,NA,NA,NA
TA02996,129.22,85.23,42.07,5.03,3.26,NA,16.85,53.67
TA03358,124.39,80.45,47.48,2.57,0.89,3.67,14.77,43.64
TA03408,123.14,78.52,44.37,4.45,1.04,3.04,15.98,45.95
TA03666,131.49,103.68,39.58,-0.23,0.44,2.45,15.74,47.59
TA03667,137.3,98.02,29.34,-1.39,0.09,3.14,16.52,53.46
TA03668,125.99,78.51,31.39,-1.56,0.09,3.33,14.56,72.85
TA03669,140.86,90.5,34.73,-1.21,0.09,3.26,17.19,53.59
TA03670,136.65,100.81,38.54,-0.42,0.32,5.61,17.49,59.01
TA03671,145.74,82.65,30.5,-1.26,0.09,2.93,17.82,55.33
TA03672,134.73,81.72,35.89,-1.21,0.09,3.33,16.27,45.3
TA03673,135.13,86.42,30.5,-0.86,0.09,3.33,16.07,46.53
TA03674,129.51,77.34,29.13,-0.6,0.32,3.76,14.32,41.4
TA03675,135.24,79.25,29.53,-0.86,0.32,3.37,14.12,35.34
TA03676,140.86,96.15,34.11,-0.31,0.09,3.04,15.58,28.41
TA03677,128.86,100.51,40.14,-0.06,0.44,3.72,14.58,52.68
TA03678,143.53,111.72,33.76,-1.39,0.32,3.26,15.43,69.21
TA03679,128.56,106.54,31.93,-1.21,0.58,3.43,13.41,49.88
TA03680,140.93,102.32,36.62,-0.46,0.09,3.04,15.85,41.06
TA03681,140.99,114.03,29.31,-1.15,0.09,2.55,15.95,59.85
TA03682,138.43,105.48,30.1,-1.56,0.09,3.04,16.9,51.99
TA03684,138.24,108.37,29.93,-1.56,0.09,3.54,16.62,47.19
TA03685,137.87,108.59,31.13,-1.56,0.09,3.14,16.7,55.08
TA03686,137.05,104.3,30.4,-1.43,0.09,3.04,16.42,52.45
TA03687,137.78,103.21,32.25,-1.43,0.09,3.14,17.36,58.84
TA03688,134.15,96.22,31.79,-1.31,0.09,2.84,16.63,52.66
TA03689,137.05,108.25,32.28,-1.49,0.09,2.84,16.43,53.91
TA03690,137.87,102.73,32.23,-0.38,0.09,2.74,15.74,60.05
TA04432,120.96,66.19,48.18,0.84,1.35,3.62,18.52,36.14
TA04642,125.94,73.21,NA,1.12,0.87,2.99,NA,NA
TA05020,122.99,78.62,NA,1.38,1.52,2.99,NA,NA
TA05021,126.71,78.49,NA,1.82,1.62,2.94,NA,NA
TA05022,126.17,81.91,47.83,2.66,1.27,2.99,14.42,40.64
TA05023,126.5,76.02,46.53,1.7,1.27,3.06,15.62,44.14
TA05024,127.85,80.43,48.69,4.14,1.13,2.96,15.43,44.75
TA05025,126.36,85.1,46.98,2.86,1.09,2.99,NA,45.14
TA05026,124.93,81.62,48.68,3.7,1.96,3.06,16.97,40.14
TA05027,125.06,77.69,NA,3.14,0.89,2.99,NA,NA
TA05028,125.45,81.58,55.78,2.31,1.63,3.45,17.62,42.14
TA05029,125.66,79,NA,2.16,0.66,3.93,NA,NA
TA05030,126.42,74.74,NA,-0.04,0.66,2.79,NA,NA
TA05031,126.42,76.38,NA,0.95,0.66,2.71,NA,NA
TA05032,125,89.54,NA,3.37,2.37,2.92,NA,NA
TA05033,123.76,81.92,NA,-0.65,0.66,5.74,NA,NA
TA05139,125.42,75.73,NA,1.48,0.91,2.89,NA,NA
TA05257,120.6,74.49,NA,2.91,2.7,3.44,NA,NA
TA05258,121.3,70.38,NA,3.11,3.36,3.51,NA,NA
TA05259,122.43,85.75,NA,2.34,3.46,3.68,NA,NA
TA05260,118.9,66.35,NA,-0.18,4.13,3.58,NA,NA
TA05261,119.55,64.34,NA,1.34,3.48,3.58,NA,NA
TA05262,121.36,68.54,NA,0.04,3.66,3.29,NA,NA
TA05263,119.6,77.25,NA,-0.18,4.49,3.26,NA,NA
TA05264,120.5,67.49,NA,0.6,5.2,4.34,NA,NA
TA05265,118.65,51.56,NA,1.1,3.12,4.26,NA,NA
TA05266,119.95,68.85,NA,0.6,4.84,3.22,NA,NA
TA05269,120.32,49.71,NA,0.08,2.63,3.41,NA,NA
