genotype,days_to_heading_BLUE,plant_height_BLUE,thousand_kernel_weight_BLUE
TA00001,125.00835641000842,68.35833014378503,41.39803640918963
TA00002,124.3892461995995,67.30053948322455,32.06069271224767
TA00003,122.44400280550774,64.96577425679283,NA
TA00004,122.61014556091199,63.467971288362676,42.067099527431566
TA00005,121.8488052847872,97.33306979571788,40.04871336745302
TA00006,126.85002847215355,78.71059852098975,38.03052461065131
TA00007,124.33910154960911,108.09397775255619,33.546359481613706
TA00008,135.93725215523588,76.51956085381117,42.227615252227736
TA00009,134.55381477106656,65.76636262787754,NA
TA00010,126.52408945210787,62.156716743041315,34.4612475785644
TA00011,128.1131598386716,57.764722892037334,35.98743585642574
TA00012,123.68369153189138,60.95127816754602,36.72600884403744
TA00013,127.56743310253407,58.88916005821767,NA
TA00014,NA,NA,NA
TA00015,117.19927466260935,71.1812818469469,50.48088878696037
TA00016,129.25472289426784,76.70000960750845,39.91481818435999
TA00017,121.64359885605906,98.69774309576201,NA
TA00018,127.22514458538973,123.08187945360498,48.701426974366385
TA00019,120.88925806581672,74.2425002422707,NA
TA00020,122.36475421336729,82.9952158541361,40.99398292589105
TA00021,140.44412799790646,100.85194657591029,50.25380353008904
TA00022,123.96712424932066,60.65195479135862,NA
TA00023,120.97806730254439,112.6146484783946,49.18833283543573
TA00024,121.31870181086087,108.9254886455208,49.68833283543573
TA00025,120.73486585801294,105.69103750829944,37.467794648029745
TA00026,132.58016106300965,116.88155827555408,33.046359481613706
TA00027,124.16701835513732,104.33166870959778,45.17523869650508
TA00028,122.98872432712824,94.31406102590589,41.03440005191966
TA00029,124.48497523707053,96.97167024517435,40.60331291668831
TA00030,122.13684349864859,99.874948096787,41.99697903108151
TA00031,122.70916245776328,99.56513875181204,NA
TA00032,NA,72.85661072644783,NA
TA00033,130.32007346279747,62.855465998785064,NA
TA00034,125.49335791776474,68.55002078129758,37.467794648029745
TA00035,140.13004498252906,106.09533952583027,50.701426974366385
TA00036,129.82143431620995,62.79079768726539,44.89577688391109
TA00037,NA,NA,NA
TA00038,120.58475121562856,92.452454115183,NA
TA00039,122.04335768167664,85.54069679964944,46.22106818276238
TA00040,124.91576025640082,112.9563516268779,45.64675590667632
TA00041,141.45761827959288,129.0386292397883,33.67523869650508
TA00042,143.21337638817045,108.74803335125584,38.73416232169306
TA00043,136.8145629768441,121.06262824472412,33.67523869650508
TA00044,130.2091490899235,71.37609801260585,36.85572971050207
TA00045,135.9524376922607,80.91654760183417,37.454700509099084
TA00046,NA,NA,NA
TA00047,123.06800413005037,91.99945129452081,34.993982925891075
TA00048,122.7464987521272,99.83390349814763,42.20547194228326
TA00049,117.95006655669118,114.0133666691535,47.21615339651802
TA00050,118.19870309495947,115.1432665723403,48.79996842655866
TA00051,118.00614315517699,116.30671889326484,48.7747771144258
TA00052,123.06837978127733,87.68831177964373,42.92677609858804
TA00053,119.69226322701553,101.00995425179818,NA
TA00054,NA,NA,NA
TA00055,123.80581062945217,83.43453964028963,40.55375005079009
TA00056,124.81489028910353,99.55121555400805,38.99398292589106
TA00057,121.06649741282489,91.59051442110783,36.9631698911818
TA00058,120.87416434783032,89.08478339134754,34.98177944919048
TA00059,120.87185170148993,88.6623795232758,36.80565401027846
TA00060,121.63046937949169,90.79938630592406,36.105932917954846
TA00061,122.59285421864388,92.04589722210538,37.53257766856157
TA00062,125.89840820150322,96.98981795849922,44.402323953376424
TA00063,123.17560441112029,79.09757957341772,30.26689766901972
TA00064,123.61320385606041,70.01519106144379,39.17220597607828
TA00065,119.90827660889013,67.94388109647859,NA
TA00066,122.18571555718977,69.94873245593475,39.26689766901973
TA00067,123.8195481281918,67.61140720142632,36.22761525222774
TA00068,121.75294122489022,58.91608669617373,39.27999180795039
TA00069,NA,NA,NA
TA00070,126.71516244057602,70.1254845704929,43.56600069000971
TA00071,122.96712424932065,103.52956520636148,NA
TA00072,121.58475121562854,60.87612768437331,NA
TA00073,136.72927097340113,80.83964964189786,35.967794648029745
TA00074,NA,81.9511450311079,NA
TA00075,120.58475121562856,59.876127684373316,NA
TA00076,125.93770042910538,69.89678936996158,NA
TA00077,138.28938022126965,95.27121400648117,41.57909482894037
TA00078,126.26531720854196,62.74837549768093,35.02444568272165
TA00079,128.3460570113148,66.34900534757662,39.78653887741572
TA00080,125.99654806953588,57.20554425064827,NA
TA00081,126.44790941051558,65.86167079433233,37.320398802199385
TA00082,123.06205488372912,61.797939138054765,42.319274224742365
TA00083,132.38760266244813,78.84040464147519,38.69487990490108
TA00084,127.99654806953589,69.3657968415792,NA
TA00085,127.45072789077909,75.82320041285548,36.18833283543575
TA00086,149.34569634457193,102.41435695278352,NA
TA00087,130.20892124613013,112.68602524517654,32.734162321693056
TA00088,131.7779169164953,118.8205363647092,47.00707706482171
TA00089,123.0126261473335,70.80710876266247,40.68178576597042
TA00090,NA,92.47847350780732,NA
TA00091,NA,89.55478882800115,NA
TA00092,132.85974032135601,93.3117139485648,38.461247578564404
TA00093,122.59232182420247,101.09414566387039,42.510038913842706
TA00094,124.77194265082785,107.18603002764156,41.90434368035253
TA00095,123.92986939008482,102.1257147316139,44.229322786998296
TA00096,132.9291476500778,116.08667357643391,39.165781998770846
TA00097,123.83403794848599,100.24225050787612,44.191284624609665
TA00098,123.3580581236601,103.37533745383736,NA
TA00099,123.87017557714675,93.95886341855515,NA
TA00100,128.23125104787331,62.3990765151722,43.04635948161371
TA00101,122.16960489471195,106.24930125169584,36.18833283543575
TA00102,122.10067995603426,98.94733072789569,42.9416063701684
TA00103,135.66729471676604,108.03739374585712,45.68178576597042
TA00104,132.56754648308078,122.13781077855973,46.474341717495044
TA00105,135.1756044111203,122.896933756435,53.76035059955441
TA00106,126.6730226762743,63.63129310577037,NA
TA00107,NA,NA,NA
TA00108,124.97281099389424,80.58229867926127,35.266897669019734
TA00109,126.53340980991489,82.11982842367503,NA
TA00110,124.54228446025952,111.61798853514864,43.9808887869604
TA00111,135.38839444635653,129.5834676192804,43.46124757856441
TA00112,116.37457365853408,84.24480973272809,36.64244113238264
TA00113,118.32007346279747,86.8979231872988,NA
TA00114,121.30342698432916,103.94918479529039,41.253803530089066
TA00115,129.7969067104916,91.9171242016736,47.474341717495044
TA00116,133.01828280171088,109.60532292823007,46.03326534268303
TA00117,129.80184974142844,85.76873568797676,33.033265342683045
TA00118,122.1379325602538,69.55581783946666,33.020622512502996
TA00119,122.74750958677025,89.62875883752068,45.761396033180255
TA00120,142.30607375907513,100.2448438369353,38.68178576597041
TA00121,133.20935579017905,71.75507118252106,39.526718273217725
TA00122,126.57144419128326,58.95138333521337,36.448913209619334
TA00123,122.11772545838984,106.39005179372867,39.279991807950395
TA00124,128.25594398783048,98.6847735528321,40.51362413428705
TA00125,132.68765432702,85.55213642429494,33.29136409810493
TA00126,123.91956116856782,93.2225337339192,29.9416063701684
TA00127,126.88216676446288,91.79153252356934,39.240709391158404
TA00128,119.06175445187394,73.34848444384929,27.240709391158447
TA00129,NA,75.68576110159385,NA
TA00130,125.89562834363468,107.59105277932599,34.74725646062374
TA00131,123.6706044221024,97.37559614779107,NA
TA00132,120.18372772780288,104.42217718881466,45.18856237419643
TA00133,136.40618922252645,134.41792798188436,NA
TA00134,136.91881473894594,136.0046576757381,41.35740674642473
TA00135,134.43600549946086,128.48817767256375,43.03508805967429
TA00136,135.26301251630025,136.82905719622772,NA
TA00137,134.9671242493206,135.0067792928819,NA
TA00138,122.29685921390839,105.49928605408311,46.681785765970396
TA00139,134.1825789121387,134.58821434659046,47.34290440864254
TA00140,131.47971755283336,123.81453522798006,45.56074783219195
TA00141,132.09560671494242,130.97622052598555,50.03935102316334
TA00142,122.45167392197993,61.10225849539595,36.53298454813798
TA00143,136.36374799798284,63.123737513169196,39.7603505995544
TA00144,123.92593884648113,57.50354261633142,33.188332835435745
TA00145,124.25912437169949,67.07049524751996,41.07737744524444
TA00146,125.04513506316542,85.96112855185305,37.44815343963375
TA00147,125.49146850088458,86.08511372265757,33.7210681827624
TA00148,123.46779824939551,86.03202405898821,39.46124757856441
TA00149,121.75294122489022,98.54027778714064,33.50052999535639
TA00150,123.14488329685068,101.41966881826133,36.253803530089066
TA00151,125.56049562030023,98.99592861395624,37.74725646062373
TA00152,NA,NA,NA
TA00153,127.15345652506691,61.47301841201654,40.68736311556046
TA00154,120.98203045263854,98.96225747763752,NA
TA00155,127.01857539365476,106.26329725977658,44.214521113297074
TA00156,124.88896547387284,94.9492735194103,40.25380353008906
TA00157,NA,NA,NA
TA00158,127.82466496558033,64.797015461457,38.008184560681
TA00159,127.797568577775,57.91687073643497,34.81369192928437
TA00160,120.54278665416032,92.4411146988123,41.27999180795038
TA00161,124.30588362924001,67.02106629705652,40.539812412148386
TA00162,126.63442438604488,75.52796004314847,40.70797404383174
TA00163,138.72927097340113,103.2068462354047,41.02017120375239
TA00164,NA,99.14021364042812,NA
TA00165,119.79775404304038,68.46951785280072,44.99392611684757
TA00166,130.0817022922352,104.25022639055416,37.694879904901086
TA00167,NA,119.08211730470056,NA
TA00168,134.63876025297293,115.0870948973516,38.7603505995544
TA00169,117.91769838082666,102.39792284959347,NA
TA00170,127.8290192070864,120.04015623629604,37.48743585642574
TA00171,125.6730226762743,60.631293105770375,NA
TA00172,123.91956116856782,97.65932361573076,41.48743585642573
TA00173,132.38810185441267,121.32355572952738,34.25380353008906
TA00174,122.33196483538734,101.43082772305905,45.513624134287056
TA00175,129.3407476793306,126.02914299999979,52.7857245471851
TA00176,128.68013433761493,121.35175100044741,NA
TA00177,126.75951230638667,59.09775566794343,39.73416232169306
TA00178,130.81948074191834,123.06723133336449,44.22761525222773
TA00179,129.2761072986385,114.20738128144146,50.0070770648217
TA00180,123.11772545838984,76.22814844493216,29.227615252227757
TA00181,124.03727259570724,109.63059292026274,47.95470050909905
TA00182,132.7106608550363,110.60976540137126,34.50052999535639
TA00183,NA,131.9329260466416,NA
TA00184,130.10661861648737,120.88074391882282,56.188332835435766
TA00185,135.58592395816675,121.25982701153112,43.47434171749508
TA00186,NA,98.55478882800114,NA
TA00187,129.37510087849083,85.3267705681067,44.05945362054437
TA00188,130.0876520295822,75.5004271228772,41.21452111329707
TA00189,132.15193415963122,80.35968752815717,38.55290655107905
TA00190,139.8138840737191,106.61344972328035,30.007077064821715
TA00191,128.32007346279747,66.38645852716743,NA
TA00192,130.95834995036594,127.78605660565924,48.18091328735204
TA00193,120.82171424148105,85.94981297777566,41.302978925702945
TA00194,124.62952273971588,122.02653139907122,47.96779464802971
TA00195,122.28624205005765,79.87224144505115,40.9808887869604
TA00196,136.46086715960672,121.61286855084083,36.34971821590713
TA00197,137.13426698992996,126.09341797518638,38.7603505995544
TA00198,124.8732991081252,93.38577742190199,39.78556273634886
TA00199,123.2470427862279,110.41574851539303,46.214521113297046
TA00200,123.46851078386773,59.41943333268214,39.06818670438391
TA00201,131.82620359785827,119.77132689493904,50.721068182762366
TA00202,129.9965480695359,78.67261647694683,NA
TA00203,124.6780811696609,97.46747000047812,39.0201712037524
TA00204,124.70685537733642,93.38099200982688,40.9808887869604
TA00205,133.9322819555657,127.87359362780411,48.734162321693034
TA00206,133.05447659323687,125.90958589054577,NA
TA00207,133.72760716610696,128.7219573574608,NA
TA00208,127.246750194284,65.16551705228632,36.98088878696041
TA00209,123.85228469320847,62.654048757544224,40.26689766901972
TA00210,120.56741281311756,77.97913742324958,42.714221473885026
TA00211,117.42468323903464,105.2121098510664,36.84610922462222
TA00212,124.48140352677467,67.62929297627336,36.697934933116194
TA00213,130.78213368003935,121.34445392432802,49.2668976690197
TA00214,129.86922856688003,122.21537158043606,NA
TA00215,125.04464908890962,89.85042364825514,42.00707706482173
TA00216,128.02602515458153,78.29569880417846,41.253803530089066
TA00217,133.91769838082666,97.02071945024247,NA
TA00218,132.62959392007247,114.45177451068085,32.02017120375238
TA00219,125.64359885605906,113.82081209612028,NA
TA00220,128.73385964262852,112.25162477933938,34.513624134287056
TA00221,120.16115997091616,63.805601475616335,39.43470929197302
TA00222,126.36393991725375,69.83335989980114,39.19892230351972
TA00223,129.93770042910538,70.38645852716746,NA
TA00224,129.16428765806486,119.71606366301012,49.99398292589103
TA00225,131.0286659709659,128.57821723137536,63.60851350790114
TA00226,131.4777605901151,131.77904285414783,66.86973999320867
TA00227,123.85110072364512,100.80627850918646,42.598276387005676
TA00228,129.4735380766784,135.1634462337699,53.4251632587996
TA00229,132.1481577014306,128.86700835947502,44.66059496489711
TA00230,132.47403455271657,133.57482179606535,48.77430912235087
TA00231,131.5731746914082,136.28891835907785,47.85590610216064
TA00232,128.62281108525093,77.6638036232912,47.799633016346355
TA00233,121.64359885605906,81.49758872299839,NA
TA00234,NA,78.2711859140208,NA
TA00235,NA,86.9511450311079,NA
TA00236,131.61417503584377,117.85265998561758,NA
TA00237,122.25907711851855,80.62821447256252,34.474341717495065
TA00238,137.1411188544967,118.07344972514329,NA
TA00239,118.48737129947027,104.02674129003083,43.114482584251576
TA00240,120.83212661195832,109.54593679484809,44.0193299574845
TA00241,127.8435643004673,115.0906294489267,NA
TA00242,124.12933135908848,95.33800087013215,40.25380353008906
TA00243,131.46841887744714,120.13655918019748,43.033265342683045
TA00244,126.2034065438578,62.87340985867577,33.487435856425726
TA00245,122.26573998828037,62.14756850447873,35.25380353008907
TA00246,126.49449997279733,64.42532136127005,30.253803530089066
TA00247,122.61417503584383,76.15871849882751,NA
TA00248,132.382133663826,114.81839747513155,39.20142697436641
TA00249,139.64780680732366,110.64878699685474,34.83891543313837
TA00250,NA,NA,NA
TA00251,126.88795925848842,75.39179330908567,39.00707706482173
TA00252,125.59887826031778,75.6408625049436,39.240709391158404
TA00253,137.64359885605901,124.4672074048178,NA
TA00254,NA,71.36572021868095,NA
TA00255,135.69717886196412,120.340515213783,46.4874358564257
TA00256,123.0196782510438,72.62023682808189,40.182593002401035
TA00257,119.93770042910538,82.35896885041392,NA
TA00258,123.42013219608413,57.600793763817755,30.53981241214838
TA00259,121.4388293981366,90.46642633777861,51.24070939115837
TA00260,128.32007346279747,64.20631611446638,NA
TA00261,NA,NA,NA
TA00262,118.33027803866011,92.55509723153885,NA
TA00263,126.45781919213296,73.67494972040906,37.21452111329708
TA00264,120.90827660889013,74.85191384057262,NA
TA00265,121.21644709153288,73.93849043505035,44.52671827321771
TA00266,128.83953673747726,84.43924625754121,40.967794648029745
TA00267,121.24564898129955,82.00555442311502,35.099102485894065
TA00268,118.10399778111557,70.30486941399198,34.53268967014358
TA00269,119.54330615001687,82.65123024748736,NA
TA00270,123.80420806512312,63.69812572744058,NA
TA00271,125.48435455131363,69.93218658125096,NA
TA00272,125.14952220059668,93.75553208833253,NA
TA00273,123.96712424932066,63.774828468167314,NA
TA00274,124.21324042493839,83.5078014408793,30.240709391158397
TA00275,130.16655199046173,79.91325737108932,35.48743585642575
TA00276,126.97632615974791,89.33449249692102,34.51362413428705
TA00277,126.23047761524282,72.6294265990682,NA
TA00278,122.1786018880873,62.097593042518795,37.52301388444556
TA00279,123.50024501493914,60.7599908753422,33.71664306932757
TA00280,121.97750357782162,66.35183336898585,37.20322884244251
TA00281,127.16299264272354,59.756337170981475,37.76035059955439
TA00282,123.94613861609585,84.80246366516339,34.73416232169306
TA00283,124.8265986887381,76.34435740012984,45.25380353008906
TA00284,124.57112331083485,60.97291516970235,NA
TA00285,135.14537086464998,75.70788508523003,34.51362413428705
TA00286,127.88605135427791,80.01922885438147,38.47434171749507
TA00287,139.6722034006862,107.5695465705142,38.747256460623724
TA00288,122.80267816087284,62.130973139988114,38.73416232169307
TA00289,133.6486802072476,127.65823811218185,44.02252206445204
TA00290,127.03047874113707,60.90034381610221,34.993982925891075
TA00291,125.95931298290269,61.05858617194973,30.111830176267027
TA00292,126.77506781744904,59.07175238448889,35.7603505995544
TA00293,123.23036989326651,72.02849519529407,41.68178576597041
TA00294,130.2426243443085,77.28978750687422,40.2407093911584
TA00295,125.13569082577867,80.09061865878562,43.747256460623724
TA00296,127.2278474003153,98.41416424709135,41.513624134287056
TA00297,140.52136906478245,61.499640122526564,37.694879904901086
TA00298,122.86400049776583,65.25449288526778,NA
TA00299,125.07715763361566,65.85880953444705,NA
TA00300,121.98955800583637,92.76545913313258,48.562755073393134
TA00301,131.0604523140662,80.37841987136362,29.74001998848129
TA00302,131.97529554368447,62.73535537142211,NA
TA00303,138.9420792943544,119.8290302111628,47.799633016346355
TA00304,124.58415237554688,79.38842219269523,34.20483419953295
TA00305,130.2689442999999,69.85547407512927,32.15016635536165
TA00306,130.48872211227058,72.87438362410253,37.011143276169
TA00307,124.98067675487736,81.8474281841879,36.90105704447277
TA00308,119.42266103035082,84.65555010678736,NA
TA00309,124.00782533834033,65.23050324414284,NA
TA00310,122.53892323957076,97.27663893747594,NA
TA00311,122.24387500920243,99.95305594175603,NA
TA00312,122.59597983991966,95.08895643505298,NA
TA00313,122.43752278253024,98.54498556930005,40.99398292589105
TA00314,122.36565043421278,89.21510134739312,45.98088878696038
TA00315,125.29934604989113,95.26900066829307,NA
TA00316,127.53334502013432,123.67044226896175,44.22761525222773
TA00317,122.54249310089232,65.52495737041767,33.99398292589106
TA00318,123.49085784781204,65.58305670926188,NA
TA00319,126.73482297482865,68.4651588693137,NA
TA00320,124.89028259544695,98.94112540497485,NA
TA00321,128.44699003541393,80.56164773288793,NA
TA00322,120.60197904413032,65.71314363665208,36.23525854031527
TA00323,124.46606342547791,66.2953728475221,NA
TA00324,131.9602657050766,118.09791440005223,45.98088878696038
TA00325,133.15829954217574,116.58023047236888,39.098736037336366
TA00326,132.96520295203305,116.16083137219621,45.72106818276241
TA00327,133.4425308193464,117.99450335160549,47.240709391158376
TA00328,123.229610444419,61.44365907775179,36.980888786960406
TA00329,124.9936457488677,90.93795511687321,NA
TA00330,125.3610548368825,65.68149384394789,38.17860730438482
TA00331,126.87976363967427,92.50750735749196,NA
TA00332,124.12688909245672,87.66948922097993,44.487435856425726
TA00333,125.44699003541392,74.03752551699439,NA
TA00334,137.29832710049274,111.27054817459766,29.25380353008909
TA00335,129.57209673339347,58.56848705078647,40.2407093911584
TA00336,127.77150761213352,67.08682925136073,47.06452125076459
TA00337,124.79874731064596,70.42986186892756,39.00707706482173
TA00338,124.87132415658449,78.32699210771712,NA
TA00339,123.02508245662682,70.09686805736395,31.51362413428705
TA00340,115.49103855015098,72.47622675492786,32.487435856425726
TA00341,119.18054681751181,78.16982891952367,NA
TA00342,121.62030190905328,69.94530534694589,35.73416232169308
TA00343,120.84417671298111,87.60688610040408,47.98088878696037
TA00344,120.71263500753624,74.54033743506163,48.24070939115837
TA00345,120.74145536101884,104.97506461823917,40.73416232169306
TA00346,122.82929017515283,100.57817737458089,43.48743585642573
TA00347,138.77817451418076,119.66695319662881,NA
TA00348,118.41263926732236,62.582710180868744,NA
TA00349,117.28073807709816,62.3755413687374,NA
TA00350,118.30016189781472,66.26440742843062,NA
TA00351,120.11402070151141,71.6046995301667,NA
TA00352,121.93523468036302,76.24026635803652,NA
TA00353,138.30844868985508,110.84467963087502,42.27999180795038
TA00354,124.83306426766028,94.45029012405413,NA
TA00355,123.14715820928063,71.27459891775105,36.967794648029745
TA00356,123.81909519499996,71.57088561356554,33.98088878696039
TA00357,126.58546591639914,61.37653075738975,NA
TA00358,117.85496921734016,67.21567777176612,NA
TA00359,124.14593549729865,68.72166625727374,35.98088878696041
TA00360,127.87132415658448,124.56821426665273,NA
TA00361,122.29565827775505,57.899358755397785,NA
TA00362,119.58008970683521,78.22390780544663,38.5005299953564
TA00363,122.361003540121,101.32127158129174,NA
TA00364,120.99496919498614,63.4338138698636,49.17041442259017
TA00365,129.37767606175458,109.56283382457073,50.0070770648217
TA00366,128.9600291026971,72.16860966255095,NA
TA00367,138.009944789496,120.55820715620175,NA
TA00368,130.2643606012075,110.825960032214,32.24070939115839
TA00369,123.7130462640875,82.97338861516165,NA
TA00370,125.81810614944443,101.7370287755019,NA
TA00371,123.60798637873059,79.25812671153581,NA
TA00372,133.5291672220254,118.01972219714837,40.29308594688104
TA00373,139.5155800421686,100.90551438708155,NA
TA00374,121.90497214883142,98.63996745966232,33.48743585642572
TA00375,127.41713171202055,97.78740590666327,NA
TA00376,124.1388151238455,75.58341996584245,NA
TA00377,124.04029456571993,88.5494828518024,NA
TA00378,124.14432652009614,82.18882534612055,NA
TA00379,125.85649358068143,87.2853142096948,NA
TA00380,128.74734533014924,104.79538716272265,NA
TA00381,128.75831171116752,98.77002341288143,NA
TA00382,129.01861079740178,107.68792156088419,NA
TA00383,120.70739771815738,95.52013076491038,NA
TA00384,NA,NA,NA
TA00385,128.4904698096525,105.67890315026202,46.214521113297046
TA00386,129.6422742353729,103.74351205294474,NA
TA00387,134.6103666683055,86.14733009822667,NA
TA00388,118.7369570766699,93.80814788361155,38.03326534268305
TA00389,118.99689217059284,69.1647170062667,NA
TA00390,118.60798637873059,71.02140361529548,NA
TA00391,120.38611429627038,79.57372716633411,41.47047257187979
TA00392,121.93914381183532,63.94248730881298,46.78653887741568
TA00393,121.5822689930874,69.2467361506918,NA
TA00394,122.64765444585466,81.40148552073347,42.760350599554386
TA00395,130.36409527515002,119.58466362689364,34.319274224742365
TA00396,131.55972728859794,108.42402408376489,40.799633016346384
TA00397,130.6027747214737,128.8071566564597,51.524551015597474
TA00398,130.0374154904083,125.84459590817731,49.75824931474103
TA00399,130.05878250524742,135.13126579750542,50.62521606704513
TA00400,122.45307494121903,70.37960308492443,40.7885593608475
TA00401,125.35885243526675,68.80954817529823,49.835777122300655
TA00402,125.34442337209836,71.51719023716862,45.18418951195828
TA00403,136.9035154176682,70.34103356612097,34.786538877415715
TA00404,127.32724412345149,108.83402326220207,NA
TA00405,121.66829236211014,71.39791169724788,41.99398292589106
TA00406,122.21214529696003,75.22403910783896,NA
TA00407,121.76911466898852,82.89174291125791,NA
TA00408,121.00702218407913,66.27172302945935,41.53981241214838
TA00409,124.52052711463622,105.0189625578174,49.0070770648217
TA00410,122.25627397029378,63.021868152681215,42.99398292589107
TA00411,121.85503276322535,81.98347579434902,41.602441843638914
TA00412,123.7840754222046,79.947134093242,NA
TA00413,129.49843247464312,76.77001777695902,39.74725646062373
TA00414,121.9981409416177,81.26348268204504,NA
TA00415,124.770242576317,78.5881979439068,NA
TA00416,120.77329548027453,71.15055861878403,36.48743585642574
TA00417,120.3986298454254,77.5192636374545,NA
TA00418,121.27691188654926,65.59180188163866,43.760350599554386
TA00419,127.60184016364703,88.9367584641794,44.26689766901972
TA00420,124.84777298316239,94.53462463855826,40.25380353008906
TA00421,121.58448874950271,82.83513123465892,37.77344473848506
TA00422,119.35703884021866,93.501988327207,NA
TA00423,123.4947734189181,81.23328810860647,NA
TA00424,125.61355130287525,74.78044940497462,31.77344473848505
TA00425,123.9879310604628,72.8161019829061,34.00707706482172
TA00426,121.3256784189866,79.47522443788263,36.253803530089066
TA00427,125.07828970099501,93.8331966483164,38.02017120375239
TA00428,126.86496367270561,66.72802695590813,34.29308594688104
TA00429,129.06869869210536,111.81453849671225,49.70797404383171
TA00430,126.19530132214568,91.92546561579798,39.279991807950395
TA00431,123.84154917147568,62.2879910993272,36.09428025876977
TA00432,123.59044757467792,74.58469821513307,NA
TA00433,125.06488077166631,91.72965571570248,37.852009572069036
TA00434,124.55088436711421,95.7846767585338,NA
TA00435,123.79381713376677,85.32288851405922,NA
TA00436,125.37469546681994,80.79166692546191,NA
TA00437,124.10962729059611,85.52102165931139,NA
TA00438,122.05869416860699,64.15100341064662,NA
TA00439,121.61679144796399,74.48975721717565,NA
TA00440,132.5887160085511,114.05265227989507,49.51745533046628
TA00441,132.9087290529016,113.78696137276063,NA
TA00442,131.78595370115949,116.62025804724232,NA
TA00443,132.9997054027129,126.70715540180517,46.04930714305848
TA00444,132.18945024947206,132.78427010906586,51.438961771992155
TA00445,131.60464344454556,131.833820371053,52.3546696143536
TA00446,131.18195642952077,129.77191542858642,51.02987929846647
TA00447,131.67010924839582,130.65576298017157,51.08076185587979
TA00448,128.9101665942316,110.38938588315213,38.21130205687154
TA00449,135.96012657336468,139.5184139082747,42.00106962423442
TA00450,133.28246661232893,133.48191445878567,45.07933647710584
TA00451,133.94343873387288,114.52270946083144,NA
TA00452,132.52873049611568,134.59858212154285,45.43384529437302
TA00453,133.03804132255024,127.47693297882326,NA
TA00454,132.377659588651,135.92461165159685,50.59682882151833
TA00455,130.51828154229437,126.38650382804089,50.97404576402144
TA00456,133.18275420773818,114.38267232665297,NA
TA00457,NA,NA,NA
TA00458,132.37857886020416,122.6307786521107,NA
TA00459,132.99814094161772,116.29983608278081,NA
TA00460,132.99814094161772,122.98874999209326,NA
TA00461,133.59044757467794,129.9059137482211,NA
TA00462,121.77605011777987,100.85640818261868,47.46124757856438
TA00463,132.42881786473436,69.58623548453679,NA
TA00464,126.36969544927695,66.99296993573105,40.48530201647329
TA00465,128.07799927696905,67.7317102311714,45.79963301634636
TA00466,128.59525142797844,66.95188537523651,NA
TA00467,124.90504066885593,72.53281623795996,41.2407093911584
TA00468,122.51750468643377,70.501231236903,34.993982925891075
TA00469,120.78978241164678,72.86933479649129,32.500529995356395
TA00470,123.01777694191878,82.6007281738428,NA
TA00471,120.66837021407795,74.20353225144987,NA
TA00472,121.86835844325968,74.82052613540301,NA
TA00473,121.58329265303455,66.82657834597212,40.240709391158404
TA00474,120.70609841975693,67.22946010465483,42.788123679376035
TA00475,122.18275420773821,95.90591374822114,NA
TA00476,123.0744107182606,66.06601072600085,NA
TA00477,119.95442201959334,48.567793200717844,33.77063030056769
TA00478,125.58226899308738,73.54009587151515,NA
TA00479,137.18275420773818,92.51199141366142,NA
TA00480,124.47444504173146,68.67851767856571,NA
TA00481,122.88643713503097,94.80608810342974,NA
TA00482,127.07441071826058,63.880340732676096,NA
TA00483,135.1043570363343,119.35150108680938,NA
TA00484,135.25798529626576,122.44748170240742,NA
TA00485,131.88380787344954,122.0162441759806,52.44815343963374
TA00486,133.95141928025748,124.27068187869813,58.52671827321771
TA00487,125.33058847244156,54.87151283335644,34.24070939115839
TA00488,138.8805089175476,121.13847882459876,NA
TA00489,133.08996203746858,130.9405591177522,47.487435856425705
TA00490,121.2989964819499,81.23898000962588,41.84081143125342
TA00491,136.4464073482821,106.87939984668094,36.279991807950395
TA00492,133.91997036802582,112.6885407784292,NA
TA00493,132.45750935322425,108.03319400697295,39.752709963879106
TA00494,124.95967410691897,73.70388785974103,NA
TA00495,128.1827542077382,68.10793963670122,NA
TA00496,124.61385453936501,81.49676556990681,45.24070939115839
TA00497,129.8970908948429,55.660836527565735,29.279991807950417
TA00498,129.34621323340716,59.673200511098585,42.00707706482173
TA00499,119.81352767549718,75.4291551697893,NA
TA00500,123.22713641809166,84.16297780294195,49.25380353008903
TA00501,123.14461810768974,83.86914962265416,43.79963301634637
TA00502,120.93343839030184,75.94668941503286,NA
TA00503,122.97173919164635,75.03353412527034,32.27999180795039
TA00504,121.87481735741679,72.34346670164096,31.74725646062373
TA00505,121.75810546581354,86.27825501050526,41.789294925446455
TA00506,117.90017852112737,77.11044464018661,49.79806261986985
TA00507,124.34866714775222,85.88952589260595,NA
TA00508,139.3025097151656,115.1062015589514,34.721068182762394
TA00509,126.37164518125435,91.87122234011267,45.20142697436641
TA00510,134.24011536315894,102.93385128171798,41.00707706482173
TA00511,135.82117747176346,105.42893078609308,40.77344473848505
TA00512,134.4227684315396,99.03372840883854,32.27999180795039
TA00513,130.62595035109183,103.78709517068401,47.747256460623696
TA00514,121.58197211413463,97.58049272700052,36.24070939115841
TA00515,120.17773013570194,86.37312367703082,37.99398292589107
TA00516,138.18436274138335,113.7535475568562,NA
TA00517,136.14541777516234,101.51292627921583,NA
TA00518,124.00493177843616,82.74474434932593,NA
TA00519,122.02776342812933,74.01374728117375,NA
TA00520,125.95566703879301,78.66187194671843,NA
TA00521,133.45563261530265,127.6690819336566,49.020171203752355
TA00522,127.3126233060204,63.92918833238368,NA
TA00523,125.14618974277627,67.10066475630714,NA
TA00524,128.6093704915892,81.46742946587766,38.26689766901972
TA00525,122.52646118815663,65.98884216640123,35.5005299953564
TA00526,133.41074748077364,96.86047406525033,NA
TA00527,138.77727867883613,106.69137401427236,47.26689766901969
TA00528,120.19247663311803,87.36857712749021,36.32068260359844
TA00529,NA,NA,NA
TA00530,123.63250799761754,85.83420111965448,NA
TA00531,122.13221412013893,71.18655944309091,37.60525361149844
TA00532,134.30985582118382,106.53352150895918,NA
TA00533,135.3827713999048,123.48819761001604,45.19748607167505
TA00534,133.19980901314713,133.85516846230678,45.42388086218009
TA00535,135.82809316776437,118.7251785022764,46.93277982844562
TA00536,133.4843923598132,131.08394619419937,43.8441799366731
TA00537,121.7861504793683,80.8107848212536,43.82778029326433
TA00538,132.80204998526543,130.2998197691701,44.243822231158646
TA00539,136.01975266858855,118.5666270198833,49.3202093936188
TA00540,137.4383975814089,115.85597106411132,51.84760031066887
TA00541,137.38481995506135,111.76724001131839,42.228722211497896
TA00542,126.75452602666344,59.89304324744552,NA
TA00543,123.82120016812517,64.60405310450162,NA
TA00544,131.18093462281922,81.12871749357632,NA
TA00545,121.99609134658377,65.86213589819084,39.751305516211964
TA00546,125.26470577083853,80.11623840053626,NA
TA00549,128.86194950137022,69.24686729323174,41.47681764111168
TA00550,126.59044757467794,73.46550857052512,NA
TA00551,118.8135276754972,72.0251033928291,NA
TA00552,127.12141869840872,80.94440082963756,NA
TA00553,123.6459979079704,82.73979697509404,NA
TA00554,124.50888532811948,83.46475533630405,NA
TA00555,131.8676184075426,100.75912636001485,NA
TA00556,120.34022441906345,73.91071967611423,NA
TA00557,120.00263169374489,93.50740430057888,NA
TA00558,127.0982655279277,108.18049547935485,NA
TA00559,121.50814283236265,94.97202766385584,NA
TA00560,123.67062872846036,82.78884883756872,NA
TA00561,127.1274015868867,113.93330458610123,NA
TA00562,124.39951723558221,79.73604072302248,NA
TA00563,123.67062872846036,81.32031721984748,NA
TA00564,125.67573817780648,76.77622292424078,NA
TA00565,124.40130580060722,103.8524872247888,NA
TA00566,125.25291813779846,100.65920041216015,NA
TA00567,126.6336850624637,98.06087470749218,NA
TA00568,127.7373509857725,103.00691825171059,NA
TA00569,119.39608959393216,66.32442516959776,NA
TA00570,135.94048871619358,130.38319719459238,NA
TA00571,134.80450762048673,111.88681100199915,NA
TA00572,NA,NA,NA
TA00573,132.08734493650968,117.84141422022282,NA
TA00574,135.1795181805713,94.82982480926165,NA
TA00575,135.1795181805713,98.48883961039635,NA
TA00576,126.22102806620737,64.89662962998773,NA
TA00577,125.00800094375496,69.59422796384742,NA
TA00578,121.50814283236265,56.685632497671406,NA
TA00579,121.50814283236265,66.09643189344447,NA
TA00580,125.1568864133641,60.21587672873181,23.838915433138425
TA00581,124.92483328891643,65.72120422185851,NA
TA00582,127.85026149378278,58.27258954130825,NA
TA00583,132.1099678277264,73.7702152945287,NA
TA00584,122.42772696952173,92.63917133142877,NA
TA00585,122.50814283236264,91.15042887230973,NA
TA00586,122.66283372314957,91.6898833438915,40.43208499514727
TA00587,124.0733961709378,81.96113874509437,NA
TA00588,122.08910529361317,71.03436232782832,38.60774561247634
TA00589,122.50814283236264,86.66922222581347,NA
TA00590,125.43268721153144,81.01017209578161,NA
TA00591,121.81202856684543,66.31737440885132,41.998368879181434
TA00592,124.09862936685859,69.17930772443808,NA
TA00593,NA,NA,NA
TA00594,121.14429526208957,87.56272591124049,40.9959230218301
TA00595,123.53072641526364,64.0378584573925,34.32440507689319
TA00596,126.36642726840938,89.2288173851162,43.600303878898295
TA00597,120.79455197205314,63.55776832515189,NA
TA00598,121.47591405844662,86.38871463486574,43.11027988814175
TA00599,124.5860058497293,89.26986483733873,46.84822740736809
TA00600,124.73722698619842,94.19195385847722,35.28572431484966
TA00601,NA,NA,NA
TA00602,122.7632250213882,93.10492033661096,NA
TA00604,126.16394596505519,84.74826807488331,NA
TA00605,130.38431411304248,97.21958088217829,NA
TA00606,115.9581264942017,84.20318820063261,NA
TA00607,122.83712160601686,62.14804436576482,NA
TA00608,NA,NA,NA
TA00609,NA,NA,NA
TA00610,122.7632250213882,61.58595399061707,NA
TA00611,119.10034486335186,77.17534041318329,NA
TA00612,123.16288192208955,71.65044373194911,NA
TA00613,123.90631556433432,76.83808655146528,NA
TA00614,126.02222514977294,61.519661458357824,NA
TA00615,130.7686139496753,58.327874081569036,NA
TA00616,123.25878397543006,73.08152725569198,NA
TA00617,121.04469529847975,65.20399847454814,NA
TA00618,125.0031486961344,60.43986330059509,NA
TA00619,123.16060488391837,59.24502296198752,NA
TA00620,122.19057066371842,58.884570885164436,NA
TA00621,125.9349590405814,61.177057680814634,NA
TA00622,125.7863917559195,67.7263910127761,NA
TA00623,NA,NA,NA
TA00625,123.43574920882223,95.21924965193125,NA
TA00626,121.9525516940946,58.603352391540724,NA
TA00627,123.7408861411331,75.363943614884107,40.62193857782181
TA00628,126.15231504436684,84.93642237382524,44.26466464811665
TA00629,120.98733257762015,76.32024667923586,47.197267202614796
TA00630,122.25928106133512,73.8023131344603,39.821415895817886
TA00631,123.83540610952357,75.73267826748216,NA
TA00633,129.59013358389598,88.83023148261185,40.26689766901973
TA00634,NA,NA,NA
TA00635,132.57218285218858,80.67337986331579,28.240709391158447
TA00636,128.50964579345086,92.18798629325795,39.980888786960406
TA00637,128.69897246615722,88.91267513852577,37.967794648029745
TA00638,125.71033199204817,121.49059349540873,44.214521113297074
TA00639,129.9831992787808,118.49691643544602,44.76035059955438
TA00640,122.61991259330541,74.57684155371628,39.72106818276241
TA00641,NA,NA,NA
TA00642,122.10034486335185,84.91188992893159,29.52671827321772
TA00643,135.2434075995343,98.77605992805302,NA
TA00644,120.30599569724124,90.08839814084166,NA
TA00645,131.79455197205309,65.74499867979962,NA
TA00646,127.22742492360116,85.68330802137925,32.33236836367303
TA00647,127.514277317774,73.61510138253291,36.95470050909909
TA00648,128.70601412681063,112.6490065838277,53.227615252227736
TA00649,126.89684071709074,64.24543011236325,NA
TA00650,123.78140437761571,67.75646441565618,36.73416232169308
TA00651,125.5000017640532,70.24654569934988,35.007077064821736
TA00652,124.5625388227909,83.0032831128851,35.24070939115841
TA00654,NA,NA,NA
TA00655,125.2185596766377,75.22787142367461,34.74725646062374
TA00656,124.14111885449671,85.55776832515188,NA
TA00657,131.29341617275253,125.04567774038324,46.58541396941371
TA00658,134.954911647262,128.95700394538767,45.6810118967959
TA00659,132.10269383018266,118.85635457916933,46.19621288497653
TA00660,132.37860171393604,118.65910807855245,45.82034167056648
TA00661,120.05754621756455,54.789071010479354,40.212069169927716
TA00662,122.53761017060886,79.97652200734666,42.42671445177354
TA00663,124.00418118503404,67.74728539742105,38.43626664862379
TA00664,127.22898391384498,67.55186984400659,37.90527723959282
TA00665,124.48864223816227,115.94869101804792,48.98088878696037
TA00666,127.82233108713936,87.08237681004135,29.046359481613763
TA00667,122.63643540741954,77.52264206367622,35.22761525222775
TA00668,125.36976543590869,78.293347949134,36.266897669019734
TA00669,133.3618526241936,117.57723415851329,36.0201712037524
TA00670,125.03609230812087,86.20381427499318,34.487435856425726
TA00671,122.76322502138821,81.94947622764221,39.214521113297074
TA00672,123.5625388227909,85.99813798723906,35.72106818276242
TA00673,122.77286905078584,72.48427055537144,35.25380353008907
TA00674,129.32031912074444,109.78962599110186,30.7210681827624
TA00675,118.64607943681723,96.11913663587406,39.96779464802974
TA00676,118.21972027643562,73.67399414910318,40.24975463262213
TA00677,NA,NA,NA
TA00678,125.57046735569529,72.22439477757734,29.24070939115842
TA00679,124.16138538129671,68.13821901191258,37.01329092981814
TA00680,137.35416404834618,136.20254123240557,39.120654802985314
TA00681,118.79570598744209,66.40833247715707,42.725558340099056
TA00682,136.70776364934162,137.05502596708232,39.445272967023726
TA00683,135.69725696966395,117.24811611853818,NA
TA00684,134.75924153692102,130.6412068812894,39.70581098851322
TA00685,124.41208532672294,91.72827408758604,43.124528325048786
TA00686,135.08696858974866,136.18435291386294,38.504226088872194
TA00687,124.16640238472434,108.90311804515036,39.17544205359076
TA00688,135.43692574060788,120.25243378904824,41.90662552075148
TA00690,136.8469679575629,131.58419211271593,38.53804398395485
TA00691,128.98722384846923,130.91219489034034,NA
TA00692,132.74752215799478,134.7909559774823,38.139035713788076
TA00693,133.30352734688313,139.57619041097652,36.763640161868395
TA00694,137.19304331932273,110.35891867531681,NA
TA00695,129.15867626641054,57.756464415656126,30.734162321693063
TA00696,123.95140000855339,63.45789814848368,34.82373683086291
TA00697,123.96219572349224,64.91149732413454,32.00707706482172
TA00698,127.28795603956497,68.9748092510753,31.266897669019727
TA00699,136.96048022699895,99.86680287579225,NA
TA00700,120.16288192208955,89.59702945150323,43.227615252227736
TA00701,118.50217924083778,87.72811908587968,43.622362129382395
TA00702,117.01825105167916,98.40506025723471,44.02042222996875
TA00703,117.89684071709077,104.90203065132121,NA
TA00704,NA,NA,NA
TA00705,125.26587034128207,112.36907260305702,40.00478618626296
TA00706,121.34569634457193,102.21350599898258,NA
TA00707,125.22541898082724,95.80745826010624,49.43505930070306
TA00708,123.56320219954364,54.37335346673158,33.965590390618104
TA00709,122.69897246615726,76.8458297684111,30.240709391158397
TA00710,142.9872238484692,128.25236624526968,NA
TA00712,121.97267517133545,101.74826807488328,36.240709391158404
TA00713,123.97267517133545,79.77285709720188,35.96779464802975
TA00714,NA,NA,NA
TA00715,122.50564809846028,76.36964972071122,37.77644561358149
TA00716,129.11151533816252,79.46389797267817,38.7603505995544
TA00717,131.1681714834875,95.35877983245004,40.48743585642573
TA00718,132.84441751711466,87.2252203537443,29.253803530089087
TA00719,125.57558490676219,71.23597356372403,32.29308594688104
TA00720,123.49828626755995,78.52660937493093,41.2407093911584
TA00721,131.03786200899424,133.55170080585947,43.52142795056045
TA00722,131.41613681657788,127.14909570128526,45.84758404959646
TA00723,NA,NA,NA
TA00724,NA,NA,NA
TA00725,130.98200085098057,126.88223239491674,48.72106818276238
TA00726,121.07459010980394,105.9370895408994,45.26689766901972
TA00727,139.1828473323037,88.93859338071063,44.25380353008906
TA00728,NA,NA,NA
TA00729,124.43574920882223,79.46804996883911,40.25380353008906
TA00730,127.16288192208955,97.25247603459002,40.20142697436641
TA00731,128.17252595148722,76.6571592767835,30.26689766901972
TA00732,140.08726984096765,106.92811051546383,38.26689766901972
TA00733,124.50964579345086,78.27859426761731,34.513624134287056
TA00734,135.7639452633713,113.48074377568189,46.552906551079026
TA00735,124.75186549549727,54.32211090156828,26.773444738485097
TA00736,127.28624054307171,58.26830401632537,32.747256460623724
TA00737,NA,NA,NA
TA00738,133.17703673045096,131.76791756524074,49.500529995356366
TA00739,135.24517907368673,136.12785646797767,NA
TA00740,135.21851236432047,118.48735980275967,NA
TA00742,129.58354237807947,129.26394410027336,45.79963301634637
TA00743,127.16116642559628,92.48505576496558,49.98088878696038
TA00744,128.68958228027802,64.71866829442794,37.5005299953564
TA00745,126.3759448959458,69.57212258613025,41.02017120375239
TA00746,123.4741476436161,84.45436495771932,52.993982925891075
TA00747,129.82586696674957,100.97996131449196,46.72106818276239
TA00748,132.71620167732706,102.95057099114325,39.04635948161372
TA00749,119.35951304941324,86.03318075305131,42.48743585642573
TA00750,121.34569634457193,80.02627564433485,NA
TA00751,119.35951304941324,94.2970821978714,44.747256460623724
TA00752,122.14280342151558,90.66655718621323,39.5005299953564
TA00753,121.89684071709075,83.43266046701099,NA
TA00754,124.11151533816252,67.62472891499685,32.99398292589106
TA00755,128.77750285279743,89.4161520744253,NA
TA00756,123.52318987705472,86.76646651534426,49.25380353008904
TA00757,119.84831345929774,89.7044353830704,51.967794648029745
TA00758,123.69085727151376,98.17134561065059,41.21452111329707
TA00759,123.47539897869322,92.83542342656261,38.73416232169307
TA00760,126.85462872378976,77.94590927302873,45.747256460623724
TA00761,131.19613684024813,103.76665718942859,41.786538877415715
TA00762,122.15171598079628,68.75994500577153,41.059453620544375
TA00763,125.77880150019178,88.34532331677629,42.73416232169306
TA00764,NA,NA,NA
TA00765,129.10141820716598,75.6518149350394,NA
TA00766,123.83680360522831,85.80356705173614,52.77344473848506
TA00767,135.64543518908647,112.06986334292333,32.73416232169306
TA00768,124.6922632270155,110.1505206373485,NA
TA00769,123.97603620423338,68.68425991507385,34.53580960092903
TA00770,130.69725696966398,77.89013161195616,37.279991807950395
TA00771,123.1725259514872,101.20895940063916,32.25380353008906
TA00772,125.15152239619862,57.905174384097265,36.50052999535641
TA00773,128.07591031507673,65.56458827843875,36.266897669019734
TA00774,123.83540610952359,88.41821039485089,39.25380353008906
TA00775,126.98722384846923,123.25236624526968,45.78653887741571
TA00776,133.69151173484158,61.22898094276088,31.266897669019727
TA00777,124.22941687373024,69.81308182423776,44.32006167305805
TA00778,125.57218285218856,70.52700197972811,31.513624134287056
TA00779,119.96391121998553,92.20778158624785,37.007077064821736
TA00780,118.87962519880942,95.43686385018131,38.980888786960406
TA00781,122.33716118149952,84.36665057970824,36.98088878696041
TA00782,134.49828626755993,125.58159407456515,43.27999180795038
TA00783,134.89794316826126,129.53253971017114,42.02017120375238
TA00784,130.92066222004314,111.86244295974046,40.76035059955439
TA00785,130.18388547737814,115.01396596897422,44.50052999535639
TA00786,135.2350630102249,118.88420127671586,44.27999180795038
TA00787,NA,NA,NA
TA00788,123.14148111796258,75.24874492238729,37.0201712037524
TA00789,120.44798508960957,80.6828761832928,NA
TA00790,121.24340759953431,82.90116778619394,NA
TA00791,NA,NA,NA
TA00792,124.42610517942455,75.93325564110991,42.98088878696039
TA00793,120.06480617228748,65.73520556410362,43.418494538339964
TA00794,123.20605032533395,66.1166040520437,40.847588117665246
TA00795,127.38431411304246,58.75646441565618,33.02017120375239
TA00796,120.05059600574073,65.35990001485027,43.831568880023326
TA00797,124.49828626755995,97.44633786338335,31.033265342683052
TA00799,123.77286905078587,62.619572978072966,37.77344473848506
TA00800,128.6091785902467,74.38450611945753,NA
TA00802,135.00177252560303,91.80564246029329,40.04635948161371
TA00803,128.6460794368172,124.94986883243928,43.25380353008907
TA00804,128.323750113731,133.87587404940933,46.2668976690197
TA00805,NA,NA,NA
TA00806,NA,NA,NA
TA00807,NA,NA,NA
TA00808,120.8979431682613,83.44075392142055,35.5005299953564
TA00809,123.78140437761571,NA,32.73416232169306
TA00810,128.2976000689626,112.48069584891375,44.77344473848506
TA00811,128.16116642559626,69.9221801802237,38.539812412148386
TA00812,113.82576208012594,91.4352161909774,45.500529995356395
TA00813,122.84696749958616,87.94555970380365,36.22761525222774
TA00814,123.43574920882223,65.14250663532168,34.24070939115839
TA00816,127.35789050854763,64.19057532718548,40.9432761056607
TA00817,131.8812717769974,116.65427977256064,43.96779464802974
TA00818,122.39706908494102,90.96342005805593,42.721068182762394
TA00819,115.37092860822494,85.22355526018416,43.59571076424512
TA00820,137.35578118891877,132.17922391304248,42.73679800320981
TA00821,126.48169058702662,102.68261007167064,NA
TA00822,138.17081045499395,104.39130695222947,38.26689766901972
TA00823,138.79595305474948,87.20625737857914,37.240709391158404
TA00824,NA,NA,NA
TA00825,127.17252595148723,67.46211963359895,42.773444738485054
TA00826,137.76150952489493,118.05111345136805,43.993982925891075
TA00827,119.68932843675961,91.14407705450999,29.681785765970417
TA00828,125.57218285218856,94.21331931669101,34.78653887741572
TA00829,120.82576208012594,84.25644334584476,NA
TA00830,NA,NA,NA
TA00831,124.99740349994784,76.76720801296192,40.535522443027666
TA00833,127.10034486335184,77.516711728436,37.5005299953564
TA00835,119.29572604830412,99.5800090499396,NA
TA00836,132.1846451630299,123.97931685994382,NA
TA00837,NA,NA,NA
TA00838,123.88723911069577,95.42537369844321,37.73416232169307
TA00839,122.51437194240849,78.9505790295581,37.007077064821736
TA00840,124.61277425169907,66.00606929241673,43.00707706482173
TA00841,120.69608840962779,70.94818155985287,38.00707706482172
TA00842,NA,NA,NA
TA00843,122.17435746080947,73.36479992910863,33.25380353008906
TA00844,125.4250817540189,70.98568707870261,32.25380353008905
TA00845,131.6109764209729,106.11494482134131,43.25380353008907
TA00846,136.7184616447948,107.57395642607594,40.513624134287056
TA00847,125.03730767891588,58.72437787813999,37.73416232169307
TA00848,NA,NA,NA
TA00849,140.91414126069512,85.31451313916637,41.99398292589106
TA00850,126.73775834621436,78.14859719001731,42.99398292589107
TA00851,122.36976543590869,63.27695526758832,43.694879904901086
TA00852,NA,NA,NA
TA00853,123.16047409713671,81.75703662855564,39.96779464802974
TA00854,127.33018481641768,74.05790440111687,NA
TA00855,123.88148032330768,68.76577749535849,42.214521113297074
TA00856,121.33378047787005,73.84974152240991,39.47434171749507
TA00857,123.87968249258151,64.23423097331444,34.02017120375238
TA00858,124.56443211991271,67.80127079463426,43.74725646062373
TA00859,129.0252221459693,97.75720780290976,44.52671827321772
TA00860,130.04090334036826,96.96367605693789,43.00707706482173
TA00861,134.4654367675851,93.6473386557248,44.72106818276241
TA00862,126.89356585625427,91.47452277037269,42.42196516177241
TA00863,133.94011015731445,93.24636108947497,46.227615252227714
TA00864,128.72385513697327,78.0052219800773,43.681785765970425
TA00865,129.3060137505245,93.61705066797332,39.980888786960406
TA00866,134.49140566420445,105.28001345815096,44.240709391158404
TA00867,136.19673069597647,109.35959461758443,39.44815343963375
TA00868,124.97267517133545,61.06662039948657,25.74725646062376
TA00869,139.1967306959765,108.11409750900197,36.266897669019734
TA00870,131.6230619539195,106.01296922861982,37.74725646062373
TA00871,128.41349897434637,74.60339710148803,39.44815343963375
TA00872,123.3180992834711,73.90494101203458,48.513624134287035
TA00873,135.18464516302987,84.46578190356982,43.27999180795039
TA00874,127.33018481641768,65.64917958632454,28.487435856425762
TA00875,118.70997177330052,93.7589024275886,38.18833283543575
TA00876,132.90205572774852,111.69227382822191,36.20142697436642
TA00877,122.89176802552808,79.4546702741028,30.214521113297074
TA00878,132.48781000275207,112.86155415829546,48.227615252227714
TA00879,129.34406818009046,93.96198143225905,39.70797404383174
TA00880,132.3301848164177,126.74326162458276,46.6817857659704
TA00881,133.6991192188678,131.25578139691973,44.18254640482184
TA00882,132.6007657661632,132.02595656580755,49.29647912516946
TA00883,131.00387325637593,128.52482562236318,47.26982418349642
TA00884,132.43661580031622,131.79195171077006,46.69693174466935
TA00885,131.12304664404604,126.41906556952874,46.17724307932337
TA00886,133.2833188404437,134.2806970463135,46.29908597713462
TA00887,132.85132689845713,128.88602289300434,46.43612734127199
TA00888,132.8052887637174,137.45229653691968,45.51069375453095
TA00889,132.4107231944936,133.74361015577685,45.53484029171511
TA00890,132.05585450097843,130.69172553441987,48.52614558920074
TA00891,NA,NA,NA
TA00892,123.43946787096574,102.35775368698464,46.0070770648217
TA00893,126.14659073346394,78.53846312680015,37.22761525222774
TA00894,127.4533512346385,71.01028098568064,34.74725646062374
TA00895,135.0252221459693,73.91874088444075,43.5005299953564
TA00896,124.9942597930123,92.41735893883244,42.201426974366406
TA00897,124.29392821757793,103.13748556055035,40.76035059955439
TA00898,130.87788466185532,109.05790440111693,39.74725646062373
TA00899,125.78248497098005,121.30240789143907,44.25380353008906
TA00900,127.87968249258151,79.31281851448753,30.747256460623724
TA00901,123.45972170971697,95.2846948318979,47.26211760967445
TA00902,135.33581522178793,112.26537831884511,45.721068182762416
TA00903,132.4757244698055,116.5971981717035,43.03326534268305
TA00904,132.63474530316634,143.41156854733373,51.277117034160845
TA00905,121.63058874916966,97.3486832456114,43.33208215364084
TA00906,136.19843527175368,133.82569065677325,42.6691387500323
TA00907,133.83604350666974,120.62108333930786,NA
TA00908,134.6193801390037,116.27758539166045,NA
TA00909,132.9098280603267,127.51260307780558,47.59568352173617
TA00910,133.11014148131875,131.0771878589215,49.29784393460626
TA00911,125.26597984232488,71.77443102534448,38.7603505995544
TA00912,127.71766780664115,77.11473876587006,46.552906551079026
TA00913,125.26597984232488,107.20126624919862,52.46124757856442
TA00914,132.28161642996739,89.24096521181411,40.240709391158404
TA00915,134.09464224719403,78.47527977811893,43.29308594688105
TA00916,135.48115379822013,75.64445796116578,NA
TA00917,NA,NA,NA
TA00918,121.72438024833185,98.79945010583079,NA
TA00919,123.15376012747909,61.947191295455575,NA
TA00920,131.0716574510279,76.79585065965175,43.5005299953564
TA00921,132.8087168920168,108.16236728787726,39.73416232169306
TA00922,142.59094895985183,111.23268793659511,23.747256460623763
TA00923,124.91877571414774,64.1355104816812,40.02017120375239
TA00924,124.80316057770135,70.89366902620617,41.74725646062374
TA00925,123.2916441483393,67.52704484166992,34.21452111329707
TA00926,124.88907537150124,78.51071313993718,37.47434171749508
TA00927,124.48551622805925,71.6028770081279,42.94160637016841
TA00928,122.74333211265562,59.440735297665015,40.99398292589106
TA00929,123.50099479907811,62.620342546914834,54.73416232169308
TA00930,124.00069443284403,71.14547524922816,31.747256460623724
TA00931,123.30893370402457,76.35720795681998,37.980888786960406
TA00932,125.55908772449045,85.01266317528348,41.20142697436641
TA00933,124.73831358317177,72.69063865386194,43.48743585642574
TA00934,123.57973350102107,73.27532752619692,35.96779464802975
TA00935,128.2581615485036,103.0524427859172,42.993982925891075
TA00936,124.66293268900705,61.00596949583334,39.25380353008906
TA00937,126.05097073033316,97.76650535674851,42.98088878696039
TA00938,124.90526841565168,83.88274319237276,42.993982925891075
TA00939,126.25590183919307,96.40766568146074,39.26689766901973
TA00940,124.61491935365939,83.94956237649494,45.73416232169307
TA00941,132.14874159799527,117.87698207109031,47.47434171749505
TA00942,124.07331975966638,102.21728592082007,40.73416232169306
TA00943,124.34411955666289,97.9018560786795,40.48743585642573
TA00944,122.9856994428686,77.55625878123497,44.25380353008906
TA00945,131.02710009254238,91.89002490402265,NA
TA00946,121.41763883248143,101.70134053674587,46.664854334875706
TA00947,121.56904205140223,95.40845453582422,42.704318570834324
TA00948,122.31647950555467,104.16846212352122,40.59377564048065
TA00949,123.0688260831221,77.9779368300941,NA
TA00950,126.33800451564424,93.62780288571086,NA
TA00951,130.18150922659015,111.2656541086493,NA
TA00952,123.82822521284848,70.53762886488946,31.96779464802973
TA00953,126.11967078637558,69.7234546450264,37.26689766901973
TA00954,141.71952371419735,87.68752955878111,36.79963301634639
TA00955,125.29839418109746,76.66571102065825,37.44815343963375
TA00956,139.83042757651387,71.87324144280996,38.773444738485054
TA00957,126.0716574510279,62.59300182047067,44.70797404383174
TA00958,124.41950045082761,81.04523146937558,NA
TA00959,124.2078885038454,88.24900721414427,NA
TA00960,123.95440422649632,77.38508959345214,NA
TA00961,123.19539077769308,63.512227589556424,41.07130325942845
TA00962,125.53677963932138,61.69942865679083,43.48743585642574
TA00963,125.408325936161,61.392288514052815,41.007077064821736
TA00964,127.21063486416169,54.451668316566604,35.81974261358185
TA00965,127.10068731848345,76.0843484618607,39.74725646062373
TA00966,129.81887501250543,60.58817254927625,35.21147507373541
TA00967,124.94214818049689,107.02095868091511,47.00707706482171
TA00968,124.6456431333218,67.68895216712811,35.24070939115841
TA00969,123.79097757973942,76.7652377845848,44.47434171749508
TA00970,125.5500927473307,99.85124515455735,45.94807656313791
TA00971,121.91107575447795,93.57224698813386,48.56734103987145
TA00972,123.95328175099935,100.94681382187957,42.25380353008906
TA00973,123.24023364798215,102.6849504693083,39.9808887869604
TA00974,121.59827816868925,71.40786008600836,NA
TA00975,126.11015858034743,77.69894077744799,39.513624134287056
TA00976,128.446302212541,111.4950748326875,45.73416232169307
TA00977,118.46807958327898,96.71747169362435,53.421965161772434
TA00978,125.20659903655515,70.55257650615339,47.55473059982248
TA00979,120.86061130114933,84.28398125640607,44.279991807950374
TA00980,129.83438119803125,108.98887144135097,NA
TA00981,124.62835357763655,88.8309198112868,38.69487990490108
TA00982,129.9739684716941,107.8681698252147,47.214521113297046
TA00983,125.14838856419013,61.49797699358775,35.76035059955439
TA00984,148.69705363367893,99.47995027173349,30.306180085811704
TA00985,135.3218114714938,105.092766919181,31.760350599554386
TA00986,133.9166540793703,100.41095557651002,NA
TA00987,127.02254760414543,69.7001518090225,36.7603505995544
TA00988,139.61103764214135,107.5310031577546,38.214521113297074
TA00989,138.67047762814695,119.14048833609348,43.53981241214838
TA00990,125.14092330417398,68.4353343163934,37.99398292589107
TA00991,127.08509167500506,91.97057599314095,38.99398292589107
TA00992,123.4533512346385,58.063540555432425,36.253803530089066
TA00993,NA,76.35746052925664,NA
TA00994,124.02522214596932,84.13180604401792,NA
TA00995,124.30601375052453,60.34926004527737,30.786538877415715
TA00996,131.80256090683403,100.10838687427977,45.74725646062373
TA00997,124.41172310117048,57.33713562680691,33.02017120375238
TA00998,NA,NA,NA
TA00999,121.02866264516406,86.88922644730111,43.44815343963375
TA01000,120.03032495380255,73.48726523103616,44.44815343963375
TA01001,117.50941208050433,70.14148873437777,35.26689766901973
TA01002,125.67636691298421,75.69692983641937,39.74725646062373
TA01003,125.86579912890873,53.97652519276102,43.954700509099084
TA01004,124.40015630789988,64.48717529822561,38.1640923647919
TA01005,131.0054047822456,60.521459061776156,NA
TA01006,133.0817354541597,59.52082661737903,39.48743585642573
TA01007,NA,65.8369607126917,NA
TA01008,130.5205865951709,71.3739458712915,41.70797404383175
TA01009,133.86450757702158,99.23211087584633,41.02017120375239
TA01010,125.44685866904892,70.15536250506162,32.77344473848505
TA01011,126.48204452168723,62.27967599156048,38.46124757856441
TA01012,125.00635455999499,61.97108645637559,38.227615252227736
TA01013,131.9108395877933,107.06798062044848,50.721068182762366
TA01014,124.36982480684148,88.89216114631998,38.253803530089066
TA01015,121.13440421994532,73.75496144643195,NA
TA01016,119.48872535980955,86.01666883420134,44.48743585642573
TA01017,121.20007021002411,84.29830590790598,42.74725646062373
TA01018,124.83939972751507,63.08901386671714,43.27999180795039
TA01019,124.23525606266247,60.97134215081308,33.25380353008905
TA01020,120.8220692276657,65.69377506906521,42.201426974366406
TA01021,120.01748813049744,66.46573806317205,47.007077064821715
TA01022,131.69890393879524,70.20595741086062,NA
TA01023,124.22315492282061,66.0419588783411,NA
TA01024,125.62669126899806,63.916771233697546,38.27999180795039
TA01025,129.59086133746263,133.88971548826413,44.13586154911112
TA01026,127.65865520397074,81.97245502620486,NA
TA01027,131.3646695990609,131.7860752020497,47.79314817879789
TA01028,135.08123175002905,120.51281356825552,43.42071629376739
TA01029,132.58126724625168,125.30717810826556,47.09332977944019
TA01030,134.8938670941969,119.40767892582798,44.25740515435864
TA01031,137.3205617648896,111.98876706883006,43.481693773660545
TA01032,134.90995370198013,127.31722454022045,46.166067275683375
TA01033,130.24955851907765,130.94738578898136,45.660541805705144
TA01034,130.3197674334245,129.3483217963776,43.44049210915435
TA01035,125.35215436052039,90.20595741086063,NA
TA01036,125.78765464167051,91.56245869490606,NA
TA01037,124.48115379822016,92.08295851147099,NA
TA01038,127.22315492282061,87.80845649368533,NA
TA01039,127.22315492282061,87.2879566771204,NA
TA01040,125.13440421994534,88.84945612681523,NA
TA01041,125.26340365764511,92.91895997895148,NA
TA01042,125.48115379822016,88.32895631025029,NA
TA01043,125.69890393879521,88.32895631025028,NA
TA01044,129.80365741836886,75.4980884179404,28.253803530089073
TA01045,118.69954585874014,54.79054433060721,40.27999180795039
TA01047,125.91478062167981,70.77361378232523,37.74725646062373
TA01048,124.83939972751507,86.67624966932307,44.487435856425726
TA01049,131.53285762137233,103.82771804445886,31.033265342683045
TA01050,121.1040435393288,67.41213799536054,38.51362413428706
TA01051,129.54738835688428,96.71988986597752,NA
TA01052,124.55406919500663,58.67695548798969,42.461247578564404
TA01053,125.35865029217483,58.035901678248514,27.786538877415733
TA01054,122.00465130719235,57.68716305621908,35.70797404383175
TA01055,127.09286902466218,91.49389355886161,42.73416232169306
TA01056,126.8136944773365,107.53153837993051,22.33115760224394
TA01057,120.35226285809452,75.17681335485445,47.721068182762394
TA01058,129.76981620526314,54.34209074886063,34.02017120375238
TA01059,126.90479612917443,63.55084778317379,35.22761525222774
TA01060,130.9354263982104,70.94370327362911,29.747256460623717
TA01061,128.1735491822349,78.8942266921583,51.31927422474237
TA01062,129.59027963871668,59.70978563661237,39.26689766901973
TA01063,134.1260184855095,106.0184511837505,46.77344473848504
TA01064,133.87712766118113,104.56036320707774,43.773444738485054
TA01065,130.73950454228165,99.76905737317466,46.33236836367303
TA01066,139.40569862724948,105.69955505648409,36.31927422474239
TA01067,135.99494449980529,126.65179767374735,45.82582129420769
TA01068,139.07048187433207,116.1596197518476,NA
TA01069,121.55406088889562,80.43693110070427,42.9873491352581
TA01070,121.09983337372508,77.16759514146361,44.68576938237195
TA01071,124.87288232735078,57.50652355648568,43.03326534268305
TA01072,123.35215436052039,76.46796401452278,NA
TA01073,125.77421388250838,63.84508877032242,36.22761525222774
TA01074,137.48710399533525,81.78517254564464,43.227615252227736
TA01075,142.78068714025386,111.98929288422741,31.53981241214838
TA01076,130.00540478224553,62.28795667712039,NA
TA01077,126.18558041867631,75.3376061725846,37.00707706482173
TA01078,119.37986186580912,76.30767399016943,NA
TA01079,118.86061130114936,71.8341849844079,37.227615252227736
TA01080,144.19133049409257,88.85424917364294,NA
TA01081,140.10577839569984,102.17678213936888,40.27999180795039
TA01082,124.2899818397008,68.40817942775644,30.513624134287056
TA01083,134.88026539344582,113.56953971816375,47.51362413428704
TA01084,130.67860088021794,111.34035759940994,36.0201712037524
TA01085,126.39870462701035,96.64761102834899,NA
TA01086,134.00325917090746,115.5508556133291,47.02017120375238
TA01087,131.34932654082635,104.97554098706962,45.74725646062372
TA01088,121.69902161680218,90.47264809144255,NA
TA01089,119.02261332998401,105.55911162701935,43.96374329915041
TA01090,121.13440421994532,94.2754612629969,NA
TA01091,127.48112556058001,87.44326567860513,NA
TA01092,124.73831358317177,79.06871015461103,37.7210681827624
TA01093,125.37484333632528,72.07364059010494,40.227615252227736
TA01094,127.48115379822016,58.959959612081356,NA
TA01095,122.7896831393648,76.0721942856416,40.02017120375239
TA01096,130.42076649758997,69.24873662482742,30.266897669019716
TA01097,138.54985658642101,94.13588506428172,38.79963301634639
TA01098,130.60967122278464,71.19349737389643,26.77344473848507
TA01099,129.99872480213438,70.98479565484993,30.033265342683045
TA01100,128.02989774230963,75.21902838873568,31.84912278976101
TA01101,130.68357846553766,71.94273140573928,32.57909482894036
TA01102,125.33497391094765,80.05996131711412,42.807834106838456
TA01103,130.8239365240753,79.75518699122061,33.494269795886176
TA01104,126.00504046448877,68.87649826787188,37.03326534268306
TA01105,127.59848235083945,76.7455688639057,37.0549854705823
TA01106,134.9560815153368,127.30032927311811,44.99398292589107
TA01107,128.01246960101363,73.76373557777224,33.24070939115839
TA01108,121.78765464167051,65.83696071269169,NA
TA01109,122.6635300896791,75.57630886830134,43.78653887741572
TA01110,128.949925530154,70.55624042908408,35.47434171749507
TA01111,129.18338117649205,83.96697276873739,33.79963301634637
TA01112,127.86676728633213,85.1016261645304,37.99398292589107
TA01113,126.77685565665546,90.73419718391233,33.33236836367303
TA01114,129.00243254204597,81.31234226723592,42.04635948161372
TA01115,125.29278160403824,71.31512057959992,43.00707706482173
TA01116,119.77405589231802,66.44398804660256,46.734162321693056
TA01117,116.09824860167761,70.1041681854198,NA
TA01118,115.6719173437346,71.07734655125508,NA
TA01119,115.6719173437346,71.54589269733916,NA
TA01120,134.44427747639827,102.09477209811405,47.27999180795038
TA01121,123.66628890985238,70.71144165090858,37.240709391158404
TA01122,114.81089471299909,67.46346107292014,34.487435856425726
TA01123,125.19217092058936,72.27885621369856,NA
TA01124,124.3296204247193,59.68452694454213,37.566000690009716
TA01125,130.71374578869214,105.46623734811254,47.734162321693056
TA01126,130.37092131837628,97.42968072866773,35.29308594688105
TA01127,130.64172111537277,118.64906891373326,46.77344473848504
TA01128,138.5736594041666,117.10347275376512,50.03326534268304
TA01129,124.88129802184409,72.17280623819966,35.51362413428706
TA01130,121.22132272782255,73.61565361887338,39.240709391158404
TA01131,124.96782771483593,101.0135313525569,48.50052999535639
TA01132,124.54857854077679,91.78155817168104,46.21452111329706
TA01133,122.56580016618115,81.48557021091463,44.30618008581171
TA01134,134.06780473769842,132.00669756152286,44.075262911799804
TA01135,133.39308587371232,137.5413103394879,45.716137067060494
TA01136,130.811299158876,129.8746972311538,41.88824403505655
TA01137,136.91478062167982,78.61410729565509,40.773444738485054
TA01138,130.9166540793703,93.01345465933474,NA
TA01139,135.5957112597305,102.99206936348986,NA
TA01140,139.1007923463637,96.58349056091004,NA
TA01141,130.78765464167049,62.71396181330208,NA
TA01142,125.62669126899806,73.6927042010062,38.02017120375239
TA01143,124.76292232181554,80.13961870142666,40.03326534268305
TA01144,132.48374777448987,105.31047250830858,50.26689766901972
TA01145,132.0314624095015,107.83396602649833,48.53981241214838
TA01146,132.40836688032513,102.69691537506424,47.52671827321771
TA01147,122.6635300896791,65.8527109912027,45.26689766901972
TA01148,125.38937407183727,89.11962030080116,37.78653887741572
TA01149,135.7718371271716,115.19468297551529,45.500529995356395
TA01150,125.40836688032515,86.09732167586296,46.500529995356395
TA01151,128.4435433923677,86.81127877922016,43.5005299953564
TA01152,133.35643152702843,90.15655928974844,NA
TA01153,119.40321127212597,83.77258470525896,30.24070939115839
TA01154,138.8768791747356,135.1158123984239,47.27999180795038
TA01155,NA,NA,NA
TA01156,129.868461198539,82.44806706122027,40.227615252227736
TA01157,123.7444305414141,76.00547107582452,33.50052999535639
TA01158,NA,59.59096291391244,NA
TA01159,139.78025282166496,82.2584623331837,35.27999180795039
TA01160,127.44090506339566,72.8084564936853,NA
TA01161,126.32852391318448,78.25606932729634,32.9808887869604
TA01162,127.87178581581597,68.18412517084458,33.513624134287056
TA01163,124.87788466185532,58.60137072118294,NA
TA01164,120.91665407937028,70.2059574108606,NA
TA01165,122.01582582185895,70.04396670657879,43.812727155277045
TA01166,127.12748908019685,67.4148378620881,33.760350599554386
TA01167,124.11019952451159,72.81369266846589,32.033265342683045
TA01168,124.95667891600881,73.2228401281642,33.77344473848505
TA01169,135.52140253304464,58.84945612681521,NA
TA01170,117.40500910285215,81.64225935782463,39.99398292589106
TA01171,120.12241966757077,84.51010141205815,43.2407093911584
TA01172,118.97867784490916,79.30492645413985,33.43505930070308
TA01173,133.39886279017628,121.64128603186111,44.26689766901973
TA01174,134.3112239467349,120.0549454330959,45.73416232169307
TA01175,133.88911631566538,125.73934944952586,43.2407093911584
TA01176,136.3521543605204,106.24695704399046,NA
TA01177,NA,56.56245869490606,NA
TA01178,123.93768610752096,81.74957046052454,44.02017120375238
TA01179,121.85371359596215,78.50034807462714,43.21452111329708
TA01180,131.06704910678047,97.72536491814905,42.513624134287056
TA01181,130.91665407937026,78.95995961208135,NA
TA01182,130.91665407937026,78.43945979551641,NA
TA01183,132.03818419178796,110.20323120933921,46.082610635736515
TA01184,134.5412323717015,116.16921559219799,43.26689766901973
TA01185,135.9937711390089,103.97513916428204,39.30618008581171
TA01186,137.97170876238357,117.77625378479792,45.02017120375239
TA01187,136.94604445636915,118.72383499081229,42.773444738485054
TA01188,136.32906396821141,130.16425438036967,23.99398292589108
TA01189,132.42565643601037,61.50807313746442,27.033265342683066
TA01190,124.73053623351464,74.40950188368359,38.02017120375239
TA01191,124.33634220700576,80.45190129101493,41.500529995356395
TA01192,127.8136944773365,63.75784671715776,34.51362413428705
TA01193,127.40500131888403,68.65865984470211,33.73416232169306
TA01194,123.24196850435317,66.21042130151996,30.76035059955438
TA01195,125.70652489554294,65.175323410722,31.51362413428705
TA01196,131.61937208603953,66.1018911951679,39.513624134287056
TA01197,126.21124472469073,109.4773102692607,38.78653887741572
TA01198,129.1582537439934,91.81019186028499,NA
TA01199,139.65334195143421,109.96671788126909,NA
TA01200,121.73879881789567,90.9523935341778,40.512958233352215
TA01201,123.22258645575832,83.5329506426058,36.92895097913894
TA01202,119.5078093961727,78.10748030526749,33.31679387743034
TA01203,NA,57.398460162386556,NA
TA01204,126.31989711419727,96.54056467433409,41.500529995356395
TA01205,125.53486756184101,64.80800585445661,34.4612475785644
TA01206,124.38431411304248,59.21178455463463,32.721068182762394
TA01207,131.67750436868315,89.92473546021947,40.02017120375239
TA01208,129.16829086299106,99.06982320460214,40.21452111329707
TA01209,129.26096131284103,99.44005923674706,41.500529995356395
TA01210,128.97563078033255,97.64812291279628,41.7210681827624
TA01211,130.96343704735668,108.77134071738004,46.7210681827624
TA01212,131.18222419783098,112.58836895373283,52.50052999535641
TA01213,126.54515438965055,60.63507824476877,29.980888786960392
TA01214,NA,61.8779603458216,NA
TA01215,126.85894899251086,104.40783662131071,46.007077064821715
TA01216,135.28164803353576,104.83566104661989,49.773444738485054
TA01217,133.75564408302117,107.66145836284124,NA
TA01218,133.80089859819554,109.08662934290837,NA
TA01219,134.827903376495,96.6569533752893,NA
TA01220,121.55497257907498,106.67338491006475,40.92403978118229
TA01221,120.11275356990738,104.26392830666961,42.64849718437881
TA01222,137.2334460096996,102.20714302275017,38.27999180795038
TA01223,136.93761821134802,100.83376070507973,37.00707706482173
TA01224,130.2231549228206,77.49295484276979,NA
TA01225,125.72395901751104,65.05523068535652,32.99398292589106
TA01226,119.57651765285932,61.95318768962682,37.227615252227736
TA01227,122.87640534454579,86.0419588783411,NA
TA01228,121.80477967198041,92.07338798365097,37.500529995356395
TA01229,132.937129651013,102.02845897961377,49.474341717495065
TA01230,NA,56.87796034582161,NA
TA01231,142.85563371582973,81.26571537086718,35.99398292589106
TA01232,130.00540478224553,73.234461629867,NA
TA01233,NA,NA,NA
TA01235,NA,NA,NA
TA01236,NA,NA,NA
TA01237,NA,NA,NA
TA01238,NA,NA,NA
TA01239,NA,NA,NA
TA01240,NA,NA,NA
TA01241,128.04930765220948,70.06043598327015,42.99927724112713
TA01242,NA,NA,NA
TA01243,NA,NA,NA
TA01244,NA,NA,NA
TA01245,128.0437960784084,68.3585710916007,44.29357528573648
TA01246,NA,NA,NA
TA01247,NA,NA,NA
TA01248,120.39015177832056,62.3170190531409,43.510182789592896
TA01249,NA,NA,NA
TA01250,128.80601991557722,67.48601575241173,37.80524265806571
TA01251,117.99444605046212,63.0460466369393,49.89503981210331
TA01252,NA,NA,NA
TA01253,126.88656974821689,66.8939048403428,34.47544139916048
TA01255,NA,NA,NA
TA01256,NA,NA,NA
TA01257,NA,NA,NA
TA01258,NA,NA,NA
TA01259,NA,NA,NA
TA01260,NA,NA,NA
TA01261,NA,NA,NA
TA01262,NA,NA,NA
TA01263,NA,NA,NA
TA01264,NA,NA,NA
TA01265,NA,NA,NA
TA01266,NA,NA,NA
TA01267,NA,NA,NA
TA01268,NA,NA,NA
TA01270,NA,NA,NA
TA01271,NA,NA,NA
TA01272,NA,NA,NA
TA01273,NA,NA,NA
TA01274,NA,NA,NA
TA01275,NA,NA,NA
TA01276,NA,NA,NA
TA01277,NA,NA,NA
TA01278,NA,NA,NA
TA01280,NA,NA,NA
TA01282,NA,NA,NA
TA01283,NA,NA,NA
TA01285,NA,NA,NA
TA01286,NA,NA,NA
TA01287,NA,NA,NA
TA01290,NA,NA,NA
TA01291,NA,NA,NA
TA01292,NA,NA,NA
TA01296,NA,NA,NA
TA01297,NA,NA,NA
TA01298,NA,NA,NA
TA01299,NA,NA,NA
TA01300,NA,NA,NA
TA01301,127.9788291286053,71.65721756741726,38.88480037172745
TA01302,NA,NA,NA
TA01303,NA,NA,NA
TA01304,127.15298159054397,70.33284401936851,44.35176917915476
TA01305,NA,NA,NA
TA01306,NA,NA,NA
TA01307,NA,NA,NA
TA01308,NA,NA,NA
TA01309,NA,NA,NA
TA01310,NA,NA,NA
TA01312,NA,NA,NA
TA01314,NA,NA,NA
TA01315,NA,NA,NA
TA01316,NA,NA,NA
TA01318,NA,NA,NA
TA01319,122.91261405036998,69.37561430023098,44.24603722085077
TA01322,136.07142263559552,129.27957805634492,48.734162321693056
TA01323,121.40460692460846,68.19202221880971,47.860835593754345
TA01324,120.3807167529406,69.61010503928715,49.26999574587065
TA01325,121.80120148410305,69.77771915353289,48.31923621206232
TA01335,NA,NA,NA
TA01336,137.59013358389598,112.26056258604257,48.77344473848505
TA01337,142.19304331932273,110.75646441565613,39.78653887741572
TA01340,125.30421591979832,86.30591857828445,30.27999180795038
TA01348,119.8174569971224,76.45549271800907,39.00707706482173
TA01353,120.13630303124351,76.89465182647386,34.27999180795038
TA01365,NA,NA,NA
TA01437,NA,NA,NA
TA01438,125.17849464218895,83.26875892681545,NA
TA01439,129.39886279017625,116.30974063067968,NA
TA01440,133.42796014444383,NA,NA
TA01441,129.001772525603,NA,NA
TA01442,131.01632120273678,NA,NA
TA01443,134.81050173188328,NA,NA
TA02003,121.16884169873214,70.02130104702606,35.984969409684965
TA02004,124.88386597017835,62.20872789339267,38.558304490514836
TA02012,124.02770255180418,64.93328720428455,NA
TA02013,NA,NA,NA
TA02014,NA,NA,NA
TA02015,127.02267776216921,86.95004412448537,55.11840019739322
TA02016,NA,NA,NA
TA02047,NA,NA,NA
TA02048,127.02130750963367,96.58248467371492,55.021001831533724
TA02058,124.20660261892691,59.04479891789067,NA
TA02059,139.66047264084875,91.60608082537033,36.48075585374724
TA02079,NA,NA,NA
TA02080,NA,NA,NA
TA02088,NA,NA,NA
TA02517,129.8365858014941,91.12015393113013,47.14918957924889
TA02728,123.6916437336198,99.01414582343065,33.72388451867518
TA02930,NA,NA,NA
TA02996,128.52678569514288,86.07166910058505,49.489875788305824
TA03358,123.00384430413231,83.20278577579909,49.47421414449312
TA03408,120.99318041014739,82.0585852969387,45.408915878745134
TA03666,129.97100805815504,105.1542225748133,41.30471605845015
TA03667,135.97854907808727,100.2658663247804,31.04444549771563
TA03668,124.41643791456289,81.09270215336578,31.157123636135164
TA03669,139.64104319782874,92.9582891156753,36.49529997122263
TA03670,135.18376704267354,102.74558326367139,39.79598023006082
TA03671,144.42369134826188,84.40960368532711,32.44236269777959
TA03672,133.0016967065752,83.9870280387609,37.42709442023294
TA03673,133.21909664092288,88.74261964901447,32.07542725068449
TA03674,127.80435543293517,79.96748588131615,30.820571807605905
TA03675,133.80788472072587,81.65233304498598,31.304829535421646
TA03676,139.64104319782874,98.26667689398829,35.699739137494674
TA03677,127.65694335305811,102.17312075363282,41.64085724229732
TA03678,142.33886691581964,114.12777602826404,35.592393160124864
TA03679,126.41643791456289,108.77860101815969,33.49455097378183
TA03680,139.61407273487652,104.63400917924793,37.71447791342537
TA03681,139.78057858675956,116.29002049479317,30.845310931790188
TA03682,137.04824338588423,106.69717799860666,31.71377217079872
TA03684,136.8891317805966,109.05528625873018,31.647854202873347
TA03685,136.41257295575815,110.6344865672905,32.538559886630246
TA03686,135.70720821783507,106.45448767231505,32.01615189467316
TA03687,136.90856122361663,105.35935279959217,33.91417244455325
TA03688,132.8274609370827,98.87992663581821,33.1277121684353
TA03689,135.70720821783507,109.39246747911949,33.99457674819534
TA03690,136.09850825066124,104.95580288906089,33.623630310487464
TA04432,119.24804837364667,68.90198676926744,50.17421414449313
TA04642,124.33224318786502,77.61984782688545,41.17403335432117
TA04705,NA,69.84662416415757,51.50052999535641
TA04731,NA,135.4162930607268,35.78653887741572
TA04732,NA,97.87121318647613,38.57909482894037
TA05020,121.51726119079048,81.81454875485977,NA
TA05021,125.28371578307636,81.4492915128816,NA
TA05022,124.79349153714783,84.52123042888722,49.824214144493126
TA05023,125.00423066820593,78.60096112790652,48.52421414449312
TA05024,126.78353175021245,84.02197706760687,45.298045961365865
TA05025,124.75057372556864,87.72292979109096,48.97421414449313
TA05026,123.42424332980914,84.1508802125902,50.67421414449313
TA05027,123.44854181944058,80.94418949456694,NA
TA05028,124.03561286784773,84.22524430385332,57.77421414449307
TA05029,124.1127081786065,81.81345541713146,NA
TA05030,124.88338149430184,77.6411286393355,NA
TA05031,124.88338149430184,79.35848022553604,NA
TA05032,123.40322679596538,92.62831448908314,NA
TA05033,122.48881242791818,84.76430558017958,42.62672754502407
TA05048,121.590133583896,104.38350769763541,NA
TA05049,122.78140437761571,91.83023148261185,33.98088878696039
TA05051,127.7814043776157,78.83023148261186,35.96779464802974
TA05055,121.57558490676222,95.31793697145255,44.21452111329708
TA05056,115.36976543590869,75.74826807488331,43.2407093911584
TA05058,NA,98.31793697145257,38.00707706482172
TA05059,134.5755849067622,70.71548271179189,38.8258212942077
TA05060,137.7959530547495,129.293347949134,36.70797404383174
TA05061,123.98722384846924,104.64171564483617,63.9416063701684
TA05067,124.57558490676222,94.92039123111327,36.48743585642573
TA05068,142.9872238484692,125.79744611952042,30.954700509099077
TA05069,124.38431411304248,114.83023148261185,36.980888786960406
TA05070,135.98722384846923,131.84662416415756,49.24070939115839
TA05073,127.17849464218895,99.74007173411046,29.74725646062373
TA05077,131.38431411304245,96.96956927575037,46.340915608599914
TA05078,123.19304331932275,67.38350769763544,36.26689766901973
TA05081,114.76685570048195,76.16220649676833,42.25380353008906
TA05082,124.57558490676222,83.2769552675883,35.00707706482173
TA05084,126.16394596505519,88.26875892681545,36.74725646062373
TA05091,123.78140437761571,71.70728637101905,37.68178576597042
TA05092,123.38431411304248,78.76466075642902,40.73416232169306
TA05093,132.59013358389598,80.2769552675883,45.747256460623724
TA05094,NA,104.28515160836116,36.99398292589107
TA05095,127.59013358389599,118.81383880106613,NA
TA05099,125.59013358389599,106.80564246029329,NA
TA05100,133.19304331932275,73.29334794913403,49.00707706482173
TA05105,132.19304331932275,71.26875892681547,39.26689766901973
TA05106,121.98722384846924,73.74826807488331,45.2407093911584
TA05110,123.98722384846924,110.30154428990684,44.46124757856441
TA05111,139.39886279017625,131.8876058680218,32.9808887869604
TA05117,121.97267517133545,96.30974063067973,42.500529995356395
TA05129,126.38431411304246,110.33432965299828,NA
TA05132,134.7959530547495,137.81383880106614,NA
TA05139,124.07609940158716,78.63633682603941,NA
TA05142,125.59013358389599,110.81383880106615,NA
TA05143,122.17849464218895,73.78924977874759,NA
TA05144,129.38431411304248,79.30154428990687,NA
TA05145,122.17849464218895,73.78105343797475,33.51362413428706
TA05158,129.98722384846923,NA,NA
TA05160,124.78140437761571,80.34252599377116,46.72106818276241
TA05161,121.97267517133545,84.2605625860426,39.918449354976275
TA05162,128.7814043776157,75.2605625860426,37.227615252227736
TA05164,117.16394596505518,86.76466075642901,30.02017120375239
TA05167,122.17849464218895,83.84662416415759,NA
TA05170,132.19304331932275,112.83842782338473,NA
TA05171,124.38431411304248,91.1867955190869,35.00707706482173
TA05173,124.17849464218895,NA,43.47434171749508
TA05177,123.78140437761571,108.43268574227255,36.7603505995544
TA05178,122.98722384846923,97.75646441565617,42.48743585642573
TA05179,117.5755849067622,101.86301684570329,39.73416232169306
TA05189,134.38431411304248,105.19499185985975,NA
TA05196,138.2221406735903,121.00235463884184,36.812727155277045
TA05197,131.98722384846923,109.43268574227255,39.48743585642573
TA05199,127.59013358389599,101.83842782338472,34.48743585642573
TA05210,125.17849464218895,96.350722334544,37.76035059955439
TA05213,126.38431411304248,86.88760586802185,40.240709391158404
TA05222,123.17849464218895,72.79744611952044,37.73416232169306
TA05229,127.19304331932275,101.38350769763541,31.526718273217725
TA05230,121.57558490676222,90.84662416415759,38.73416232169307
TA05232,123.17849464218895,73.29334794913403,NA
TA05233,122.78140437761571,108.85482050493042,45.47434171749507
TA05234,117.97267517133545,87.7154827117919,27.980888786960403
TA05257,119.03795504123515,77.58642644012126,NA
TA05258,119.9852603815484,73.60229649281702,NA
TA05259,121.20692718504235,89.71699686804749,NA
TA05260,117.4515736309685,69.40637597573753,NA
TA05261,118.16105501360961,67.7342512388996,NA
TA05262,119.96375905182131,71.54276900690918,NA
TA05263,118.20637003708481,80.6940943200868,NA
TA05264,119.14517810403058,71.30490089500574,NA
TA05265,119.67223399450297,63.25222886848215,41.0631247279601
TA05266,118.40063418734522,72.14594237137904,NA
TA05269,118.86491197610263,52.759564416334456,NA
TA05310,131.98722384846923,112.24416990449689,32.474341717495065
TA05312,118.76685570048194,93.74826807488331,41.74725646062374
TA05318,116.36976543590868,NA,NA
TA05331,116.56103622962841,84.69089368947333,37.51362413428706
TA05335,125.38431411304248,87.24416990449689,35.00707706482173
TA05345,119.76685570048194,80.23597356372404,NA
TA05346,124.57558490676222,77.21138454140547,NA
TA05360,124.17849464218895,46.69089368947335,42.78653887741572
TA05362,137.17849464218898,117.17040283754119,45.2407093911584
TA05363,128.1348486107876,109.69909003024617,39.5005299953564
TA05364,125.95812649420166,87.2605625860426,42.00707706482173
TA05367,130.38431411304248,87.20318820063261,46.52671827321771
TA05368,127.57558490676222,70.23597356372404,36.2407093911584
TA05371,129.590133583896,106.19499185985975,NA
TA05372,128.17849464218898,75.23597356372404,45.227615252227736
TA05373,128.7814043776157,71.772857097201893,43.513624134287056
TA05379,125.97267517133542,72.78924977874759,35.74725646062373
TA05380,130.7814043776157,69.7892497787476,49.500529995356395
TA05381,130.38431411304248,76.75646441565618,41.9808887869604
TA05382,136.38431411304248,82.79744611952044,46.03326534268305
TA05396,123.78140437761571,64.74826807488333,38.980888786960406
TA05397,128.17849464218898,53.28515160836117,46.00707706482172
TA05398,139.19304331932275,78.78105343797473,39.26689766901973
TA05417,131.19304331932275,69.78105343797475,NA
TA05418,131.7814043776157,77.2769552675883,43.513624134287056
TA05419,124.57558490676222,69.30154428990689,40.25380353008906
TA05420,124.97267517133545,72.29334794913402,45.500529995356395
TA05431,123.57558490676219,68.30974063067974,44.74725646062373
TA05432,131.38431411304248,116.76466075642904,45.02017120375239
