genotype,end_of_heading_BLUE,plant_height_BLUE
1,NA,NA
10,NA,NA
100,160.32,110.92
1000,NA,NA
1001,161.1,98.27
1002,NA,NA
1003,NA,NA
1004,162.52,103.19
1005,NA,NA
1006,162.5,124.94
1007,161.81,124.11
1008,NA,NA
1009,NA,NA
101,162.19,110.52
1010,NA,NA
1011,NA,NA
1012,NA,NA
1013,NA,NA
1014,NA,NA
1015,NA,NA
1016,153.71,112.06
1017,155.74,100.63
1018,NA,NA
1019,NA,NA
102,167.32,125.12
1020,NA,NA
1021,NA,NA
1022,NA,105.7
1023,NA,NA
1024,NA,NA
1025,NA,NA
1026,NA,NA
1028,NA,NA
1029,168.42,123.24
103,NA,NA
1030,NA,NA
1031,NA,NA
1032,NA,NA
1033,NA,NA
1034,NA,NA
1035,NA,NA
1036,NA,NA
1037,NA,NA
1038,167.66,126.16
1039,NA,111.2
104,165.71,132.35
1040,157.3,94.03
1041,NA,NA
1042,NA,NA
1043,NA,NA
1044,NA,NA
1045,NA,NA
1046,NA,NA
1047,NA,NA
1049,NA,NA
105,NA,NA
1050,NA,NA
1051,NA,NA
1052,NA,NA
1053,NA,NA
1054,NA,NA
1055,162.51,134.3
1056,NA,NA
1057,NA,NA
1058,157.13,103.24
1059,NA,NA
106,166.1,122.71
1060,165.51,120.06
1061,NA,NA
1062,NA,NA
1063,NA,NA
1064,168.38,123.85
1065,164.98,139.27
1066,160.33,131.98
1067,164,142.04
1068,166.59,135.41
1069,163.36,132.87
107,NA,NA
1070,159.16,126.92
1071,160.74,129.42
1072,164.26,132.07
1073,153.03,108.67
1074,NA,NA
1075,NA,NA
1076,159.31,112.08
1077,158.83,123.39
1078,NA,NA
1079,NA,124.99
108,NA,NA
1080,NA,112.39
1081,164.42,124.38
1082,NA,NA
1083,NA,NA
1084,NA,NA
1085,NA,NA
1086,166.14,131.23
1087,157.75,120.21
1088,NA,NA
1089,NA,NA
109,161.1,90
1090,NA,NA
1091,156.65,108.98
1092,157.13,118.08
1093,157.13,119.97
1094,NA,NA
1095,NA,NA
1096,NA,127.27
1097,164.98,138.58
1098,NA,NA
1099,166.51,132.03
11,NA,NA
110,166.46,115.71
1100,NA,NA
1101,NA,NA
1102,NA,NA
1103,161.2,132.27
1104,160.05,130.41
1105,NA,NA
1106,168.42,129.1
1107,NA,NA
1108,168.48,109.64
1109,159.9,109.18
111,NA,NA
1110,NA,NA
1111,NA,NA
1112,156.05,108.62
1113,153.45,90.54
1114,NA,NA
1115,NA,NA
1116,NA,NA
1117,NA,NA
1118,NA,NA
1119,NA,NA
112,NA,NA
1120,NA,NA
1121,NA,84.5
1122,155.49,116.2
1123,NA,96.53
1124,154.88,110.32
1125,NA,98.63
1126,NA,NA
1127,NA,NA
1128,NA,NA
1129,NA,112.85
113,NA,NA
1130,NA,NA
1131,NA,91.09
1132,154.66,71.25
1133,NA,NA
1134,NA,NA
1135,165.36,107.87
1136,NA,121.32
1137,164.64,126.26
1138,NA,NA
1139,NA,NA
114,165.67,130.49
1140,NA,147.39
1141,NA,NA
1142,NA,127.8
1143,NA,NA
1144,NA,NA
1145,NA,NA
1146,NA,NA
1147,NA,NA
1148,NA,NA
1149,165.36,140.02
115,NA,NA
1150,NA,109.32
1151,NA,114.45
1152,NA,116.12
1153,NA,NA
1154,NA,NA
1155,NA,121.47
1156,167.19,123.77
1157,167.26,123.88
1158,NA,NA
1159,NA,112.23
116,NA,NA
1160,NA,NA
1161,NA,NA
1162,NA,NA
1163,NA,126.78
1164,NA,120.47
1165,NA,NA
1166,NA,NA
1167,NA,NA
1168,NA,NA
1169,NA,NA
117,NA,NA
1170,NA,NA
1171,NA,NA
1172,NA,NA
1173,NA,NA
1174,NA,NA
1175,NA,NA
1176,NA,NA
1177,NA,122.93
1178,NA,NA
1179,NA,NA
118,155.72,64.31
1180,NA,NA
1181,NA,NA
1182,NA,134.16
1183,NA,NA
1185,NA,NA
1186,NA,102.42
1187,NA,NA
1188,NA,NA
1189,161.36,126.34
119,NA,NA
1190,163.5,134.15
1191,158.1,115.02
1192,NA,NA
1193,161.68,109.37
1194,NA,NA
1195,NA,NA
1196,NA,NA
1197,NA,NA
1198,165.51,134.79
1199,NA,NA
12,NA,NA
120,NA,NA
1200,NA,NA
1201,NA,NA
1202,166.45,122.29
1203,NA,NA
1204,NA,83.82
1205,NA,NA
1206,NA,NA
1207,NA,NA
1208,NA,NA
1209,NA,NA
121,NA,NA
1210,NA,NA
1211,NA,NA
1212,NA,NA
1213,NA,119.05
1214,NA,NA
1215,NA,NA
1216,NA,NA
1217,NA,NA
1218,158.13,104.82
1219,NA,NA
122,164.87,129.28
1220,NA,NA
1221,NA,NA
1222,171.92,128.07
1223,NA,NA
1224,170.95,128.23
1225,168.68,118.21
1226,168.54,137.28
1227,NA,NA
1228,NA,NA
1229,NA,NA
123,NA,104.22
1231,155.19,129.81
1232,NA,92.35
1233,159.28,118.17
1234,156.32,131.29
1235,161.71,102.3
1236,NA,NA
1237,156.32,106.45
1238,NA,NA
1239,157.54,112.81
124,NA,134.85
1240,168.49,120.88
1241,NA,NA
1242,NA,NA
1243,NA,NA
1244,NA,NA
1245,NA,NA
1246,NA,NA
1247,169.15,124.02
1248,162.22,132.04
1249,158.98,126.59
125,161.83,126.77
1250,NA,NA
1251,158.75,114
1252,164.58,116.39
1253,NA,NA
1254,162.18,148.79
1255,165.7,118.31
1256,166.56,152.8
1257,165.25,137.09
1258,161.56,145.08
1259,163.32,133.94
126,163.32,94.68
1260,167.36,136.53
1261,159.56,147.14
1262,161.94,88.95
1263,162.7,135.6
1264,162.7,130.28
1265,161.05,134.08
1266,157.6,122.74
1267,156.32,131.71
1268,159.32,133.69
1269,152.43,114.63
127,165.71,122.66
1270,164.18,143.6
1271,163.58,116.47
1272,157.18,136.4
1273,NA,NA
1274,163.25,102.43
1275,159.87,125.8
1276,170.15,126.55
1277,163.15,130.65
1278,164.27,132.14
1279,163.52,137.66
128,154.71,99.92
1280,163.2,135.92
1281,165.08,121.93
1282,163.87,109.82
1283,NA,NA
1284,159.18,108.94
1285,165.7,144.94
1286,NA,NA
1287,168.94,115.12
1288,162.58,95.6
1289,162.25,103.05
129,NA,NA
1290,165.08,123.15
1291,158.25,100.36
1292,162.09,108.23
1293,159.94,139.28
1294,156.18,121.29
1295,156.8,116.28
1296,163.87,124.69
1297,165.15,122.67
1298,164.56,102.42
1299,157.31,87.66
13,NA,NA
130,NA,NA
1300,157.77,129.52
1301,161.94,129.81
1302,161.64,132.01
1303,162.35,138.83
1304,NA,NA
1305,167.15,121.18
1306,NA,NA
1307,156.32,124.27
1308,NA,NA
1309,166.46,129.28
131,NA,102.14
1310,156.87,123.23
1311,156.32,127.23
1312,157.32,120.93
1313,162.08,128.79
1314,163.84,132.44
1315,NA,NA
1316,NA,NA
1317,166.94,133.64
1318,163.94,130.45
1319,NA,NA
132,NA,NA
1320,163.94,121.63
1321,NA,99.63
1322,165.91,116.61
1323,166.7,125.93
1324,162.94,116.7
1325,159.94,119.56
1326,159.56,120.62
1327,163.94,127.79
1328,156.87,100.96
1329,157.94,128.41
133,NA,123.4
1330,159.94,120.27
1331,168.32,125.25
1332,161.56,138.26
1333,159.94,124.91
1334,166.46,126.9
1335,NA,NA
1336,169.32,137.91
1337,156.94,130.59
1338,157.94,135.08
1339,NA,NA
134,162.4,101.09
1340,166.96,128.5
1341,163.7,142.78
1342,163.14,140.37
1343,164.4,150.48
1344,166.7,149.66
1345,166.6,146.98
1346,159.94,133.75
1347,156.87,118.18
1348,159.05,122.87
1349,158.56,122.1
135,NA,NA
1350,166.08,131.47
1351,161.77,147.63
1352,157.93,85.2
1353,NA,NA
1354,164.01,125.34
1355,NA,NA
1356,162.52,142.76
1357,163.18,124.8
1358,165.08,135.61
1359,164.61,144.07
136,NA,NA
1360,162.08,135.58
1361,168.8,136.58
1362,157.32,123.75
1363,164.46,143.58
1364,165.7,131.09
1365,NA,NA
1366,164.7,125.57
1367,166.7,123.49
1368,163.15,142.3
1369,161.94,110.45
137,NA,128.2
1370,166.08,144.58
1371,156.94,116.56
1372,163.72,150.01
1373,163.84,138.56
1374,159.95,101.27
1375,159.32,91.93
1376,164.6,140.77
1377,154.75,120.99
1378,NA,NA
1379,165.08,118.16
138,NA,NA
1380,NA,NA
1381,167.46,136.18
1382,156.32,99.82
1383,156.25,74.02
1384,158.8,106.78
1385,161.94,133.95
1386,163.41,117.47
1387,164.7,102.43
1388,154.06,109.68
1389,158.08,105.79
139,NA,NA
1390,165.32,94.09
1391,NA,NA
1392,162.22,99.07
1393,159.94,135.43
1394,NA,122.36
1395,161.46,104.73
1396,169.94,127.15
1397,159.56,126.43
1398,170.7,120.09
1399,161.94,131.74
14,NA,NA
140,NA,NA
1400,156.56,99.9
1401,164.53,131.04
1402,163.7,106.82
1403,167.23,136.94
1404,160.15,90.34
1405,167.99,134.16
1406,156.82,117.22
1407,163.44,123.6
1408,NA,NA
1409,158.65,73.59
141,NA,NA
1411,NA,125.27
1412,163.41,94.27
1413,156.58,92.15
1414,155.7,94.87
1415,156.15,123.32
1416,167.61,104.42
1417,152.58,108.96
1418,158.7,129.45
1419,156.15,109.73
142,NA,NA
1420,152.7,107.02
1421,NA,NA
1422,165.7,139.62
1423,161.6,85.73
1424,170.7,107.62
1425,163.72,132.74
1426,165.76,132.96
1427,164.7,126.26
1428,159.56,129.94
143,NA,131.11
1430,165.08,116.09
1431,164.94,122.93
1432,165.7,135.45
1433,159.94,124.24
1434,157.94,137.1
1435,161.46,128.09
1436,161.56,104.28
1437,154.91,111.04
1438,167.46,138.59
1439,165.09,121.19
144,160.22,124.97
1440,164.08,137.23
1441,162.41,129.06
1442,163.32,133.08
1443,156.94,107.29
1444,163.94,130.76
1445,167.46,145.76
1446,165.7,117.94
1447,164.7,124.09
1448,166.84,137.95
1449,172.56,125.77
145,NA,129.99
1450,NA,NA
1451,155.94,124.09
1452,166.46,134.68
1453,159.27,75.43
1454,162.61,131.42
1455,157.32,96.57
1456,165.58,123.55
1457,156.87,115.91
1458,165.94,134.93
1459,NA,NA
146,NA,NA
1460,168.08,139.92
1461,162.92,135.25
1462,162.52,122.63
1463,166.84,142.56
1464,160.94,139.77
1465,163.94,119.73
1466,NA,NA
1467,165.56,132.7
1468,167.01,133.46
1469,163.62,115.69
147,NA,NA
1470,163.32,128.91
1471,159.94,127.24
1472,161.94,130.73
1473,165.43,119.56
1474,159.18,128.24
1475,NA,NA
1476,160.94,129.93
1477,159.32,129.28
1478,159.32,131.07
1479,NA,NA
148,NA,117.66
1480,160.94,132.42
1481,158.18,130.44
1482,NA,NA
1483,155.56,100.92
1484,160.94,95.38
1485,168.64,134.54
1486,NA,NA
1487,164.7,110.05
1488,164.46,131.58
1489,161.22,128.36
149,NA,NA
1490,159.7,130.62
1491,152.32,81.58
1492,157.8,104.2
1493,156.41,88.61
1494,156.32,112.63
1495,164.43,133.47
1496,156.32,86.62
1497,163.32,89.26
1498,163.23,135.11
1499,159.91,78.79
15,NA,NA
150,NA,NA
1500,164.7,109.43
1501,156.56,118.75
1502,162.57,118.9
1503,161.7,95.77
1504,NA,NA
1505,159.56,119.27
1506,160.56,89.23
1507,163.32,102.07
1508,165.08,143.78
1509,163.32,126.78
151,NA,NA
1510,162.08,118.73
1511,163.32,129.79
1512,158.25,101.06
1513,164.26,140.94
1514,164.26,135.54
1515,164.52,125.85
1516,159.32,133.17
1517,157.8,129.4
1518,158.32,127.25
1519,NA,NA
152,155.5,63.74
1520,163.8,137.9
1521,158.7,124.07
1522,152.94,87.52
1523,NA,NA
1524,155.94,117.54
1525,156.94,133.44
1526,165.23,157.41
1527,NA,NA
1528,NA,NA
1529,158.46,128.38
153,NA,NA
1530,160.32,108.97
1531,162.43,109.69
1532,161.05,140.81
1533,166.61,120.62
1534,161.94,120.46
1535,160.56,112.95
1536,158.8,96.28
1537,166.46,117.63
1538,155.94,99.41
1539,162.84,117.99
154,NA,NA
1540,155.18,112.87
1541,166.08,109.3
1542,156.08,92.58
1543,158.08,131.23
1544,163.99,135.55
1545,158.94,133.63
1546,158.94,132.42
1547,160.46,122.74
1548,156.99,NA
1549,NA,NA
155,NA,NA
1550,163.7,147.74
1551,164.61,137.83
1552,165.46,151.27
1553,167.72,140.89
1554,160.87,128.25
1555,168.23,131.29
1556,155.7,87.05
1557,166.61,127.75
1558,165.68,112.06
1559,164.08,109.28
156,NA,NA
1560,163.7,116.63
1561,164.7,113.28
1562,NA,NA
1563,162.46,110.78
1564,161.84,99.63
1565,162.46,110.94
1566,162.4,116.68
1567,161.84,102.43
1568,159.32,94.92
1569,159.32,94.93
157,NA,NA
1570,159.7,98.42
1571,158.94,98.93
1572,164.32,95.42
1573,162.7,106.78
1574,163.99,125.5
1575,169.56,128.65
1576,164.84,132.09
1577,158.18,138.29
1578,160.56,146.13
1579,165.24,134.41
158,NA,NA
1580,167.98,130.02
1581,163.7,128.44
1582,166.23,151.63
1583,169.94,133.92
1584,166.32,135.23
1585,162.7,NA
1586,166.61,114.95
1587,154.18,114.64
1588,NA,NA
1589,163.15,100.4
159,NA,NA
1590,164.32,135.91
1591,157.32,127.35
1592,163.94,131.91
1593,160.56,139.22
1594,165.08,144.44
1595,NA,93.93
1596,169.18,101.78
1597,166.3,96.26
1598,163.32,111.32
1599,166.46,110.94
16,NA,NA
160,NA,NA
1600,165.46,113.44
1601,167.94,107.06
1602,162.7,114.07
1603,164.62,123.65
1604,166.08,122.96
1605,165.08,108.03
1606,166.7,113.07
1607,167.08,108.94
1608,169.94,113.64
1609,165.32,113.78
161,NA,NA
1610,165.08,115.74
1611,163.94,105.95
1612,164.32,125.76
1613,NA,NA
1614,162.7,137.13
1615,164.43,142.99
1616,163.7,146.14
1617,164.46,135.08
1618,160.41,138.73
1619,163.32,122.09
162,NA,NA
1620,160.52,113.38
1621,166.43,135.25
1622,164.15,110.29
1623,159.88,134.45
1624,162.49,137.02
1625,159.05,125.26
1626,164.32,144.56
1627,NA,NA
1628,165.32,134.5
1629,155.28,100.53
163,NA,NA
1630,165.56,137.77
1631,158.15,120.24
1632,156.9,119.55
1633,157.83,112.25
1634,157.33,118.57
1635,165.08,133.81
1636,169.56,124.42
1637,160.94,122.78
1638,167.87,137.74
1639,165.56,132.69
164,NA,126.72
1640,166.32,116.8
1641,161.32,135.91
1642,159.84,85.27
1643,153.56,95.93
1644,155.94,102.58
1645,160.18,137.06
1646,163.7,96.93
1647,161.6,122.66
1648,162.08,132.94
1649,165.23,140.26
165,163.36,136.33
1650,159.43,121.61
1651,159.94,127.57
1652,160.32,129.57
1653,163.43,142.37
1654,162.7,127.74
1655,168.44,134.94
1656,165.7,143.57
1657,166.61,144.46
1658,161.56,113.23
1659,157.77,108.42
166,NA,NA
1660,163.87,130.22
1661,163.59,123.65
1662,161.8,128.76
1663,NA,NA
1664,160.8,121.6
1665,164.56,135.27
1666,167.08,135.78
1667,162.7,126.8
1668,160.87,112.75
1669,160.18,115.84
167,NA,NA
1670,167.08,120.03
1671,161.7,116.4
1672,158.94,117.78
1673,153.7,67.41
1674,166.7,133.91
1676,163.59,126.41
1677,157.8,71.53
1678,156.18,96.56
1679,159.18,91.25
168,NA,NA
1680,158.8,96.28
1681,158.41,95.06
1682,NA,NA
1683,160.56,117.95
1684,159.32,113.3
1685,167.84,142.27
1686,159.94,117.42
1687,170.18,138.89
1688,169.46,136.09
1689,169.08,107.09
169,NA,NA
1690,158.94,121.6
1691,161.8,131.8
1692,159.56,126.94
1693,152.7,97.08
1694,165.08,122.26
1695,164.98,143.63
1696,165.7,139.09
1697,161.46,128.3
1698,167.7,115.07
1699,NA,NA
17,NA,NA
170,166.38,103.25
1700,164.94,100.35
1701,165.44,129.89
1702,166.05,131.75
1703,167.36,136.74
1704,169.04,134.48
1705,165.51,144.47
1706,164.23,116.4
1707,165.08,101.43
1708,166.7,140.96
1709,165.32,144.78
171,NA,NA
1710,152.72,100.91
1711,160.56,133.28
1712,165.08,138.61
1713,167.08,133.13
1714,168.55,137.67
1715,166.7,139.25
1716,167.84,128.45
1717,159.56,118.8
1718,165.64,129.34
1719,165.46,129.57
172,NA,130.04
1720,162.64,133.8
1721,159.56,121.44
1722,163.7,135.06
1723,164.32,119.94
1724,170.7,139.07
1725,169.58,136.25
1726,171.32,133.94
1727,165.46,137.45
1728,167.23,136.44
1729,165.08,121.16
173,NA,NA
1730,158.94,127.6
1731,166.46,132.61
1732,162.08,114.15
1733,162.7,125.26
1734,165.32,130.02
1735,165.08,133.56
1736,159.32,140.65
1737,159.32,125.56
1738,159.32,115.58
1739,159.32,134.42
174,158.81,124.26
1740,159.32,128.44
1741,162.08,134.94
1742,167.84,133.22
1743,158.94,137.92
1744,158.32,134.1
1745,161.46,144.14
1746,164.84,115.23
1747,166.81,142.17
1748,166.08,147.92
1749,155.94,127.27
175,NA,NA
1750,164.7,99.04
1751,159.94,143.56
1752,153.32,109.28
1753,167.84,137.58
1754,167.26,130.59
1755,164.61,125.26
1756,160.56,126.62
1757,NA,NA
1758,165.08,121.77
1759,159.7,125.25
176,163.55,102.17
1760,NA,101.64
1761,164.98,132.14
1762,157.56,105.42
1763,157.03,70.71
1764,163.16,125.81
1765,153.8,70.67
1766,166.7,108.64
1767,160.56,76.71
1768,162.18,90.94
1769,156.58,80.34
177,153.32,104.68
1770,157.32,112.25
1771,158.05,117.24
1772,164.98,134.15
1773,159.77,136.1
1774,159.32,126.39
1775,165.26,122.39
1776,NA,NA
1777,156.82,97.18
1778,156.25,78.17
1779,160.56,82.35
178,165.81,97.71
1780,NA,NA
1781,158.08,101.2
1782,159.03,110.65
1783,159.43,108.49
1784,158.41,109.44
1785,159.25,118.59
1786,156.18,103.44
1787,162.43,137.98
1788,162.81,114.79
1789,NA,NA
179,NA,102.83
1790,162.58,132.39
1791,161.15,131.96
1792,161.81,91.3
1793,158.58,92.45
1794,160.91,132.51
1795,NA,NA
1796,161.08,135.74
1797,160.1,123.09
1798,162.56,130.23
1799,160.97,127.9
18,NA,NA
180,NA,130.4
1800,162.48,112.43
1801,152.43,99.94
1802,NA,NA
1803,NA,NA
1804,NA,NA
1805,156.98,78.33
1806,NA,NA
1807,165.23,129.8
1808,162.18,95.96
1809,165.58,136.26
181,NA,107.83
1810,155.88,117.76
1811,154.6,113.25
1812,154.94,122.97
1813,154.56,119.48
1814,154.94,112.95
1815,163.88,114.92
1816,NA,NA
1817,159.13,NA
1818,NA,NA
1819,NA,NA
182,NA,NA
1820,164.94,129.67
1822,161.56,127.09
1823,166.08,121.81
1824,159.32,121.45
1825,160.6,137.05
1826,160.32,112.96
1827,NA,NA
1828,NA,NA
1829,NA,NA
183,NA,NA
1830,158.94,115.64
1831,160.98,94.3
1832,163.32,97.58
1833,160.7,111.12
1834,NA,NA
1835,NA,NA
1836,NA,NA
1837,159.94,124.8
1838,161.7,129.75
1839,157.6,138.88
1840,163.08,127.15
1841,155.7,119.5
1842,NA,NA
1843,NA,NA
1844,163.58,122.33
1845,NA,NA
1846,163.24,138.17
1847,161.15,120.08
1848,165.15,115.84
1849,168.94,127.77
185,NA,NA
1850,NA,NA
1851,161.44,131.93
1852,164.84,124.58
1853,163.32,108.43
1854,166.18,113.3
1855,164.94,98.92
1856,169.43,139.93
1857,NA,NA
1858,169.43,133.05
1859,167.07,112.17
186,NA,NA
1860,166.43,141.91
1861,169.26,122.76
1862,167.32,127.99
1863,166.7,130.15
1864,NA,NA
1865,NA,NA
1866,167.7,106.94
1867,165.46,96.6
1868,167.32,130.36
1869,167.32,106.65
187,NA,NA
1870,167.08,110.45
1871,NA,79.14
1872,159.58,122.43
1873,NA,NA
1874,NA,NA
1875,159.18,122.07
1876,166.46,134.47
1877,163.08,97.42
1878,NA,NA
1879,158.03,121.58
188,NA,NA
1880,156.21,121.07
1881,158.6,116.81
1882,NA,NA
1883,168.46,121.31
1884,172.08,126.75
1885,162.32,105.62
1886,167.26,123.91
1887,162.81,135.71
1888,159.7,124.47
189,NA,105.63
1890,166.48,137.93
1891,162.56,103.63
1892,163.44,121
1893,168,129.24
1894,165.08,114.58
1895,167.32,128.95
1896,161.46,113.85
1897,167.98,138.51
1898,167.56,93.08
1899,165.08,128.26
19,NA,NA
190,NA,NA
1900,160.09,124.28
1901,NA,NA
1902,159.25,112.46
1903,NA,NA
1904,165.15,136.26
1905,NA,NA
1906,169.18,109.25
1907,163.18,133.32
1908,164.97,119.71
1909,160.05,120.99
191,NA,NA
1910,164.6,123.56
1911,161.94,86.92
1912,NA,NA
1914,156.41,115.31
1915,NA,NA
1916,161.41,102.57
1917,158.18,112.67
1918,NA,NA
1919,159.87,110.84
192,NA,132.14
1920,157.99,NA
1921,163.08,123.91
1922,162.91,114.37
1923,NA,NA
1924,NA,NA
1925,NA,NA
1926,NA,NA
1927,158.03,104.74
1928,NA,NA
1929,NA,NA
193,NA,NA
1930,162.05,125.4
1931,155.15,92.07
1932,162.87,123.82
1933,NA,NA
1934,156.32,72.42
1935,156.25,100.33
1936,166.32,102.8
1937,166.05,99.44
1939,NA,NA
194,NA,NA
1940,163.15,114.43
1941,NA,NA
1942,166.6,135.03
1944,165.32,134.6
1945,154.77,139.2
1946,158.46,135.32
1947,158.77,110.21
1948,160.91,123.63
1949,159.25,124.6
195,NA,NA
1950,163.23,126.96
1951,158.15,120.86
1952,NA,NA
1953,154.41,95.79
1954,168.58,115.71
1955,160.36,94.84
1956,NA,NA
1957,NA,NA
1958,163.22,113.51
1959,NA,NA
196,NA,NA
1960,170.44,137.35
1961,163.55,132.65
1962,NA,NA
1963,NA,NA
1964,NA,NA
1965,NA,NA
1966,NA,NA
1967,NA,NA
1968,NA,NA
1969,NA,NA
197,NA,NA
1970,NA,97.06
1971,NA,NA
1972,NA,NA
1973,NA,NA
1974,NA,NA
1975,NA,NA
1976,NA,NA
1977,157.14,112.78
1978,NA,NA
1979,NA,NA
198,NA,NA
1980,NA,NA
1981,NA,NA
1982,NA,NA
1983,NA,NA
1984,NA,125.61
1985,NA,NA
1986,NA,NA
1987,NA,NA
1988,NA,NA
1989,NA,NA
199,NA,NA
1990,NA,NA
1991,NA,NA
1992,NA,NA
1993,NA,NA
1994,163.18,117.75
1995,NA,NA
1996,NA,NA
1997,NA,NA
1998,NA,NA
1999,NA,NA
2,160.03,123.1
20,NA,NA
200,NA,NA
2000,NA,NA
2001,NA,NA
2002,NA,NA
2003,NA,NA
2004,NA,NA
2006,NA,NA
2007,NA,NA
2008,NA,NA
2009,NA,NA
201,NA,NA
2010,NA,NA
2011,NA,NA
2012,NA,NA
2013,NA,NA
2014,NA,122.09
2015,NA,NA
2016,NA,NA
2017,NA,NA
2018,NA,NA
2019,NA,NA
202,NA,NA
2020,NA,NA
2021,NA,NA
2022,154.32,96.55
2023,NA,NA
2024,NA,NA
2025,NA,NA
2026,NA,NA
2027,NA,NA
2028,NA,NA
2029,NA,96.37
2030,NA,NA
2031,NA,NA
2032,NA,NA
2033,NA,NA
2034,NA,NA
2035,NA,NA
2036,NA,NA
2037,NA,NA
2038,NA,NA
2039,NA,NA
204,NA,NA
2040,NA,NA
2041,NA,NA
2042,NA,NA
2043,NA,NA
2044,NA,NA
2045,NA,NA
2046,NA,89.89
2047,NA,NA
2048,NA,NA
2049,NA,NA
205,NA,NA
2050,NA,NA
2051,NA,106.58
2052,NA,NA
2053,NA,NA
2054,NA,NA
2055,NA,NA
2056,NA,NA
2057,NA,NA
2058,157.8,134.43
2059,NA,NA
206,NA,113.83
2060,NA,140.65
2061,NA,NA
2062,NA,NA
2063,NA,NA
2064,NA,NA
2065,NA,NA
2066,NA,86.03
2067,NA,NA
2068,NA,NA
207,NA,NA
2070,NA,NA
2071,NA,NA
2072,NA,NA
2073,NA,NA
2074,NA,NA
2075,NA,NA
2076,NA,NA
2077,NA,87.97
2078,NA,NA
2079,NA,NA
208,NA,NA
2080,NA,NA
2081,NA,NA
2082,NA,NA
2083,160.6,118.71
2084,NA,NA
2085,NA,NA
2086,NA,NA
2087,NA,NA
2088,NA,NA
2089,NA,NA
209,NA,NA
2090,NA,NA
2091,NA,NA
2092,NA,NA
2093,NA,NA
2094,NA,NA
2095,169.3,133.23
2096,NA,NA
2097,169.86,138.68
2098,NA,NA
2099,NA,NA
21,NA,NA
210,NA,95.22
2100,164.88,135.39
2101,NA,NA
2102,NA,NA
2103,NA,102.56
2104,NA,NA
2105,NA,NA
2106,NA,NA
2107,166.1,90.79
2108,NA,NA
2109,NA,NA
211,NA,NA
2110,NA,NA
2111,NA,NA
2112,NA,NA
2113,NA,NA
2114,NA,NA
2115,NA,NA
2116,NA,NA
2117,NA,NA
2118,161.02,98.99
2119,154.89,111.3
212,165.17,116
2120,NA,NA
2121,NA,NA
2122,NA,NA
2123,NA,NA
2125,NA,NA
2126,NA,NA
2127,NA,NA
2128,NA,NA
2129,NA,NA
213,NA,NA
2130,163.19,104.92
2131,NA,NA
2132,NA,NA
2133,NA,NA
2134,NA,NA
2135,NA,NA
2136,NA,NA
2137,NA,NA
2138,NA,NA
2139,NA,NA
214,NA,NA
2140,NA,NA
2141,NA,NA
2142,NA,NA
2143,NA,NA
2144,NA,NA
2146,NA,NA
2147,NA,NA
2148,NA,NA
2149,167.32,132
215,NA,NA
2150,NA,NA
2151,NA,NA
2152,NA,NA
2153,NA,NA
2154,160.56,141.1
2155,NA,NA
2156,NA,NA
2157,NA,NA
2158,NA,NA
2159,NA,NA
216,NA,132.31
2160,167.49,121.42
2161,NA,NA
2162,NA,NA
2163,NA,NA
2164,NA,NA
2165,NA,NA
2166,NA,NA
2167,166.11,114.87
2168,NA,NA
2169,NA,NA
217,NA,121.59
2170,NA,NA
2171,NA,NA
2172,NA,NA
2173,NA,NA
2174,NA,NA
2175,NA,NA
2176,NA,NA
2177,NA,NA
2178,169.14,107.27
2179,NA,NA
218,NA,NA
2180,NA,NA
2181,NA,NA
2182,NA,NA
2183,NA,NA
2184,NA,NA
2185,NA,NA
2186,NA,NA
2187,NA,NA
2188,156.06,96.89
2189,NA,NA
219,NA,NA
2190,NA,NA
2191,NA,NA
2192,NA,NA
2193,156.78,115.59
2194,NA,NA
2195,NA,NA
2196,NA,NA
2197,NA,NA
2199,NA,NA
22,NA,NA
220,NA,NA
2200,156.26,97.67
2201,NA,NA
2202,159.54,120.09
2203,NA,NA
2204,NA,NA
2205,NA,NA
2206,NA,NA
2207,NA,NA
2208,NA,NA
2209,NA,NA
221,NA,NA
2210,NA,NA
2211,162.12,108.52
2212,NA,NA
2213,NA,NA
2214,NA,NA
2215,NA,NA
2216,NA,NA
2217,NA,NA
2218,NA,NA
2219,NA,NA
222,NA,NA
2220,NA,NA
2221,NA,NA
2222,NA,NA
2223,NA,NA
2224,NA,NA
2225,NA,NA
2226,NA,NA
2227,NA,NA
2228,156.11,104.17
2229,NA,NA
223,NA,109.75
2230,NA,NA
2231,167.51,115.5
2232,160.77,114.53
2233,164.6,114.35
2234,NA,NA
2235,NA,NA
2236,NA,NA
2237,NA,NA
2238,NA,NA
2239,NA,NA
224,NA,NA
2240,NA,NA
2241,NA,NA
2242,NA,NA
2243,NA,NA
2244,NA,NA
2245,NA,NA
2246,NA,NA
2247,NA,NA
2248,NA,NA
2249,NA,NA
225,NA,NA
2250,NA,NA
2251,NA,NA
2252,NA,NA
2253,NA,NA
2254,NA,NA
2255,NA,NA
2256,NA,NA
2257,NA,NA
2258,NA,NA
2259,NA,NA
226,NA,NA
2260,NA,NA
2262,NA,NA
2263,NA,NA
2264,NA,NA
2265,NA,NA
2266,NA,NA
2267,160.32,116.52
2268,NA,NA
2269,160.13,111.18
227,NA,124.89
2270,NA,NA
2271,NA,NA
2272,NA,NA
2273,NA,NA
2274,NA,NA
2275,154.31,100.7
2276,NA,NA
2277,167.81,132.32
2278,161.24,94.33
2279,NA,NA
228,NA,131.91
2280,161.18,114.29
2281,NA,132.71
2282,159.14,120.74
2283,158.73,123.83
2284,156.77,98.58
2285,160.77,92.25
2286,159.08,120.79
2287,160.35,100.29
2288,155.76,79.61
2289,164.44,119.29
229,NA,NA
2290,161.87,138.78
2291,157.95,85.35
2292,160.56,90.23
2293,158.19,87.06
2294,157.96,77.98
2295,157.11,118.55
2296,158.33,90.38
2297,157.93,93.73
2298,154.74,104.47
2299,156.09,88.57
23,NA,NA
230,NA,NA
2300,156.77,112.34
2301,158.35,104.65
2302,NA,NA
2303,NA,94.82
2304,166.76,119.53
2305,NA,NA
2307,163.28,105.04
2308,157.57,123.24
2309,159.35,98.28
231,155.07,108.25
2310,163.96,135.33
2311,164.81,137.99
2313,159.37,93.36
2314,155.44,91.39
2315,155.97,94.43
2316,157.79,98.3
2317,155.97,93.87
2318,155.56,95.34
2319,NA,NA
232,NA,NA
2320,155.14,84.53
2321,164.18,104.81
2322,158.78,98.34
2323,156.78,96.54
2324,155.15,88.66
2325,158.57,81.19
2326,157.97,87.25
2327,155.76,91.97
2328,160.56,82.33
2329,157.64,114.13
233,NA,NA
2330,161.58,106.61
2331,159.98,81.22
2332,153.79,84.33
2333,154.13,84.41
2334,153.46,71.59
2335,153,87.39
2336,155.34,89.19
2337,154.52,81.2
2338,157.46,81.49
2339,155.75,109.23
234,NA,NA
2340,165.8,145.71
2341,157.17,112.07
2343,152.99,77.59
2344,155.35,77.54
2345,154.25,72.64
2346,154.42,76.1
2347,152.18,71.88
2348,155.75,75.72
2349,154.35,92.94
235,NA,NA
2350,155.15,85.31
2351,153.45,79.72
2352,154.74,78.19
2353,154.74,78.65
2354,159.83,86.24
2355,156.35,81.31
2356,163.73,122.97
2358,162.59,88.55
2359,157.52,76.38
236,NA,123.99
2360,158.01,91.47
2361,164.74,131.6
2362,163.58,100.38
2363,155.78,80.31
2365,156.56,94.21
2366,156.56,85.76
237,NA,122.61
2370,165.13,111.8
2371,NA,NA
2373,156.29,114.57
2374,NA,116.03
2375,156.8,96.73
2376,157.76,113.83
2377,156.75,80.42
2378,157.82,66.54
2379,157.18,89.42
238,NA,NA
2380,158.94,86.25
2381,156.98,92.76
2382,157.79,88.89
2383,162.05,98.37
2386,164.79,89.58
2388,167.15,135.36
2389,161.25,117.22
239,NA,NA
2390,161.13,97.7
2392,154.74,94.52
2394,161.94,132.62
2395,159.15,86.09
2396,155.23,86.3
2397,162.92,136.05
2398,167.55,135.7
2399,165.28,136.86
24,161.18,136.43
240,NA,117.8
2400,164.25,138.24
2401,162.75,151.12
2402,157.16,98.28
2403,158.36,117.64
2404,154.74,108.29
2405,154.94,107.74
2406,154.74,109.96
2407,154.74,103.63
2408,154.74,105.04
2409,165.07,137.81
241,NA,NA
2410,157.96,73.32
2412,157.27,122.34
2413,162.59,119.79
2414,160.34,86.96
2415,164.14,105.65
2416,164.22,139.35
2417,164.89,116.05
2418,159.65,110.7
2419,157.78,92.82
242,NA,NA
2420,158.39,90.35
2421,155.83,85.05
2422,161.62,129.62
2423,155.17,88.26
2424,158.19,88.37
2425,163.27,119.7
2426,160.73,125.08
2427,160.66,126.04
2428,157.18,127.37
2429,155.56,86.43
243,NA,NA
2430,163.46,73.03
2431,160.58,NA
2432,NA,74.82
2433,162.08,86.96
2434,160.5,77.58
2435,163.58,85.9
2436,NA,98.89
2437,159.99,91.2
2438,167.38,95.05
2439,163.91,120.04
244,NA,NA
2440,155.25,122.16
2441,159.28,129.11
2442,164.79,108.26
2443,162.82,87.22
2447,160.91,133.53
2448,157.7,131.26
2449,155.14,90.23
245,NA,123.86
2451,165.98,96.07
2452,156.28,70.11
2453,157.45,91.43
2454,156.79,101.16
2455,157.45,97.08
2457,156.81,93.26
2458,158.8,120.29
2459,158.8,118.98
246,NA,125.66
2460,167.8,112.87
2461,157.97,116.49
2462,157.8,122.59
2463,157.13,127.88
2464,162.25,136.14
2466,156.87,74.05
2467,164.96,125.16
2468,163.95,97.7
2469,164.96,122.51
247,NA,NA
2470,168.61,136.08
2471,156.57,84.42
2472,159.96,129.29
2473,155.82,91.54
2474,155.46,87.65
2475,156.13,86.24
2476,157.23,79.5
2477,157,118.16
2478,150.61,72.09
2479,161.61,125.98
248,NA,111.55
2480,163.58,106.19
2483,161.37,116.32
2484,154.17,95.71
2485,161.84,134.87
2486,166.78,110.61
2488,159.33,110.29
2489,159.84,82.84
249,NA,NA
2490,165.96,136.08
2493,157.37,116.46
2494,159.79,83.54
2495,153.93,110.87
2496,166.94,129.93
2499,158.58,121.66
25,NA,NA
250,NA,NA
2500,159.74,101.74
2501,160.22,115.43
2502,166.37,95.25
2503,161.6,134.44
2504,157.25,74.85
2505,154.55,76.3
2506,167.04,125.44
2508,161.95,114.7
2509,160.76,91.24
251,NA,112.76
2511,166.78,123.89
2512,163.32,106.38
2513,159.99,103.42
2514,165.86,101.37
2515,164.73,137.23
2516,162.99,97.53
2517,152.22,78.22
2519,158.3,124.45
252,159.9,101.92
2523,163.8,90.88
2524,158.96,113.77
2525,159.14,86.98
2526,161.99,104.81
2527,157.52,79.58
2528,154.99,115.5
2529,155.98,81.64
253,NA,133.53
2530,155.79,82.53
2531,154.56,87.28
2532,156.98,82.22
2533,158.82,85.15
2534,165.85,130.95
2536,158.97,85.45
2537,167.83,118.33
2538,161.98,122.31
254,NA,NA
2540,155.94,79.4
2541,164.04,139.12
2542,160.89,121.21
2543,166.27,123.48
2544,163.96,121.57
2545,167.6,116.18
2546,166.61,118.1
2547,154.61,104.61
2548,161.63,131.14
2549,163.8,106.48
255,NA,126.25
2550,165.48,135.2
2551,161.72,95.78
2552,162.96,117.29
2553,162.8,100.17
2554,164.36,96.33
2555,160.8,84.28
2556,158.97,82.7
2557,159.53,93.69
2558,161.14,95.59
2559,158.15,94.16
256,NA,NA
2560,164.79,98.16
2561,166.48,107.11
2562,167.19,95.88
2563,166.58,96.85
2564,165.16,94.41
2565,160.17,86.02
2566,162.55,96.89
2567,164.14,84.19
2568,164.79,90.74
2569,165.96,105.64
257,NA,118.04
2570,166.8,107.48
2571,163.36,101.11
2572,162.19,92.35
2573,163.97,92.85
2574,160.56,95.89
2575,158.94,99.83
2576,161.99,89.84
2577,158.17,118.8
2578,156.64,81.46
2579,161.71,87.38
258,NA,NA
2580,167.19,136.07
2581,156.59,87.01
2582,156.22,89.19
2583,164.96,131.71
2584,157.82,127.88
2585,157.41,94.21
2586,157.5,111.01
2587,NA,NA
2588,160.2,113.7
2589,164.28,132.52
259,NA,NA
2590,162.74,138.1
2591,157.76,121.23
2592,156.38,96.82
2594,161.56,131.66
2595,156.18,98.49
2596,163.61,131.89
2597,157.95,116.92
2598,156.85,73.89
2599,157.76,106.96
26,NA,NA
260,NA,NA
2600,163.97,130.31
2601,155.35,100.77
2602,159.62,118.51
2603,155.79,85.43
2604,154.98,87.53
2605,157.76,90
2606,155.38,87.81
2607,155.84,67.3
2608,154.57,76.18
2609,156.76,85.93
261,NA,NA
2610,155.64,83.57
2611,164.55,105.39
2612,160.82,95.03
2613,155.18,109.29
2614,161.37,97.69
2615,157.17,91.26
2616,164.99,103.53
2617,163.54,132.9
2618,159.17,114
2619,157.35,111.58
262,NA,NA
2620,162.95,121.55
2621,160.48,130.37
2622,157.58,115.53
2623,162.95,117.65
2624,157.16,130.48
2625,162.19,136.94
2626,164.14,128.59
2627,162.54,131.99
2628,163.46,141.12
2629,164.17,135.65
263,NA,NA
2630,164.17,134.44
2631,160.97,119.03
2633,166.86,144.63
2634,163.01,94.81
2635,165.58,101.67
2636,164.82,119.89
2637,161.86,108.59
2638,NA,NA
2639,NA,NA
264,NA,NA
2640,164.46,90.1
2641,158.14,125.98
2642,158.14,118.48
2643,167.71,124.97
2644,155.54,106.22
2645,158.68,83.65
2646,159.13,115.71
2647,NA,NA
2649,163.22,118.21
265,NA,NA
2650,156.96,99.07
2651,166.29,139.69
2652,166.26,70.31
2653,157.82,107.97
2654,NA,NA
2655,166.11,115.01
2656,165.96,80.98
2657,154.63,88.77
2659,161.58,97.87
266,NA,128.83
2660,162.56,92.14
2661,159.16,78.58
2662,156.9,80.55
2663,160.01,91.49
2664,158.82,93.39
2665,159.24,94.98
2666,163.12,92.19
2667,162.91,86.96
2668,159.77,84.23
2669,159.64,72.25
267,NA,130.64
2670,158.49,81.12
2671,164,105.36
2672,160.39,81.48
2673,157.5,82.74
2674,159.31,93.09
2675,159.31,101.14
2676,NA,NA
2677,157.8,126.44
2678,154.08,91.63
2679,160.6,95.27
268,NA,102.02
2680,159.75,122.11
2681,NA,NA
2682,NA,117.44
2683,NA,NA
2684,164.31,89.78
2685,161.89,136.65
2686,156.28,119.32
2687,NA,88.87
2688,154.31,123.95
2689,156.84,118.43
269,NA,NA
2690,165.35,109.51
2691,163.36,109.32
2692,158.93,107.01
2693,NA,NA
2694,162.49,87.52
2695,170.94,132.63
2696,153.5,108.32
2698,163.46,144.28
2699,162.01,111.64
27,NA,NA
270,NA,NA
2700,NA,NA
2701,163.29,94.44
2702,162.59,92.59
2703,165,101.39
2704,NA,78.07
2705,162.52,133.4
2706,NA,NA
2707,168.71,86.94
2708,155.41,114.45
2709,NA,NA
271,NA,NA
2712,159.89,113.41
2713,NA,NA
2714,160.29,113.47
2715,156.15,79.42
2716,155.64,83.57
2717,159.79,114.66
2718,162.28,95.96
2719,164.1,107.26
272,NA,121.57
2720,162.35,94.8
2721,158.75,94.1
2722,163.28,100.15
2723,158.81,94.13
2724,168.31,119.56
2725,169.31,133.91
2726,164.74,85.88
2727,165.6,78.69
2728,NA,NA
2729,166.69,95.19
273,156.5,116.07
2730,166.4,96.69
2731,160,110.82
2732,162.99,98.07
2733,NA,104.86
2734,NA,94.11
2735,165.12,101
2736,162.69,137.96
2737,162.58,94.45
2738,156.92,98.93
2739,162.89,131.33
274,154.18,82.03
2742,NA,NA
2743,159.84,104.98
2744,NA,NA
2745,154.29,92.02
2746,170.28,106.61
2747,168.92,142.25
275,NA,NA
2750,163.55,130.07
2751,155.74,115.81
2752,160.39,60.5
2753,161.4,87.62
2755,166.09,125.35
2756,160.84,105.43
2757,160.14,118.96
2758,156.29,87.28
2759,NA,NA
276,NA,NA
2760,164.2,93.94
2761,165.27,94.15
2762,155.19,84.02
2763,NA,109.66
2764,154.18,94.06
2765,162.04,131.95
2766,NA,NA
2767,NA,NA
2768,159.75,107.62
2769,154.84,117.36
277,NA,NA
2770,NA,NA
2773,NA,NA
2774,NA,87.56
2775,156.54,119.81
2776,160.76,128.77
2777,NA,NA
2779,159.77,125.48
278,NA,103.97
2780,155.28,93.47
2781,159.68,104.32
2783,NA,NA
2784,NA,NA
2787,161.28,84.62
2788,NA,99.5
2789,162.6,107.04
279,NA,NA
2790,164.56,138.42
2791,NA,NA
2793,NA,NA
2794,NA,NA
2795,162.61,137.8
2796,NA,NA
2797,NA,NA
2798,163.45,111.34
2799,NA,NA
28,NA,NA
280,NA,95.2
2800,NA,NA
2801,156.22,110.56
2802,154.23,93.81
2803,155.97,66.61
2804,160.42,119.36
2805,170.18,119.5
2806,155.5,127
2807,NA,NA
2808,168.94,125.26
281,NA,NA
2810,NA,NA
2811,166.08,106.38
2812,162.78,128.39
2813,150.99,98.98
2814,NA,NA
2815,NA,NA
2816,NA,NA
2817,162.13,94.54
2818,160.18,89.58
2819,NA,NA
282,NA,93.03
2820,NA,NA
2821,NA,NA
2822,163.82,98.25
2823,165.28,129.14
2825,168.83,117.11
2826,NA,NA
2827,NA,NA
2829,162.1,141.24
283,NA,NA
2830,166.75,113.63
2831,165.58,114.36
2832,166.68,109.51
2833,NA,NA
2834,161.46,100.09
2835,166.97,92.2
2836,155.44,65.24
2837,161.28,99.69
2838,155.99,81.58
2839,163.94,105.97
284,NA,NA
2841,NA,NA
2842,155.6,60.52
2843,155.43,110.69
2844,NA,NA
2846,NA,NA
2847,160.23,113.92
2848,NA,NA
2849,154.7,107.95
285,NA,NA
2850,NA,NA
2851,165.83,138.42
2852,NA,NA
2853,167.24,96.95
2854,170.6,127.99
2856,NA,NA
2857,157.81,89.35
2858,158.62,121.78
2859,NA,NA
286,NA,NA
2860,153.09,113.29
2861,NA,NA
2863,158.9,80.22
2865,155.86,84.09
2866,156.71,97.78
2867,163.01,89.42
2868,NA,NA
287,NA,NA
2870,160.67,107.22
2871,164.04,86.92
2872,154.74,70.1
2873,153.65,72.54
2874,165.49,106.88
2875,159.83,96.16
2876,154.84,63.91
2877,149.75,50.95
2878,161.92,118.35
2879,161.48,75.8
288,NA,NA
2880,157.08,111.1
2881,157.28,74.73
2882,161.49,91.94
2883,NA,NA
2884,161.99,81.88
2885,154.74,87.82
2886,155.74,112.53
2888,156.12,116.54
2889,165.53,73.55
289,NA,NA
2890,161.75,92.13
2891,161.19,91.3
2892,161.64,96.41
2893,162.32,98.76
2894,162.82,101.82
2895,NA,NA
2896,161.45,102.36
2897,158.54,125.37
2898,162.56,84.11
2899,165.57,136.58
29,NA,NA
290,NA,NA
2900,158.43,103.31
2902,160.05,89.59
2903,161.97,104.64
2904,161.6,89.38
2905,156.46,109.3
2906,164.32,97.02
2907,159.32,102.25
2908,157.77,99.23
2909,159.44,85.89
291,NA,119.33
2910,163.46,67.39
2911,154.54,76.68
2912,155.15,83.97
2913,153.75,71.04
2914,158.62,88.4
2915,155.37,85.21
2916,157.17,68.77
2917,152.59,83.32
2918,155.56,81.56
2919,153.75,89.54
292,NA,NA
2920,154.16,76.62
2921,154.74,91.53
2922,156.62,77.48
2923,164.14,133.45
2924,154.1,82.36
2925,155.56,87.36
2926,153.85,76.59
2927,153.61,75.28
2928,155.53,57.34
2929,162.69,87.82
293,169.37,141.07
2930,166.86,100.17
2931,157.97,92.68
2932,157.8,88.32
2933,NA,NA
2934,155.57,97.54
2935,155.96,94.19
2936,156.34,87
2937,154.74,77.66
2938,155.31,75.08
2939,156.43,88.01
294,NA,NA
2940,155.92,81.89
2941,154.12,74.42
2942,NA,NA
2943,NA,NA
2944,165.19,105.73
2945,159.83,108.54
2946,159.82,96.51
2947,163.08,116.8
2948,162.19,115.1
2949,160.96,116.39
295,NA,NA
2950,160.31,115.8
2951,162.82,116.86
2953,160.82,110.38
2954,162.2,115.26
2955,162.21,98.6
2956,162.59,104.16
2957,162.51,106.98
2958,157.31,99.94
2959,159.35,69.1
296,NA,NA
2960,158.91,87.58
2961,163.33,98.44
2962,157.55,124.48
2963,158.45,128.39
2964,156.96,130.23
2965,156.34,123.58
2966,160.11,95.12
2967,160.83,109.01
2968,163.99,113.13
2969,161.34,98.38
297,NA,NA
2970,165.11,107.87
2971,163.85,105.32
2972,163.35,109.71
2973,162.22,102.07
2974,162.1,97.1
2976,164.61,90.87
2977,159.85,101.51
2978,161.86,90.25
2979,154.43,97.58
298,NA,NA
2981,155.44,79.39
2982,158.72,81.72
2983,153.98,100.48
2984,164.1,127.14
2985,164.52,110.09
2986,157.98,93.39
2987,161.85,88.28
2988,157.77,71.59
2989,162.76,83.98
299,NA,NA
2990,154.33,77.02
2991,NA,74.65
2993,168.71,144.25
2994,154.59,97.31
2996,154.74,105.23
2997,165.97,129.86
2998,156.75,125.63
2999,160.84,82.38
3,NA,NA
30,161.9,102.48
300,NA,NA
3000,163.08,126.11
3001,153.75,68.5
3002,155.27,72.92
3003,157.97,85.05
3004,161.08,93.27
3005,157.32,87.45
3006,160.08,122.22
3007,162.06,100.45
3008,164.35,92.02
3009,164.1,89.12
301,NA,NA
3010,163.84,98.38
3011,160.77,94.2
3012,157.58,106.28
3013,157.34,104.6
3014,NA,NA
3015,161.11,98.39
3016,157.43,76.41
3017,156.1,80.18
3018,157.43,88.09
3019,160.08,84.8
302,NA,NA
3020,156.77,96.42
3021,160.41,72.26
3022,160.73,82.99
3023,159.43,88.61
3024,158.73,96.31
3025,160.73,84.78
3026,156.75,76.06
3027,153.75,84.82
3028,156.1,91.73
3029,166.1,90
303,NA,NA
3030,NA,83.98
3031,158.43,75.97
3032,NA,71.47
3033,156.44,81.25
3034,159.06,71.81
3035,157.73,93.58
3036,159.39,81.34
3037,160.06,86.05
3038,163.58,94.73
3039,158.41,72.19
304,NA,NA
3040,NA,81.45
3041,NA,76.13
3042,NA,92.28
3043,NA,96.33
3044,NA,69.45
3045,NA,89.18
3046,157.45,96.52
3047,NA,74.87
3048,NA,78.7
3049,NA,85.43
305,NA,NA
3050,158.24,126.01
3051,157.8,128.29
3052,159.11,115
3053,154.66,94.62
3054,156.19,103.26
3055,155.36,103.71
3056,152.87,116.79
3057,152.96,96.17
3058,155.19,112.29
3059,155.96,108.52
306,NA,109.77
3060,154.71,98.14
3061,154.69,102.01
3062,155.07,106.14
3063,154.07,101.05
3064,154.07,109.08
3065,156.46,107.82
3066,156.2,105.3
3067,155.94,103.98
3068,155.69,95.33
3069,156.7,110.3
307,NA,NA
3070,156.46,100.18
3071,157.33,112.96
3072,156.32,107.03
3073,152.36,109.46
3074,156.46,109.21
3075,154.23,105.61
3076,163.96,87.07
3077,164.07,144.07
3078,158.19,131.46
3079,161.21,82.98
308,NA,NA
3080,157.73,78.3
3081,153.49,72.31
3082,153.29,80.5
3083,156.28,76.19
3084,155.89,91.34
3085,157.88,72.21
3086,156.85,114.96
3087,158.83,115.89
3088,156.75,72.33
3089,154.41,74.25
309,161.81,131.16
3090,161.58,93.86
3091,NA,NA
3092,161.58,99.88
3093,161.11,89.66
3094,156.79,93.3
3095,162.97,150.81
3096,154.73,87.37
3097,158.42,124.62
3098,NA,NA
3099,161.26,115.6
31,NA,NA
310,NA,NA
3100,158.8,99.81
3101,154.59,107.55
3102,160.44,85.08
3103,NA,89.48
3104,NA,NA
3105,156.9,78.91
3106,157.83,88.76
3107,164.21,107.44
3108,158.34,91.02
3109,157.45,81.65
311,NA,NA
3110,163.32,111.92
3111,NA,NA
3112,154.16,79.71
3113,154.84,93.69
3114,164.98,89.9
3115,160.16,116.87
3116,155.33,105.13
3117,NA,NA
3118,NA,NA
3119,155.33,84.9
3120,156.66,75.69
3121,165.73,141.26
3122,165.18,131.46
3123,156.58,90.87
3124,161.82,108.33
3125,156.52,104.39
3126,154.96,85.02
3127,156.16,83.27
3128,154.08,111.33
3129,154.94,112.22
313,NA,NA
3130,162.36,73.26
3131,166.93,112.81
3132,153.28,75.91
3133,163.57,90.97
3134,166.83,100.14
3135,164.6,123.82
3136,154.2,74.48
3137,154.82,77.12
3138,154.82,70.8
3139,159.84,133.41
314,NA,NA
3140,154.45,69.99
3141,153.59,73.55
3142,154.07,64.01
3143,158.85,95.44
3144,161.1,108.17
3145,161.73,90.61
3146,160.06,84.72
3147,160.87,89.14
3148,158.06,96.22
3149,160.72,100.79
315,162.88,113.6
3150,NA,114.61
3151,165.04,100.79
3152,164.37,94.6
3153,162.08,98.97
3154,162.73,96
3155,157.59,86.47
3156,162.07,108.76
3157,163.02,100.73
3158,NA,93.94
3159,163.41,78.04
316,NA,NA
3160,159.06,92.36
3161,159.06,85.92
3162,165.57,104.73
3163,163.59,83.62
3164,164.14,102.33
3165,158.73,90.63
3166,162.59,80.08
3167,164.08,107.01
3168,163.41,97.46
3169,NA,NA
317,NA,NA
3170,164.48,108.33
3171,164.08,102.74
3172,159.58,98.55
3173,NA,101.38
3174,160.09,81.53
3175,159.78,82.5
3176,164.08,104.83
3177,163.48,110.55
3178,159.39,101.87
3179,164.08,103.95
318,NA,NA
3180,160.08,104.69
3181,163.66,95.73
3182,162.75,97.7
3183,161.84,96.79
3184,161.21,99.16
3185,157.59,77.75
3186,156.02,73.6
3187,159.32,82.94
3188,156.38,88.86
3189,161.06,105.29
319,NA,NA
3190,156.55,98.06
3191,161.06,106.23
3192,NA,121.84
3193,160.36,86.91
3194,170.68,145.18
3195,158.83,111.36
3196,156.85,79.41
3197,161.83,80.9
3198,156.06,58
3199,156.22,72.85
32,165.86,141.58
320,NA,NA
3200,156.82,74.85
3201,155.64,69.45
3202,158.82,75.68
3203,156.96,85.49
3204,158.98,87.65
3205,153.59,84.35
3206,154.26,90.78
3208,157.48,81.38
3209,154.74,71.11
321,NA,NA
3210,149.75,91.83
3211,155.49,115.13
3212,157.98,101.98
3213,147.29,94.92
3214,160.19,84.87
3215,157.19,77.99
3216,159.89,89.62
3217,156.09,83.48
3218,144.98,66.75
3219,160.19,65.87
322,NA,NA
3220,159.64,68.37
3221,NA,72.79
3222,157.98,70.28
3223,155.75,85.23
3224,158.57,77.71
3225,156.56,84.16
3226,156.96,84.27
3227,154.97,78.34
3228,NA,NA
3229,156.94,117.49
323,NA,NA
3230,162.7,122.88
3231,159.2,120.7
3232,161.2,119.76
3233,163.89,133.16
3234,160.99,128.65
3235,159.07,112.81
3236,162.91,132.5
3237,164.31,132.03
3238,160.68,129.09
3239,162.51,122.37
324,153.6,115.58
3240,161.4,125.22
3241,160.72,114.38
3242,162.44,136.16
3243,162.05,138.37
3244,156.82,118.31
3245,157.32,117.56
3246,159.32,117.92
3247,160.55,129.94
3248,161.18,128.89
3249,163.77,128.12
325,NA,NA
3250,157.78,106.69
3251,164.76,133.32
3252,162.95,125
3253,163.33,136.73
3254,163.14,125.77
3255,161.36,125.52
3256,158.57,112.75
3257,NA,NA
3258,NA,NA
3259,157.28,129.48
326,NA,NA
3260,160.76,109.13
3261,157.5,74.51
3262,NA,NA
3263,160.46,81.92
3264,166.18,136.65
3265,156.07,97.53
3266,157.79,116.49
3267,NA,NA
3268,NA,NA
3269,156.07,85.91
327,NA,NA
3270,NA,NA
3271,154.74,82.65
3272,163.39,110.64
3273,166.11,116.62
3274,NA,NA
3275,161.9,129.88
3276,NA,NA
3277,NA,NA
3278,NA,NA
3279,156.15,90.45
328,NA,NA
3280,156.28,79
3281,NA,75.57
3282,156.72,121.31
3283,NA,NA
3284,NA,NA
3285,152.7,62.23
3286,155.99,79.82
3287,155.11,83.58
3288,161.68,91.29
3289,162.25,81.74
329,156.79,100.29
3290,NA,NA
3292,NA,77.28
3293,NA,NA
3294,NA,94.17
3295,NA,NA
3296,158.96,74.29
3297,163.84,112.05
3298,149.67,95.76
3299,163.52,97.21
33,NA,NA
330,NA,NA
3300,154.96,64.67
3301,NA,83.79
3302,NA,79.57
3303,167.24,144.15
3304,159.44,119.71
3305,162.55,71.37
3306,NA,81.78
3307,NA,NA
3308,NA,73.43
3309,NA,94.36
331,NA,NA
3310,NA,NA
3311,159.83,90.36
3312,164.26,95.49
3313,NA,NA
3314,153.44,87.71
3315,164.16,132.1
3316,151.14,75.16
3317,NA,99.77
3318,162.27,122.76
3319,160.97,88.79
332,NA,NA
3320,157.43,72.02
3321,156.71,101.28
3322,160.51,67.54
3323,159.99,128.42
3324,155.77,115.48
3325,157.67,88.68
333,NA,NA
334,NA,NA
335,NA,NA
3355,NA,NA
336,NA,NA
3366,NA,NA
3368,NA,NA
337,NA,NA
3373,NA,NA
3374,NA,NA
3375,NA,NA
338,NA,NA
339,NA,NA
3395,NA,NA
34,168.94,126.43
340,NA,NA
341,NA,NA
342,NA,NA
343,NA,NA
344,NA,NA
345,NA,NA
346,NA,73.26
3463,162.26,99.72
3465,NA,NA
347,NA,74.26
3472,NA,89.71
348,NA,NA
3480,NA,NA
349,NA,NA
35,NA,NA
350,168.27,139.07
351,161.22,122.39
352,NA,NA
3524,159.25,115.35
3525,157.76,104.15
353,NA,NA
354,NA,NA
356,NA,NA
357,165.67,122.01
358,NA,NA
359,NA,123.65
36,NA,NA
360,NA,NA
361,NA,NA
362,NA,NA
3622,NA,NA
363,NA,NA
3634,NA,NA
3636,NA,NA
3637,158.45,116.95
3638,NA,NA
364,NA,NA
365,NA,NA
3658,NA,NA
3659,NA,NA
366,NA,NA
3661,156.67,154.54
3662,NA,NA
3663,NA,NA
3665,NA,NA
3666,160.92,136.88
3667,NA,142.41
3668,NA,NA
3669,160.08,131.73
367,162.97,100.03
3670,155.79,116.73
3671,NA,NA
3672,NA,135.93
3673,NA,NA
3674,157.13,81.56
3675,155.95,70.27
3676,NA,NA
3677,NA,NA
3678,NA,79.75
368,NA,NA
369,NA,114.31
3691,NA,NA
3692,165.28,97.73
3694,NA,NA
3695,164.56,140.74
3696,NA,NA
3697,NA,NA
3698,NA,NA
3699,NA,NA
37,NA,NA
370,NA,NA
3701,166.39,105.47
3702,165.81,137.22
3703,159.59,122.83
3704,NA,NA
3705,162.09,83.03
3706,157.42,70.52
3707,NA,NA
3708,NA,NA
3709,NA,NA
371,NA,NA
3710,NA,99.6
3711,NA,NA
3712,155.03,67.36
3713,157.13,66.39
3715,NA,NA
3716,NA,NA
3717,NA,NA
3718,NA,NA
3719,NA,NA
372,NA,NA
3720,NA,NA
3721,160.37,126.49
3722,NA,NA
3723,166.44,120.57
3724,NA,NA
3725,NA,NA
3726,NA,NA
3727,NA,NA
3728,NA,NA
3729,NA,NA
373,NA,NA
3730,161.65,75.64
3731,158.03,81.58
3732,NA,NA
3733,NA,NA
3734,157.21,104.42
3735,NA,NA
3736,NA,NA
3738,NA,NA
3739,162.08,95.16
374,165.28,142.11
3740,NA,NA
3741,NA,NA
3742,158.14,78.97
3743,156.17,121.4
3744,157.39,114.98
3745,158.08,88.9
3747,166.1,144.51
3748,NA,NA
3749,155.77,87.59
375,NA,NA
3750,163.46,70.92
3751,150.33,73.99
3754,154.87,90.55
3755,158.07,108.37
3756,162.13,97.54
3757,163.44,90.39
3758,161.75,99.68
376,NA,NA
3760,NA,NA
3762,NA,NA
3763,NA,NA
3764,NA,NA
3765,161.46,75.72
3766,NA,NA
3767,NA,NA
3769,NA,NA
377,172,135.72
3770,NA,NA
3771,164.06,83.1
3772,155.67,120.61
3775,161.69,84.42
3776,NA,NA
3777,NA,NA
3778,153.52,106.16
3779,NA,NA
378,169.15,NA
3780,NA,NA
3781,152.45,85.29
3782,165.08,86.1
3783,NA,112.53
3784,162.45,89.9
3785,162.05,126.25
3786,NA,NA
3787,NA,NA
3788,NA,NA
3789,155.14,107.02
379,NA,NA
3790,NA,NA
3791,NA,NA
3792,167.55,131.1
3793,NA,NA
3794,162.21,87.13
3795,NA,NA
3796,NA,NA
3797,NA,NA
3798,153.13,NA
3799,NA,NA
38,NA,NA
380,NA,124.89
3800,NA,NA
3801,153.86,67.45
3802,156.03,60.19
3803,153.75,75.96
3804,NA,55.29
3805,159.79,98.97
3806,NA,NA
3809,NA,NA
381,NA,NA
3810,153.5,62.77
3812,152.87,61.57
3813,NA,NA
3814,NA,NA
3816,NA,120.89
3817,NA,NA
3818,NA,NA
382,NA,NA
3820,NA,NA
3821,NA,NA
3822,NA,NA
3823,159.34,107.68
3824,164.46,134.31
3825,163.88,129.21
3826,164.11,134.27
3827,164.28,127.08
3828,NA,NA
3829,NA,NA
383,NA,NA
3830,165.17,116.07
3831,161.45,119.38
3832,NA,NA
3833,NA,NA
3834,NA,NA
3835,155.5,112.58
3836,162.7,114.59
3837,NA,NA
3838,NA,NA
3839,NA,NA
384,165.28,141.46
3840,NA,NA
3841,NA,NA
3842,NA,NA
3843,NA,NA
3844,NA,NA
3845,NA,NA
3846,NA,NA
3847,NA,NA
3848,NA,NA
3849,NA,NA
385,160.13,136.6
3850,NA,NA
3851,NA,NA
3852,NA,NA
3853,162.61,100.64
3854,161.55,104.73
3855,NA,NA
3856,NA,NA
3857,156.37,86.22
3858,158.83,74.07
386,NA,NA
3860,NA,NA
3861,NA,NA
3862,NA,NA
3863,NA,NA
3864,168.56,129.79
3865,NA,NA
3866,NA,NA
3867,163.32,130.95
3868,NA,NA
3869,159.05,123.33
387,NA,NA
3870,NA,NA
3871,156.77,91.89
3872,158.76,120.22
3873,155.71,85.45
3874,155.76,74.93
3875,155.86,80.67
3876,156.86,93.85
3877,154.28,79.14
3878,154.85,72.78
3879,155.53,89.03
388,NA,NA
3880,153.08,76.98
3881,NA,NA
3883,NA,NA
3884,157.47,95.88
3885,NA,NA
3886,NA,NA
3887,NA,NA
3888,NA,NA
389,164.1,129.93
3890,157.45,66.78
3891,157.77,80.69
3892,154.49,78.49
3893,158.01,110.9
3894,154.36,86.16
3895,NA,NA
3897,NA,NA
3898,159.76,89.43
3899,NA,NA
39,155.12,79.8
390,NA,127.03
3900,NA,NA
3901,154.1,82.97
3902,153.04,74.27
3903,NA,NA
3905,NA,NA
3906,155.4,123.57
3907,158.56,72.49
3908,155.69,68.04
3909,153.61,64.26
391,NA,NA
3910,153.04,81.19
3911,NA,NA
3912,159.41,96.12
3913,159.99,96.53
3914,160.18,93.07
3915,157.55,100.2
3916,NA,NA
3917,NA,NA
3918,157.89,126.11
3919,157.13,124.49
392,NA,NA
3920,167.41,118.92
3921,NA,NA
3922,NA,NA
3924,NA,NA
3925,NA,NA
3927,162.46,79.62
3928,NA,NA
3929,NA,NA
393,NA,NA
3930,NA,NA
3931,NA,NA
3932,162.59,95.63
3933,NA,NA
3934,NA,NA
3935,NA,NA
3936,169.8,131.9
3938,NA,NA
394,161.96,94.37
3940,NA,NA
3941,NA,NA
3942,164.77,118.35
3943,NA,NA
3944,NA,NA
3945,NA,NA
3946,NA,NA
3947,NA,NA
3948,NA,NA
3949,NA,NA
395,NA,NA
3950,NA,NA
3951,154.13,78.89
3952,159.61,120.72
3953,NA,NA
3954,161.58,110.26
3955,159.21,114.82
3956,159.96,124.87
3957,165.25,117.25
3958,NA,NA
3959,167.5,127.44
396,NA,NA
3960,NA,NA
3961,162.62,98.58
3962,161.44,99.63
3963,159.79,101.46
3964,160.77,97.18
3965,160.85,100.42
3966,160.1,81
3968,NA,NA
3969,156.97,89.68
397,163.68,119.15
3970,NA,87.45
3971,160.42,104.38
3972,163.24,68.71
3974,158.34,112.23
3976,NA,NA
3977,NA,NA
3978,NA,NA
3979,NA,NA
398,164.7,134.23
3980,165.52,120.78
3981,NA,NA
3982,NA,NA
3983,NA,NA
3984,158.12,118.23
3985,NA,NA
3986,168.77,115.55
3987,160.64,119.57
3988,155.38,97.91
399,NA,NA
3990,NA,NA
3991,NA,NA
3992,NA,NA
3993,158.76,55.09
3994,158.88,40.12
3995,156.24,48.35
3996,158.97,51.47
3997,158.25,54.37
3998,158.41,72.51
4,NA,NA
40,NA,NA
400,NA,NA
4000,157.76,72.64
4001,157.76,75.62
4002,159.11,67.4
4003,157.79,74.75
4004,158.82,67.48
4006,157.75,82.74
4007,NA,NA
4008,157.5,117.97
4009,NA,NA
401,NA,NA
4010,NA,NA
4011,162.27,105.9
4012,166.02,131.2
4013,156.87,103.56
4014,156.04,78.4
4015,152.77,85.56
4016,159.44,105.89
4017,NA,NA
4018,NA,NA
4019,NA,NA
402,NA,NA
4020,164.99,120.71
4021,162.14,121.31
4022,158.83,93.93
4023,161.83,120.46
4024,159.7,131.62
4025,NA,NA
4026,154.4,73.59
4027,157.77,103.18
4028,NA,NA
4029,158.23,128.63
403,162.97,126.6
4030,158.98,127.01
4031,NA,NA
4032,159.86,129.49
4033,NA,NA
4034,NA,NA
4035,161.56,118.5
4036,155.36,106.61
4037,NA,NA
4038,165.83,116.59
4039,162.77,93.46
404,164.33,137.27
4040,NA,NA
4041,160.05,50.5
4042,NA,NA
4043,166.15,108.93
4044,NA,NA
4045,159.98,70.69
4046,162.08,103.02
4047,153.75,98.31
4048,158.43,86.05
4049,NA,NA
405,NA,NA
4050,160.73,84.23
4051,NA,NA
4052,160.34,125.72
4053,NA,NA
4054,NA,NA
4055,151.34,101.74
4056,NA,88.08
4057,NA,NA
4058,164.71,98.08
4059,155.96,93.58
406,NA,NA
4060,158.26,96.71
4061,162.76,100.43
4062,NA,NA
4064,162.99,129.59
4065,NA,NA
4066,157.87,115.12
4067,153.35,98.09
4068,NA,NA
4069,NA,NA
407,NA,NA
4070,153.29,79.4
4073,NA,85.84
4074,166.9,117.66
4075,NA,NA
4076,163.56,143.42
4077,166.12,145.14
4078,167.52,114.13
4079,NA,NA
408,163.71,97.61
4080,NA,NA
4081,161.43,135.41
4083,NA,NA
4084,168.95,119.44
4085,164.06,99.16
4089,157.38,121.96
409,NA,NA
4090,163.39,85.91
4091,157.43,88.17
4092,157.73,86.03
4093,163.06,118.15
4094,162.06,107.13
4095,162.73,114.74
4096,164.08,110.99
4097,NA,NA
4098,166.03,100.53
4099,160.51,88.72
41,NA,NA
410,NA,NA
4100,161.35,90.97
4101,157.04,75.27
4102,159.89,98.51
4103,163.47,98.16
4104,152.61,101.12
4105,161.76,123.79
4106,NA,NA
4107,NA,NA
4109,160.26,88.23
411,NA,NA
4110,163.55,53.44
4111,160.55,109.48
4112,164.53,65.56
4113,161.24,91.58
4114,NA,82.05
4115,NA,NA
4116,NA,NA
4117,158.91,93.9
4118,NA,NA
4119,157.99,117.66
412,NA,NA
4120,164.83,93.47
4121,161.37,130.78
4122,NA,NA
4123,NA,NA
4124,160.03,114.61
4125,158.01,116.46
4126,157.09,96.94
4127,156.76,114.41
4128,NA,NA
413,160.13,104.81
4130,NA,NA
4131,160.74,95.38
4132,165.67,113.23
4133,156.99,78.06
4134,161.36,140.44
4135,159.79,111.15
4136,160.54,102.61
4138,153.97,96.03
4139,NA,NA
414,156.94,108.77
4140,NA,NA
4141,164,80.26
4142,160.06,87.27
4143,162.75,82.59
4144,NA,NA
4145,164.08,88.19
4146,163.22,91.99
4147,161.41,74.69
4149,165.72,92.62
415,162.99,117.59
4150,159.36,42.13
4151,155.08,76.35
4152,NA,NA
4153,159.41,77.9
4154,156.77,90.49
4155,NA,87.52
4157,NA,72.33
4158,157.73,79.48
4159,158.73,104.85
4160,NA,82.03
4161,NA,94.42
4162,NA,NA
4163,158.73,80.83
4164,NA,94.99
4165,NA,95.22
4166,NA,90.6
4167,NA,99.15
4168,NA,101.4
4169,NA,83.57
417,NA,NA
4171,163.98,110.26
4172,154.27,86.65
4173,NA,NA
4174,161.46,113.49
4175,NA,108.18
4176,160.38,82.99
4177,163.74,133.81
4178,NA,NA
418,NA,NA
4180,NA,NA
4183,163.76,102.05
4185,NA,NA
4187,NA,113.81
4188,156.51,112.65
4189,154.35,103.44
419,157.27,85.42
4190,157.07,118.99
4191,159.4,108.77
4192,164.76,142.61
4193,155.49,104.12
4194,NA,NA
4196,156.09,NA
4197,NA,75.16
4198,NA,NA
4199,157,103.23
42,NA,NA
420,NA,NA
4200,157.13,85.28
4201,156.8,88.79
4202,161.56,138.73
4203,157.75,134.34
4204,160.25,117.28
4205,158.32,66.21
4206,155.43,59.95
4207,159.83,116.3
4208,156.72,85.84
4209,159.79,71.32
421,159.19,130.57
4210,155.97,82.35
4211,153.42,67.27
4212,155.64,80.35
4213,155.08,70.44
4214,158.48,83.15
4215,155.32,88.09
4216,153.97,80.41
4217,NA,NA
4218,156.03,60.38
4219,165.35,95.34
422,158.52,114.77
4220,158.38,118.86
4221,161.02,122.34
4222,165.28,118.97
4223,161.56,133.55
4224,NA,NA
4225,154.76,86.26
4226,164.42,113.39
4227,161.24,119.13
4228,NA,NA
4229,158.99,102.67
423,164.59,131.89
4230,158.06,105.94
4231,153.75,80.05
4232,NA,NA
4233,155.75,90.72
4234,NA,NA
4235,NA,NA
4236,158.73,78.87
4237,157.24,74.14
4238,157.46,78.59
4239,NA,NA
424,NA,NA
4240,155.48,86.55
4241,154.73,84.08
4242,NA,NA
4243,NA,NA
4244,164.48,76.41
4245,156.79,88.79
4246,154.36,88.58
4247,160.14,78.8
4248,NA,NA
4249,165.88,90.15
425,NA,NA
4250,NA,NA
4251,158.92,131.19
4252,NA,NA
4253,159.56,112.59
4254,NA,108.02
4255,165.45,96.14
4256,NA,NA
4257,166.89,142.6
4258,154.03,99.24
4259,NA,NA
426,164.13,139.58
4260,NA,NA
4261,157.49,103.61
4262,162.57,134.07
4264,NA,67.63
4265,163.77,113.61
4266,161.28,113.59
4267,159.59,112.61
4268,154.91,72.07
4269,NA,NA
427,NA,NA
4270,NA,NA
4271,NA,NA
4273,159.25,101.65
4274,NA,NA
4276,165.74,115.13
4277,155.8,100.64
4278,160.5,107.47
428,163.5,114.97
4280,169.06,116.8
4281,163.37,121.08
4282,NA,NA
4283,NA,115.82
4284,156.99,111.41
4285,152.84,148.35
4286,155.36,105.77
4287,156.34,117.67
4288,157.1,106.49
4289,156.28,78.47
429,165.11,151.09
4290,162.64,127.11
4293,161.48,103.15
4294,NA,NA
4295,158.7,NA
4298,159.46,120.51
4299,NA,NA
43,NA,NA
430,NA,NA
4301,163.77,142.64
4303,155.31,92.4
4304,NA,NA
4305,168.35,158.98
4306,NA,NA
4307,169.46,114.62
4308,166.52,93.83
4309,164.31,91.96
431,NA,NA
4310,165.15,102.16
4311,162.61,103.59
4312,166.34,88.61
4313,165.43,80.83
4314,163.28,93.33
4315,164.79,94.71
4316,163.24,110.27
4317,168.74,101.74
4318,165.2,107.81
4319,160.72,97.29
432,160.26,120.77
4320,160.88,98.83
4321,170.31,112.72
4322,164.87,122.48
4323,162.2,117.98
4325,162.56,107.96
4327,161.87,74.12
4328,157.09,51.23
4329,158.76,85.1
433,162.75,132.12
4330,154.41,71.27
4331,151.5,90.18
4332,NA,NA
4333,NA,NA
4334,164.85,106.31
4335,165.16,103.58
4336,167.41,118.55
4337,155.11,81.63
4338,NA,NA
4339,161.77,104.96
434,160.43,121.94
4340,NA,102.66
4341,NA,NA
4342,159.78,90.22
4343,NA,NA
4344,NA,NA
4345,152.92,73.87
4346,NA,NA
4347,NA,NA
4348,NA,NA
435,NA,NA
4350,NA,NA
4351,165.22,136.51
4352,151.44,87.83
4353,152.39,90.56
4354,153.67,99.8
4355,NA,NA
4357,160.06,124.53
4358,NA,105.9
4359,NA,NA
436,NA,NA
4360,NA,NA
4361,NA,NA
4362,NA,NA
4364,163.88,112
4365,161.57,133.15
4366,155.84,93.4
4367,159.34,94.59
4368,165,105.29
437,NA,NA
4370,159.36,95.77
4372,NA,NA
4373,150.46,73.43
4374,NA,NA
4375,167.3,125.68
4378,NA,NA
4379,172.15,107.02
438,NA,NA
4380,153.28,75.63
4381,156.27,85.48
4382,158.26,98.3
4383,153.81,74.15
4384,151.43,64.7
4385,153.98,39.52
4386,153.46,61.03
4387,156.79,125.42
4388,162.63,91.91
4389,163.35,95.04
439,162.79,102.52
4390,162.45,123.13
4391,160.85,103.41
4392,NA,NA
4393,163.58,83.53
4394,167.59,105.71
4395,158.35,90.24
4397,NA,NA
4398,NA,NA
4399,160.07,110.45
44,NA,NA
440,NA,111.41
4400,157.35,84.17
4401,164.37,93.34
4402,157.39,86.51
4403,154.09,61.42
4404,NA,NA
4405,155.67,90.03
4406,NA,NA
4408,NA,NA
4409,160.4,62.95
441,NA,NA
4410,NA,NA
4411,163.69,115.85
4412,165.45,96.97
4413,150.45,93.22
4414,NA,NA
4415,160.66,77.41
4416,NA,NA
4417,163.28,72.96
4418,158.8,85.22
4419,157.58,110.95
442,NA,NA
4422,160.6,117.07
4423,165.4,123.58
4425,157.25,NA
4428,163.8,130.11
4429,NA,NA
443,NA,NA
4430,163.57,105.88
4431,160.04,89.68
4432,162.06,88.17
4433,162.73,97.23
4434,163.21,109.64
4435,158.72,101.81
4436,163.59,107.82
4437,164.48,87.29
4438,159.72,77.81
4439,162.73,97.96
444,NA,NA
4440,NA,94.56
4441,163.35,93.89
4442,163.7,97.98
4443,159.39,86.51
4444,159.72,91.81
4445,163.41,112.11
4446,165.41,98.59
4447,164.79,98.54
4448,163.06,94.17
4449,NA,NA
445,162.65,134.19
4450,162.08,98.95
4451,165.8,91.33
4452,162.15,84.89
4453,157.24,72.84
4454,159.78,72.64
4455,153.55,NA
4456,NA,NA
4457,NA,NA
4458,154.35,70.12
4459,156.41,80.24
446,NA,114.82
4460,154.76,70.34
4461,151.92,NA
4462,155.98,77.49
4463,157.15,75.63
4464,155.38,79.56
4465,NA,NA
4466,NA,NA
4467,NA,NA
4468,NA,NA
4469,NA,NA
447,NA,NA
4470,151.19,83.04
4472,154.91,75.07
4473,160.17,72.83
4474,159.6,96.31
4475,157.28,96.77
4476,161.63,102.56
4477,155.9,109.71
4479,156.03,105.07
448,165.4,138.25
4480,155.31,116.59
4481,156.28,122.1
4483,163.31,91.14
4484,160.04,98.9
4485,158.79,103.08
4486,160.51,108.99
4489,NA,NA
449,165.73,114.17
4490,167.16,119.44
4492,NA,93.28
4493,NA,82.41
4494,161.13,97.79
4495,157.99,81.51
4496,163.21,92.22
4497,154.58,70.76
4498,161.89,66.91
4499,157.38,79.98
45,NA,NA
450,NA,NA
4501,160.38,72.51
4502,169.52,119.57
4504,NA,NA
4505,155.38,95.58
4506,NA,NA
4507,169.7,108.08
4508,156.31,105.41
4509,160.28,134.24
451,160.13,103.56
4510,163.28,122.39
4511,159.83,118.78
4512,NA,NA
4513,158.75,126.23
4514,165.38,110.07
4515,162.6,129.18
4517,161.75,106.03
4518,160.03,101.63
4519,NA,NA
452,167.8,109.82
4520,156.71,79.74
4521,NA,NA
4522,NA,NA
4523,NA,NA
4524,NA,NA
4525,156.61,NA
4526,159.73,107.39
4527,157.68,131.32
4528,156.59,79.66
4529,154.52,68.33
453,NA,NA
4530,160.74,118.55
4532,155.39,77.44
4535,NA,NA
4536,155.27,112.07
4537,158.25,81.39
4538,156.75,83.16
4539,155.26,87.34
454,NA,NA
4540,160.61,128.37
4541,NA,NA
4542,NA,NA
4543,159.28,109.12
4545,158.5,106.09
4547,NA,NA
455,NA,NA
4554,NA,104.68
4556,NA,114.16
4557,150.28,49.83
4558,152.7,52.63
4559,155.04,78.31
456,NA,NA
4560,151.13,59.7
4561,153.91,81.07
4562,155.3,82.53
4563,155.17,70.73
4564,155.27,81.14
4565,153.07,60.01
4566,158.14,82.15
4567,156.05,61.96
4568,154.17,67.47
4569,155.5,91.11
457,166.75,139.18
4571,162.73,87.89
4573,158.53,89.4
4576,NA,NA
4578,NA,83.13
4579,NA,72.38
458,165.58,131.75
4580,NA,NA
4581,NA,NA
4582,154.99,73.29
4584,154.97,77.01
4585,156.41,71.29
4586,NA,NA
4587,154.99,56.69
4589,155.31,99.7
459,NA,NA
4590,NA,NA
4591,NA,NA
4592,154.09,64.13
4593,NA,NA
4595,160.22,117.77
4596,159.24,119.48
4597,NA,NA
4598,148.51,80.6
4599,149.65,79.42
46,NA,NA
460,NA,NA
4600,156.6,102.24
4601,158.75,139.77
4602,168.08,136.9
4603,159.25,90.96
4604,NA,NA
4605,151.15,106.98
4606,151.3,95.36
4607,155.21,64.41
4608,152.69,64.08
461,NA,NA
4610,155.31,100.12
4611,156.96,92.94
4613,159.28,105.68
4614,158.5,82.92
4615,163.35,87.92
4616,NA,NA
4617,158.31,112.43
4618,162.82,117.43
4619,163.36,107.04
462,161.68,129.14
4620,154.03,96.55
4621,151.26,65.57
4622,NA,NA
4623,NA,56.74
4624,155.67,63.67
4626,153.28,62.92
4627,158.56,84.94
4628,166.39,116.4
4629,159.26,94.48
463,NA,NA
4630,162.79,85.96
4631,160.44,103.63
4632,161.35,107.98
4633,158.86,113.68
4634,NA,NA
4635,NA,NA
4636,153.06,107.76
4637,NA,NA
4638,165.03,113.19
4639,161.17,114.25
464,NA,NA
4642,155.81,103.12
4643,155.45,97.25
4644,158.45,109.87
4645,159.56,88.9
4646,159.44,105.29
4647,NA,NA
4648,155.06,101.58
4649,153.82,81.37
465,NA,NA
4650,149.71,72.71
4651,156.04,79.98
4652,158.07,72.35
4654,158.76,111.27
4655,155.56,93.3
4656,156.75,89.95
4657,NA,NA
4658,157.28,83.42
4659,164.4,96.16
466,167.84,132.53
4661,158.31,109.27
4662,165.28,123.57
4663,NA,NA
4664,153.75,81.86
4665,NA,NA
4667,161.54,114.35
4668,167.01,105.94
4669,NA,NA
467,169.6,128.76
4670,162.39,114.22
4671,163.41,102.92
4672,157.14,87.35
4673,155.44,75.23
4674,154.56,79.4
4675,160.18,104.41
4676,154.1,68.92
4677,162.73,132.64
4678,162.62,142.43
4679,163.31,130.91
468,NA,NA
4680,158.75,126.48
4681,159.32,117.82
4682,160.81,124.02
4683,159.91,97.98
4684,158.91,118.56
4685,151.99,61.48
4686,152.24,84.09
4687,NA,NA
4689,NA,NA
469,NA,NA
4690,157.09,83.27
4691,NA,NA
4692,157.2,85.33
4693,NA,NA
4694,NA,NA
4695,164.06,131.84
4696,163.89,147.08
4698,161.54,123.84
47,NA,NA
470,NA,99.31
4700,157.49,114.66
4703,NA,NA
4704,165.09,134.48
4705,NA,NA
4706,NA,NA
4707,NA,NA
4708,165.81,116.63
4709,NA,NA
471,161.6,81.64
4710,NA,NA
4712,164.88,90.81
4714,168.6,141.6
4716,161.81,111.68
4717,NA,NA
4718,NA,NA
4719,NA,NA
472,158.7,77.17
4720,NA,133.05
4722,NA,NA
4723,153.53,54.27
4725,NA,NA
4726,NA,NA
4727,154.86,108.67
4728,NA,NA
4729,156.92,119.01
473,NA,NA
4730,154.56,87.32
4731,150.56,82.65
4732,160.69,81.62
4733,160.31,70.22
4734,164.06,64.26
4735,156.28,79.26
4736,161.75,89.75
4737,155.87,78.49
4738,154.35,91.54
4739,152.09,76.25
474,173.42,125.23
4740,154.86,86.37
4741,154.67,87.51
4742,NA,NA
4744,166.5,110.77
4745,165.32,127.42
4746,153.06,83.52
4747,155.5,105.72
4748,156.39,96.02
4749,155.99,93.33
475,NA,NA
4751,162.09,87.42
4752,NA,NA
4753,156.24,102.57
4754,153.35,93.96
4755,162.63,96.77
4756,149.69,63.73
4757,163.89,84.25
4758,165.67,99.61
4759,161.41,93.4
476,155.87,115.42
4760,158.11,85.59
4761,161.35,88.22
4762,168.61,81.49
4763,160.71,84.59
4764,156.96,83.8
4765,154.03,81.9
4766,153.38,72.85
4767,150.42,99.26
4768,162.63,94.51
4769,NA,NA
477,161.11,132.51
4770,158.21,114.78
4771,162.94,96.61
4772,166.06,112.14
4773,159.61,87.12
4775,147.28,77.16
4776,145.56,68.41
4777,151.43,61.71
4778,149.5,62.78
4779,149.69,58.07
478,NA,121.17
4780,152.69,52.78
4781,148.69,71.08
4782,145.75,103.04
4783,NA,NA
4785,143.56,62.91
4786,NA,96.1
4787,165.39,107.29
4788,168.97,101.2
4789,155.41,59.2
479,NA,NA
4790,158.64,62.27
4791,154.87,71.97
4792,151.51,65.72
4793,153.74,92.16
4794,155.74,77.36
4795,152.83,92.05
4796,152.74,79.38
4797,157.19,87.62
4798,159.87,91.7
4799,158.36,97.74
48,NA,NA
480,154.9,107.08
4800,160.64,95.65
4801,160.41,100.25
4802,160.06,94.43
4803,160.19,97.97
4804,159.96,104.87
4805,157.96,98.53
4806,156.41,99.4
4807,157.19,77.17
4808,158.96,100.02
4809,158.64,98.87
481,158.33,120.64
4810,160.87,99.2
4811,158.09,95.31
4812,160.87,99.24
4813,158.19,92.6
4814,155.28,70.1
4815,154.74,88.14
4816,161.51,96.85
4817,158.74,93.12
4818,160.41,94.35
4819,160.96,104.78
482,157.36,117.74
4820,158.96,90.71
4821,157.96,92.86
4822,157.96,91.38
4823,158.09,100.7
4824,156.19,89.72
4825,156.41,89.51
4826,157.19,92.26
4827,157.27,78.35
4828,157,86.47
4829,155.17,77.36
483,163.16,123.81
4830,159.96,103.52
4832,157.56,92.14
4833,160.56,108.08
4834,159.51,101.16
4835,NA,NA
4836,NA,NA
4837,NA,NA
4838,156.46,70.93
4839,159.94,84.22
484,160.75,112.69
4840,154.83,62.75
4841,154.06,78.65
4843,156.41,68.6
4844,146.96,63.97
4845,152.96,67.14
4846,152.96,67.45
4848,153.74,75.68
4849,157.19,69.66
485,159.05,125.42
4850,NA,NA
4851,155.57,86.49
4852,NA,NA
4853,NA,NA
4854,160.08,82.2
4855,NA,NA
4856,NA,NA
4857,NA,NA
4858,NA,NA
486,165.28,129.65
4865,NA,NA
4866,NA,NA
4867,NA,NA
4868,NA,NA
487,163.9,124.04
4870,NA,NA
4874,NA,NA
4875,NA,NA
4876,NA,NA
4878,NA,NA
488,158.86,108.45
4883,165.75,142.98
4889,NA,NA
489,NA,NA
4890,NA,NA
4891,NA,NA
4892,NA,NA
4893,155.9,95.83
4894,152.09,84.29
4896,155.27,66.37
4897,156.29,102.68
4898,156.29,84.79
4899,156.29,81.25
49,NA,NA
490,155.92,75.27
4900,153.94,83.51
4901,156.09,90.08
4902,151.08,95.01
4903,157.05,64.62
4904,153.44,67.07
4905,154.08,62.59
4906,154.73,60.37
4907,146.72,42.42
4908,157.42,73.71
4909,156.46,84.65
491,154.83,79.08
4910,154.73,76.53
4911,154.73,99.88
4912,153.42,103.8
4913,152.51,86.17
4914,155.51,99.33
4915,152.77,89.39
4916,154.66,93.94
4917,155.51,90.99
4918,153.75,84.86
4919,154.38,91.43
492,154.56,76.49
4920,154.44,88.24
4921,155.73,101.43
4922,155.18,94.17
4923,158.18,97.85
4924,155.29,79.96
4925,157.1,85.03
4926,156.38,76.97
4927,155.38,83.06
4928,157.27,87.8
4929,153.66,81.04
493,NA,NA
4931,153.75,83.83
4932,155.05,80.25
4933,152.42,68.71
4934,155.7,67.48
4935,156.23,61.24
4936,150.66,60.62
4938,153.73,60.56
4939,165.95,110.57
494,159.03,120.64
4940,159.11,118.19
4942,163.73,120.31
4943,166.29,114.06
4944,166.81,123.13
4946,155.46,112.17
4947,154.46,102.01
4948,155.9,89.41
4949,150.27,102.49
495,NA,NA
4950,154.75,105.43
4951,155.7,112.11
4952,156.22,108.03
4953,152.92,98.73
4954,151.66,73.49
4955,NA,NA
4956,156.9,88.86
4957,154.33,85.47
4958,156.09,92.74
4959,154.37,77.61
496,NA,NA
4960,156.77,84.94
4961,156.66,79.08
4962,156.94,91.57
4966,157.33,109.56
4967,154.79,86.36
4968,168.68,109.19
4969,169.93,78.94
497,NA,NA
4970,158.37,112.37
4973,157.71,94.1
4974,161,60.43
4976,157.08,97.84
4977,156.73,94.94
4978,157.38,100.91
4979,NA,NA
498,NA,NA
4980,153.74,83.08
4981,155.53,114.59
4982,151.11,89.21
4983,157.16,100.32
4984,157.51,108.91
4985,154.72,66.92
4986,152.95,67.58
4987,NA,NA
4988,162.35,73.51
4989,155.74,88.55
499,NA,121.71
4994,156.79,85.12
4995,NA,NA
4996,150.91,66.42
4997,153.15,86.77
4999,147.54,63.58
5,NA,NA
50,NA,NA
500,155.17,109.55
5000,157.72,115.94
5001,156.91,123.79
500101,NA,NA
500102,NA,NA
500103,NA,NA
500104,NA,NA
500105,NA,NA
500106,NA,NA
500107,NA,NA
500108,NA,NA
500109,NA,NA
500110,NA,NA
500111,NA,NA
500112,NA,NA
500113,NA,NA
500114,NA,NA
500115,NA,NA
500116,NA,NA
500117,NA,NA
500118,NA,NA
500119,NA,NA
500120,NA,NA
500121,NA,NA
500122,NA,NA
500123,NA,NA
500124,NA,NA
500125,NA,NA
500126,NA,NA
500127,NA,NA
500128,NA,NA
500129,NA,NA
500130,NA,NA
500131,NA,NA
500132,NA,NA
500133,NA,NA
500134,NA,NA
500135,NA,NA
5002,156.32,115.45
5003,162.95,96.07
5004,161.76,97.43
5005,165.54,109.11
5006,NA,NA
5007,174.28,98.72
5009,NA,NA
501,NA,116
5010,NA,NA
5011,151.58,68.11
5012,160.13,93.43
5013,165.95,94.78
5014,NA,99.42
5015,153.72,85.73
5016,NA,NA
5017,NA,NA
5018,155.13,84.92
5019,152.54,81.27
502,169.19,101.99
5020,NA,NA
5021,NA,NA
502177,NA,90.73
502183,NA,93.73
5022,154.72,67.23
502298,NA,77.73
502299,NA,80.73
5024,160.53,87.51
5025,NA,NA
5027,161.32,113.93
5028,160.42,90.12
502874,NA,118.73
502875,NA,83.73
502876,NA,65.73
502877,NA,78.73
502878,NA,93.73
502879,NA,88.73
502880,NA,88.73
502881,NA,85.73
502882,NA,81.73
5029,160.09,97.07
503,NA,NA
5030,168.18,130.07
5032,166.33,105.2
5034,168.99,111.03
5035,157.54,121.78
5037,153.03,83.47
5038,NA,NA
504,NA,115.25
5040,NA,NA
5041,146.99,75.38
504131,NA,128.36
504132,NA,100.36
504133,NA,88.36
504134,NA,85.36
504135,NA,84.36
504136,NA,90.36
504137,NA,NA
5042,149.03,71.28
5043,156.66,89.13
5044,155.54,125.94
5045,157.47,111.18
5046,157.18,136.69
5047,157.32,122.95
5049,165.38,114.72
505,156.71,114.27
5050,158.23,108.45
5053,158.5,94.47
5054,158.87,90.1
5055,158.87,98.5
5056,161.01,115.76
5057,158.87,108.21
5058,159.98,103.65
5059,157.27,81.68
506,NA,NA
5060,157.98,90.57
506004,NA,NA
506005,NA,NA
506006,NA,NA
506007,NA,NA
506008,NA,NA
5061,157.98,92.47
507,162.52,117.93
508,163.93,125.73
5089,NA,95.08
509,NA,NA
5091,NA,NA
51,NA,NA
510,158.85,115.02
5100,NA,NA
511,164.44,141.39
512,NA,NA
513,NA,NA
5134,NA,NA
514,NA,NA
515,159.9,98.11
516,164.13,120.83
5161,NA,NA
5162,NA,NA
5163,NA,NA
5164,NA,NA
517,164.35,128.18
518,155.3,90.02
519,155.74,104.1
52,NA,NA
520,160.62,137.37
521,163.36,138.55
522,166.03,125.27
523,159.6,122.71
524,161.12,118.34
525,163.17,136.47
526,163.7,127.75
527,160.04,138.05
528,164.85,127.67
529,160.66,128.13
53,NA,NA
530,159.48,132.8
531,NA,NA
532,NA,NA
533,NA,NA
5337,159.8,102.74
5339,156.17,91.94
534,160.08,126.66
5342,163.73,114.31
5343,166.81,139.03
5345,164.32,118.94
5347,163.4,120.28
5348,162.78,116.33
5349,156.55,88.9
535,160.15,125.67
5350,157.9,69.26
5351,156.63,85.12
5353,157.17,80.36
5354,153.17,77.36
5355,153.9,80.09
5356,154.63,72.33
5358,NA,NA
5359,156.36,85.72
536,NA,NA
5361,152.36,80.6
5362,154.36,85.79
5363,153.63,80.83
5364,152.36,89.43
5365,152.36,82.76
5366,149.36,93.55
5367,150.82,70.73
5368,147.63,63.72
5369,158.63,69.66
537,NA,86.68
5370,156.9,66.59
5371,157.9,68.19
5372,157.17,82.12
5373,NA,NA
5374,158.55,94.85
5375,156.11,80.16
5376,155.82,100.33
5378,160.62,85.44
5379,156.09,74.43
538,156.9,85.55
5380,157.17,89.92
5381,157.09,89.08
5382,155.36,97.69
5383,NA,NA
5384,157,71.06
5385,158.14,79.25
5389,158.63,69.56
539,156.08,74.82
5390,NA,NA
5391,155.82,63.62
5392,160.09,91.48
5393,156.82,70.5
5394,152.82,69.71
5395,NA,NA
5396,158.63,70.42
5397,155.38,63.08
5398,156.09,74.72
5399,149.71,62.91
54,NA,NA
540,NA,NA
5400,151.53,57.22
5401,NA,NA
5403,157.17,75.5
5404,166.27,65.3
5405,157.55,96.48
5407,162.27,68.9
5408,NA,NA
5409,NA,NA
541,NA,NA
5410,NA,NA
5411,NA,NA
5412,158.55,67.9
5413,158.63,68.97
5414,158.63,69.53
5415,158.98,78.19
5416,157.24,84.6
5417,157.17,77.72
5418,157.09,93.55
5419,157.17,87.02
542,NA,NA
5420,153.3,79.34
5421,157.17,73.08
5423,165.49,135.19
5424,165.75,123.03
5425,163,126.39
5426,164.94,124.63
5428,162.06,120.93
5429,163.38,120.52
543,NA,NA
5430,160.94,124.07
5431,163.75,93.29
5432,160.62,133.53
5433,161.18,132
5434,NA,NA
5435,160.06,120.14
5436,164.49,131.99
5437,153.87,67.38
544,NA,NA
5440,158.54,75.98
5441,160.74,99.14
5442,161.41,98.44
5443,161.63,95.28
5444,160.51,92.36
5445,158.82,78.52
5446,161.19,84.79
5447,162.19,92.04
5448,159.51,93.13
5449,161.74,106.04
545,167.15,114.65
5450,160.51,94.85
5451,160.51,97.84
5452,160.74,102.96
5453,154.38,67.74
5454,153.61,64.27
5455,154.61,68.34
5456,NA,57.09
5457,160.41,106.67
5458,152.61,69.22
5459,156.06,76.3
546,NA,NA
5460,153.28,71.6
5461,NA,NA
5462,NA,NA
5463,NA,NA
5464,NA,NA
5465,157.19,91.47
5466,158.96,91.19
5467,150.64,55.47
5468,156.41,74.35
5469,155.19,73.69
547,NA,NA
5470,154.83,95.5
5471,161.97,87.96
5473,154.32,70.49
5475,165.52,123.01
5476,165.7,122.75
5477,163.34,121.86
5478,NA,NA
5479,NA,NA
548,NA,NA
5481,150.64,64.16
5482,157.15,95.34
5483,150.83,66.46
5484,153.61,78.93
5485,150.51,107.29
5486,154.41,54.92
5487,152.06,102.82
5488,154.83,89.16
5489,156.51,93.28
549,NA,NA
5490,158.06,77.35
5491,156.28,99.7
5492,157.28,97.98
5493,155.38,99.44
5494,153.74,54.81
5495,151.74,61.33
5496,151.6,64.49
5497,155.41,84.44
5498,158.41,65.1
5499,151.74,113.53
55,NA,NA
550,NA,NA
5500,156.96,110.94
5501,156.06,93.91
5502,154.72,85.39
5503,157.74,94.72
5504,157.41,92.98
5505,156.19,75.13
5506,155.28,80.27
5507,156.96,65.06
5508,156.64,86.95
5509,155.96,92.85
551,NA,NA
5510,156.74,105.96
5511,156.74,87.19
5512,156.74,90.34
5513,156.74,81.29
5514,150.51,107.89
5515,151.41,116.65
5516,150.51,106.07
5517,156.96,97.92
5518,156.64,110.75
5519,158.19,97.36
552,NA,NA
5520,155.52,62.45
5521,155.32,55.14
5522,153.28,97.42
5523,156.87,61.99
5524,152.96,108.98
5525,150.96,111.56
5526,152.96,113.16
5527,156.64,136.47
5528,155.49,61.87
5529,159.87,90.33
553,161.57,107.39
5530,159.46,72.61
5531,163.09,79.66
5532,156.41,81.2
5533,163.77,64.87
5535,159.09,95.74
5536,163,92.99
5537,159,97.27
5538,158,90.74
5539,160,82.32
554,NA,NA
5540,162.77,88.85
5541,157.54,106.45
5542,162.09,98.88
5543,157.19,100.77
5544,158,101.08
5545,160.09,84.53
5546,163.09,99.86
5547,151.51,72.04
5548,155.32,80.02
5549,156.64,75.02
555,NA,NA
5550,156.64,64.37
5551,155.19,83.72
5552,NA,NA
5553,156.41,76.26
5554,155.96,98.17
5555,152.19,63.1
5556,152.87,71.23
5557,154.87,82.51
5558,145.19,62.04
5559,153.49,60.82
556,NA,NA
5560,151.06,72.38
5561,152.61,60.81
5562,160.51,79.19
5563,154.64,63.72
5564,154.32,66.34
5565,154.32,70.13
5566,152.28,69.95
5567,160.74,71.86
5568,162.54,70.27
5569,162.32,75.87
557,NA,NA
5570,155.09,64.17
5571,158.96,76.08
5572,158.74,79.53
5573,160.74,74.95
5574,150.61,53.53
5575,159.51,76.79
5576,151.61,59.33
5577,154.06,74.24
5578,154.83,80.84
5579,154.38,74.14
558,NA,NA
5580,155.61,86.86
5581,154.06,72.25
5582,154.51,76.18
5583,157.96,70.61
5584,156.41,72.73
5585,156.41,73.12
5586,156.64,77.33
5587,154.19,73.09
5588,158.41,85.46
5589,156.87,66.17
559,NA,NA
5590,153.61,73.71
5591,151.38,59.1
5592,153.61,72.76
5593,156.96,84.96
5594,151.06,67.67
5595,153.64,72.71
5596,155.4,69.39
5597,155.41,71.33
5598,156.64,73.37
5599,157.74,90.55
56,NA,NA
560,NA,NA
5600,155.19,91.91
5601,151.28,83.61
5602,151.28,81.96
5603,155.96,76.14
5604,147.75,72.79
5605,156.41,70.67
5606,156.64,83.18
5607,162.18,99.72
5608,157.54,77.36
5609,156.64,81.83
561,NA,NA
5610,153.73,67.43
5611,153.73,77.41
5612,156.77,72.49
5613,155.64,90.79
5614,152.51,80.52
5615,155.87,84.74
5616,155.41,80.68
5617,154.51,83.85
5618,152.83,74.52
5619,156.41,79.31
562,NA,NA
5620,157.96,72.16
5621,155.41,85.62
5622,154.06,90
5623,155.19,81.63
5624,152.51,69.19
5625,157.87,80.21
5626,158.32,85.69
5627,154.87,60.68
5628,155.87,71.44
5629,155.87,63.24
563,163.24,112.55
5630,155.09,69
5631,159.09,85.3
5632,156.96,71.04
5633,156.83,92.9
5634,164.09,107.99
5636,155.59,80.73
5637,154.51,63.89
5638,151.74,68.28
564,167.66,132.12
5640,154.32,62.92
5641,NA,NA
5642,154.9,69.55
5643,156.13,77.18
5644,158.74,76.21
5645,156.67,74.17
5646,152.21,61.33
5647,151.74,66.84
5648,156.96,73.03
5649,158.51,62.23
565,167.42,135.1
5650,154.41,82.2
5651,145.87,52.23
5652,156.59,70.53
5653,157.05,65.4
5654,153.78,64.45
5655,153.64,66.96
5656,153.17,58.93
5657,157.64,80.88
5658,151.67,55.34
5659,149.06,62.7
566,164.9,115.86
5660,155.09,72.27
5661,155.09,68.7
5662,155.28,60.52
5663,146.74,52.87
5664,153.28,60.39
5665,152.28,78.84
5666,154.06,65.87
5667,160.41,88.62
5668,NA,NA
5669,158.19,93.54
567,NA,NA
5671,147.41,111.45
5672,154.09,112.22
5673,159.51,92.24
5674,156.13,84.79
5675,157.41,63.01
5676,161.64,88.34
5677,155.87,72.76
5678,149.9,78.42
5679,158.75,100.48
568,165.28,131.38
5680,157.19,82.22
5681,156.41,78.7
5682,162.09,88.21
5683,161.41,91.12
5684,157.09,62.88
5685,157.59,63.48
5686,159.87,67.09
5687,157.09,80.6
5688,158.19,83.29
5689,164.59,108.74
569,156.9,130.55
5690,160.64,104.85
5691,163.09,103.33
5692,156.96,100.61
5693,157.67,78.42
5694,158.41,86.62
5695,157.19,109.9
5696,157.93,78.87
5697,156.75,76.11
5698,156.83,62.68
5699,156.06,67.38
57,NA,NA
570,NA,NA
5700,155.51,65.48
5701,166.59,93.85
5702,158.51,89.96
5703,160.54,84.53
5704,155.64,67.08
5705,157.19,73.81
5706,160.09,79.04
5707,156.41,76.12
5709,NA,NA
571,154.28,112.03
5710,157.96,69.69
5711,166.67,99.18
5712,163.43,93.98
5713,160.87,82.33
5714,158.13,87.04
5715,156.28,84.08
5716,157.32,95.93
5717,156.64,111.35
5718,152.89,87.99
5719,153.09,111
572,NA,NA
5720,163.32,60.12
5722,160.77,70.77
5723,155.77,66.67
5725,152.98,62.45
5726,143.67,66.47
5727,NA,NA
5728,150.51,94.27
5729,161.41,85.14
573,NA,NA
5730,155.15,78.26
5731,165.87,104.27
5732,160.64,93.78
5733,158.87,91.64
5734,163.41,102.31
5735,158.87,86.98
5736,161.54,92.98
5737,161.77,78.74
5738,163.32,81.38
5739,NA,88.05
574,NA,NA
5741,163.77,87.62
5746,159.09,79.45
5749,158.54,76.68
575,NA,125.71
5751,157.41,90.99
5752,159,96.37
5753,159.09,88.38
5754,161.84,61.86
5755,160.64,64.66
5756,153.19,111.53
5757,159.74,66.2
5758,157.96,84.5
5759,162.41,62.86
576,NA,NA
5760,160.58,75.46
5762,160.74,62.26
5763,160.28,75.38
5766,154.96,110.02
5767,156.75,65.87
5768,159,69.53
5769,158.49,75.45
577,162.73,130.79
5770,158.64,81.16
5771,159.87,93.08
5776,156.41,60.16
5777,159.32,78.34
5778,156.87,61.38
5779,159.19,66.89
578,NA,NA
5780,154.41,64.3
5781,159.09,74.28
5782,155.61,65.67
5783,158.19,86.89
5786,NA,NA
5787,NA,NA
5788,NA,NA
5789,NA,NA
579,NA,NA
5790,NA,NA
5791,NA,NA
5794,NA,NA
5795,NA,NA
5796,148.52,50.11
5797,156.25,60.8
5798,152.25,52.03
5799,NA,NA
58,162.22,126.16
580,NA,NA
5800,153.11,60.18
5801,151.38,63.11
5802,151.11,58.42
5803,155.11,63.96
5804,154.85,65.65
5805,159.71,79.72
5806,155.25,89.11
5807,159.85,76.64
5808,156.11,88.72
5809,157.11,82.57
581,NA,NA
5810,155.38,83.26
5811,NA,NA
5812,157.11,97.8
5813,159.85,104.72
5814,159.85,101.57
5815,157.98,77.19
5816,160.85,73.95
5817,159.11,82.65
5818,155.11,60.34
5819,151.38,67.88
582,NA,NA
5820,150.25,65.72
5821,154.85,68.64
5822,150.65,60.49
5823,154.11,53.88
5824,152.38,61.88
5825,153.98,63.49
5826,153.11,69.88
5827,157.11,75.26
5828,150.65,71.95
5829,155.38,66.26
583,167.19,122.21
5830,152.52,72.11
5831,154.25,53.03
5832,151.38,73.65
5833,152.52,54.8
5834,152.25,68.96
5835,151.38,55.34
5836,151.38,61.34
5837,157.98,79.87
5838,150.65,87.65
5839,158.11,91.72
584,NA,NA
5840,NA,NA
5841,153.98,69.49
5842,NA,NA
5843,154.25,59.88
5844,154.25,66.65
5845,156.98,72.11
5846,154.11,61.26
5847,153.98,63.11
5848,152.11,60.03
5849,152.25,59.96
585,165.72,119.86
5850,155.98,60.26
5851,151.38,61.72
5852,154.25,48.34
5853,153.11,57.65
5854,150.85,54.65
5855,153.38,62.8
5856,156.85,60.95
5857,156.85,57.18
5858,151.38,62.8
5859,148.65,48.26
586,157.8,111.43
5860,156.98,66.18
5861,155.25,62.03
5862,151.38,67.95
5863,155.38,63.65
5864,150.52,56.88
5865,155.38,64.65
5866,154.11,75.34
5867,147.38,47.11
5868,149.38,63.88
5869,149.52,45.72
587,NA,NA
5870,150.52,59.49
5871,149.52,55.96
5872,152.52,57.57
5873,155.11,59.42
5874,NA,NA
5875,155.11,67.57
5876,154.38,62.26
5877,153.38,63.34
5878,154.38,59.26
5879,149.65,52.72
588,169.9,132.62
5880,150.52,60.64
5881,150.78,64.26
5882,153.38,66.96
5883,154.11,60.95
5884,149.38,49.11
5885,156.52,67.96
5886,156.38,69.88
5887,NA,NA
5888,151.52,52.11
5889,154.52,59.41
589,NA,NA
5890,152.52,60.34
5891,156.52,74.73
5892,160.85,68.34
5893,156.25,73.26
5894,154.25,75.72
5895,156.85,88.49
5896,154.52,79.88
5897,153.38,82.72
5898,154.25,78.34
5899,152.52,70.03
59,NA,NA
590,NA,NA
5900,149.25,73.49
5901,155.11,76.11
5902,156.85,73.11
5903,152.52,93.11
5904,151.38,64.88
5905,157.11,52.03
5906,156.11,67.72
5907,147.52,50.03
5908,155.38,70.11
5909,155.11,56.34
591,NA,NA
5910,NA,NA
5911,146.38,62.5
5912,154.25,68.49
5913,152.38,78.49
5914,153.65,61.88
5915,152.65,69.8
5916,151.38,56.57
5917,NA,NA
5918,154.25,68.11
5919,155.25,61.65
592,160.13,122.94
5920,153.38,65.57
5921,152.52,59.57
5922,153.25,91.8
5923,156.11,96.73
5924,NA,NA
5926,158.71,99.34
5927,NA,NA
5928,159.78,116.65
5929,NA,NA
593,NA,NA
5931,NA,NA
5932,160.38,134.8
5933,161.85,108.41
5934,160.98,108.26
5935,163.11,128.34
5936,162.71,104.26
5937,158.98,100.11
5938,161.98,108.18
5939,161.51,114.76
594,NA,NA
5940,161,124.98
5941,162.51,111.74
5942,161.77,126.33
5943,161.51,131.51
5944,161.51,125.8
5945,NA,NA
5946,161,97.92
5947,NA,NA
5948,161.51,116
5949,NA,NA
595,NA,NA
5950,153.96,45.84
5951,155.49,76.76
5952,NA,NA
5953,NA,NA
5954,NA,65.35
5955,149.22,57.37
5956,NA,NA
5957,NA,NA
5958,151.98,64.92
5959,NA,NA
596,161.5,94.22
5960,NA,NA
5961,NA,NA
5962,NA,NA
5963,NA,NA
5964,NA,NA
5965,NA,NA
5966,NA,NA
5967,NA,NA
5968,NA,NA
5969,NA,NA
597,NA,NA
5970,NA,NA
5971,NA,NA
5972,NA,NA
5973,NA,NA
5974,NA,NA
5975,NA,NA
5976,NA,NA
5977,NA,NA
5978,NA,NA
5979,NA,NA
598,NA,NA
5980,NA,NA
5981,NA,NA
5982,151.98,66.1
5983,150.22,61.18
5984,150.22,45.5
5986,158.75,83.69
5987,162.26,84.22
5988,159.75,85.55
5989,NA,NA
599,170.04,120.99
5990,NA,NA
5991,NA,NA
5992,NA,NA
5993,NA,NA
5994,NA,NA
5995,156.22,45.01
5996,NA,NA
5997,155.75,66.02
5998,156.49,68.44
5999,NA,NA
6,NA,NA
60,NA,NA
600,NA,NA
6000,NA,NA
6001,161,85.42
6002,155.75,71.69
6003,NA,NA
6004,155.75,68.38
6005,153.98,NA
6006,151.47,63.62
6007,153.73,57.13
6008,153.49,NA
6009,NA,NA
601,170.28,135.01
6010,151.47,59.33
6011,151.22,49.19
6012,159.49,NA
6013,161,91.49
6015,NA,NA
6016,NA,NA
6017,NA,NA
602,NA,NA
6020,NA,NA
6023,NA,NA
6024,NA,NA
6026,NA,NA
603,NA,NA
6030,NA,NA
6031,NA,NA
6032,NA,NA
6034,NA,NA
6035,NA,NA
6036,NA,NA
6038,NA,NA
6039,NA,NA
604,NA,NA
6040,NA,NA
6041,NA,NA
6043,NA,NA
6044,NA,NA
6045,NA,NA
6048,NA,NA
6049,NA,NA
605,NA,NA
6050,NA,NA
6051,NA,NA
6052,NA,NA
6053,NA,NA
6054,NA,NA
6055,NA,NA
6056,NA,NA
6057,NA,NA
6058,NA,NA
606,NA,NA
6060,NA,NA
6061,NA,NA
6062,NA,NA
6063,NA,NA
6064,NA,NA
6065,NA,NA
6066,NA,NA
6067,NA,NA
6068,NA,NA
6069,NA,NA
607,159.19,110.62
6070,NA,NA
6071,NA,NA
6072,NA,NA
6073,NA,NA
6074,NA,NA
6075,NA,NA
6077,NA,NA
6078,NA,NA
6079,NA,NA
608,163.75,130.43
6080,NA,NA
6081,NA,NA
6082,NA,NA
6083,NA,NA
6084,NA,NA
6085,NA,NA
6087,NA,NA
609,156.8,113.69
6090,NA,NA
6091,NA,NA
6092,NA,NA
6093,NA,NA
6094,NA,NA
6095,NA,NA
6097,NA,NA
6098,NA,NA
6099,NA,NA
610,156.8,110.55
6100,NA,NA
6101,163.63,134.73
6102,NA,NA
6103,NA,NA
6104,NA,NA
6105,NA,NA
6108,NA,NA
611,NA,NA
6110,NA,NA
6111,NA,NA
6112,NA,NA
6113,NA,NA
6114,NA,NA
6116,NA,NA
6118,NA,NA
6119,NA,NA
612,NA,121.87
6123,NA,NA
6124,NA,NA
6126,NA,NA
6127,NA,NA
6128,164.63,142.54
6129,NA,NA
613,165.49,127.13
6130,NA,NA
6132,NA,NA
6133,NA,NA
6135,NA,NA
6138,NA,NA
6139,NA,NA
614,167.13,120.85
6140,NA,NA
6141,NA,NA
6142,NA,NA
6145,NA,NA
6147,NA,NA
6148,NA,NA
6149,NA,NA
615,NA,NA
6150,NA,NA
6151,NA,NA
6152,NA,NA
6153,NA,NA
6154,NA,NA
6157,NA,NA
616,164.1,118.21
6160,NA,NA
6164,NA,NA
617,159.9,138.22
618,166.37,136.56
619,161.98,127.53
62,NA,NA
620,NA,NA
621,158.75,127.62
622,159.13,115.09
623,NA,NA
625,NA,NA
626,NA,NA
627,168.51,127.28
628,NA,NA
629,155.77,88.25
63,162.08,97.63
630,NA,NA
6304,NA,58.73
631,NA,NA
632,NA,NA
633,156.98,122.7
634,NA,NA
635,NA,NA
636,159.37,122.44
637,156.91,109.12
638,155.72,113.66
639,154.9,113.22
64,NA,NA
640,NA,NA
642,NA,NA
643,NA,NA
644,NA,NA
645,NA,NA
646,163.21,113.37
647,NA,NA
6473,NA,NA
648,NA,NA
649,NA,NA
65,NA,NA
650,161.45,118.09
651,167.75,128.44
652,161.19,128.49
653,NA,NA
654,169.67,109.57
655,NA,NA
656,NA,NA
657,NA,NA
658,NA,NA
659,156.81,125.76
66,NA,NA
660,168.52,NA
661,NA,NA
6619,NA,NA
662,158.9,115.01
6620,NA,NA
6627,NA,NA
663,NA,NA
6634,NA,NA
664,NA,NA
665,NA,NA
666,NA,NA
667,NA,NA
668,NA,NA
669,162.79,127.66
67,NA,120.7
670,NA,NA
6706,NA,NA
671,165.6,127.78
6712,NA,NA
672,NA,NA
673,NA,NA
674,NA,NA
675,166.17,99.92
676,166.17,107.35
677,NA,NA
678,165.75,132.04
679,NA,NA
68,NA,NA
680,NA,NA
681,NA,NA
6814,NA,NA
6817,NA,125.27
682,NA,NA
683,163.75,134.54
684,163.75,134.43
685,NA,NA
6850,NA,NA
6856,NA,NA
686,159.51,118.71
687,NA,NA
688,165.45,132.26
69,NA,NA
690,166.81,117.1
691,165.81,120.81
692,NA,NA
693,NA,NA
694,NA,NA
695,NA,NA
696,164.51,123.13
697,NA,NA
698,NA,NA
699,NA,NA
7,NA,NA
70,NA,NA
700,164.71,130.85
701,166.14,122.35
702,NA,NA
703,NA,NA
704,NA,NA
705,NA,NA
706,NA,NA
707,NA,NA
708,NA,NA
709,NA,NA
71,NA,NA
710,NA,NA
711,NA,NA
712,165.45,118.16
713,NA,NA
714,NA,NA
715,NA,NA
716,NA,NA
717,163.97,124.73
718,NA,NA
719,NA,NA
72,NA,NA
720,NA,NA
721,165.83,114
722,170.42,108.07
723,NA,NA
724,NA,NA
725,NA,NA
726,NA,NA
727,167.02,123.81
728,NA,NA
729,NA,NA
73,NA,NA
730,NA,NA
731,NA,NA
732,NA,NA
733,160.13,124.17
734,NA,NA
735,NA,NA
736,NA,127.46
737,NA,NA
738,NA,NA
739,NA,NA
74,156.75,122.84
740,NA,NA
741,163.26,123.33
742,NA,NA
743,NA,NA
744,166.42,119.66
745,NA,NA
746,NA,NA
747,NA,NA
748,161.22,124.94
749,NA,NA
75,NA,120.09
750,NA,NA
751,NA,NA
752,NA,NA
753,NA,NA
754,NA,NA
755,167.51,133.92
756,NA,NA
757,NA,NA
758,NA,NA
759,NA,NA
76,154.64,113.92
760,163.38,113.34
761,165.36,121.52
762,162.74,114.07
763,NA,NA
764,169.6,111.91
765,153.7,108.05
766,NA,NA
767,NA,NA
768,165.28,126.22
769,160.23,64.63
77,NA,NA
770,NA,NA
771,155.9,110.51
772,NA,NA
773,NA,NA
774,157.3,114.16
775,NA,NA
776,NA,NA
777,NA,NA
778,165.02,115.72
779,NA,NA
78,169.47,131.22
780,NA,NA
781,166.25,130.4
782,168.28,133.7
783,163.75,126.01
784,166.42,123.28
785,NA,NA
786,NA,NA
787,NA,NA
788,NA,NA
789,NA,NA
79,NA,NA
790,169.51,115.88
791,170.03,115.24
792,NA,NA
793,158.26,84.91
794,NA,NA
795,NA,NA
796,NA,NA
797,165.18,126.57
798,NA,NA
799,162.2,121.86
8,NA,NA
80,NA,NA
800,NA,NA
801,NA,NA
803,165.3,127.79
804,NA,NA
805,164.95,134.96
806,166.09,127.68
807,166.7,115.78
808,NA,NA
809,NA,NA
81,NA,NA
810,163.57,121.38
811,NA,NA
812,162.39,123.98
813,NA,NA
814,NA,NA
815,NA,NA
816,NA,NA
817,NA,NA
818,164.15,98.99
819,NA,NA
82,NA,NA
820,NA,NA
821,NA,NA
822,NA,NA
823,162.09,131.68
824,163.88,125.68
825,166.38,133.65
826,NA,NA
827,164.71,113.88
828,NA,NA
829,162.7,123.54
83,157.6,118.84
830,NA,NA
831,NA,NA
832,NA,NA
833,NA,NA
834,166.6,118.21
835,NA,NA
836,NA,NA
837,158.37,124.05
838,162.22,124.86
839,163.57,135.36
84,NA,NA
840,155.51,90.81
841,163.75,128.29
842,NA,NA
843,NA,NA
844,165.6,129.34
845,NA,NA
846,163.75,135.23
847,NA,NA
848,NA,NA
849,NA,NA
85,NA,NA
850,NA,NA
852,NA,NA
853,NA,NA
854,NA,NA
855,NA,NA
856,169.51,135.61
857,NA,NA
858,167.71,125.41
859,NA,NA
86,NA,NA
860,NA,NA
861,170.66,114.25
862,NA,NA
863,NA,NA
864,NA,NA
865,160.04,122.92
866,NA,NA
867,168.9,116.35
868,168.17,114.7
869,NA,NA
87,NA,NA
870,NA,NA
871,169.51,113.74
872,168.9,122.02
873,168.51,123.91
874,NA,NA
875,NA,NA
876,NA,NA
877,NA,NA
878,NA,NA
879,161.22,127.55
88,162.31,134.21
880,159.26,119.08
881,NA,NA
882,NA,NA
883,NA,NA
884,NA,NA
885,NA,NA
886,NA,NA
887,165.5,124.23
888,168.71,120.18
889,169.15,115.06
89,NA,NA
890,162.64,106.39
891,NA,NA
892,NA,NA
893,NA,NA
894,NA,NA
895,NA,NA
896,NA,NA
897,165.43,130.05
898,164.81,125.67
899,NA,NA
9,NA,NA
90,168.84,135.55
900,163.75,113.41
901,NA,NA
902,NA,NA
903,NA,NA
904,NA,NA
905,159.54,110.44
906,160.32,112.11
907,NA,NA
908,NA,NA
909,NA,NA
91,NA,NA
910,NA,NA
911,168.67,124.58
912,NA,NA
913,NA,118.23
914,NA,NA
915,NA,NA
916,NA,NA
917,NA,NA
918,159.51,114.88
919,NA,NA
92,NA,NA
920,NA,NA
921,NA,NA
922,NA,NA
923,NA,NA
924,NA,NA
925,165.6,114.97
926,NA,NA
927,NA,NA
928,NA,NA
929,166.57,128.06
93,166.59,148.78
930,NA,NA
931,NA,NA
932,154.66,119.39
933,NA,NA
934,NA,NA
935,NA,NA
936,NA,NA
937,NA,120.95
938,158.9,105.86
939,163.7,127.82
94,NA,NA
940,151.67,106.32
941,NA,NA
942,NA,NA
943,NA,NA
944,158.67,113.48
945,165.11,131.23
947,156.9,123.81
948,NA,NA
949,NA,NA
95,NA,NA
950,NA,NA
951,NA,NA
952,NA,NA
953,157.68,107.31
954,160.31,120.06
955,158.51,121.02
956,NA,126.83
957,157.9,116.64
958,158.42,129.67
959,NA,NA
96,161.49,120.04
960,157.13,111.58
961,157.9,122.76
962,161.92,126.68
963,159.05,124.18
965,NA,NA
966,NA,NA
967,154.75,114.82
968,154.28,117.55
969,153.66,117.02
97,157.93,122.75
970,156.95,119.1
971,157.38,114.37
972,161.94,123.45
973,NA,NA
974,NA,NA
975,NA,NA
976,NA,NA
977,NA,NA
978,NA,NA
979,161.9,121.02
98,166.1,131.77
980,161.7,132.36
981,NA,NA
982,NA,NA
983,NA,NA
984,154.49,103.36
985,NA,NA
986,NA,NA
987,NA,NA
988,NA,NA
989,NA,NA
99,163.32,139.82
990,158.5,118.3
991,NA,NA
992,NA,NA
993,159.9,122.65
994,NA,NA
995,NA,NA
996,NA,NA
997,NA,NA
998,NA,NA
999,NA,118.58
