genotype,end_of_heading_BLUE,plant_height_BLUE,thousand_kernel_weight_BLUE
20001,-7.27,-40.79,3.47
20002,-7.27,-42.16,2.47
20003,-12.41,-41.92,3.59
20004,-7.83,-64.49,-0.32
20005,-15.52,-74.5,0.79
20006,NA,NA,NA
20007,-14.08,-50.78,-5.63
20008,-11.83,-49.42,-6.34
20009,-11.38,-44.71,0.74
20010,-5.26,-42.1,-4.84
20011,-2.26,-49.71,-3.82
20012,-12.97,-70.37,-3.97
20013,-4.27,-34.95,-3.11
20014,-12.97,-50.24,-6.42
20015,-11.25,-60.17,-7.28
20016,-14.29,-63.48,0.99
20017,-8.49,-36.47,-2.74
20018,-9.57,-58.04,1.9
20019,-6.13,-49.33,-5.69
20020,-6.13,-60.41,3.69
20021,-13.73,-45,-7.72
20022,NA,-82.6,-0.97
20023,-10.89,-32.7,5.81
20024,-13.53,-76.96,-1.83
20025,-11.31,-43.54,-0.63
20026,-8.24,-37.76,-3.27
20027,-14.15,-80.47,-0.8
20028,-11.57,-54.04,-4.25
20029,-5.24,-56.85,-8.39
20030,-3.56,-29.4,-1.74
20031,-5,-51.8,-5.96
20032,-5.41,-41.03,-10.89
20033,-11.3,-58.68,-0.87
20034,-4.24,-41,5.3
20035,-14.7,-73.31,-1.42
20036,-16.56,-75.65,-7.86
20037,-13.59,-58.16,-7.36
20038,-8.7,-83.65,-6.25
20039,NA,-55.04,-2.64
20040,-15.31,-74.97,2.05
20041,NA,-42.3,-0.19
20042,-6.19,-39.74,-3.78
20043,-18.48,-84.49,0.56
20044,NA,-64.02,-11.93
20045,-6.9,-54.54,-4.44
20046,-14.83,-84.3,-5.49
20047,-13.23,-75.75,1.45
20048,-13.13,-77.62,0.17
20049,-15.38,-74.65,-1.21
20050,-16.25,-75.5,-2.35
20051,-16,-78.14,-2.17
20052,-15.58,-81.64,-3.67
20053,-15.03,-80.5,-8.44
20054,-13.42,-76.1,-9.86
20055,-13.42,-73.25,-3.35
20056,-12.83,-71.82,-2.85
20057,-13.13,-75,5.83
20058,-13.56,-72.31,1.8
20059,-12.27,-70.98,0.04
20060,-11.62,-75.26,-0.1
20061,-12.24,-70.15,4.18
20062,-12.28,-63.87,-0.9
20063,-12.09,-64.46,-3.02
20064,-12.17,-63.5,-2.33
20065,-11.53,-66.97,-1.84
20066,-11.88,-63.72,-1
20067,NA,NA,NA
20068,NA,NA,NA
20069,NA,NA,NA
20070,NA,NA,NA
20071,-12.97,-77.99,0.83
20072,NA,-78.64,-1.97
20073,-13.23,-72.86,-0.79
20074,-11.32,-70.5,-2.45
20075,-10.68,-67,-4.12
20076,-19.19,-84.66,2.89
20077,-19.52,-88.42,1.71
20078,-19.52,-84.5,3.33
20079,-19.52,-84.01,1.79
20080,-13.03,-76.63,-6.86
20081,-5.16,-58.99,-1.08
20082,-5.98,-52.17,-0
20083,NA,NA,NA
20084,-7.61,-46.57,6.8
20085,-9.79,-70.03,-2.45
20086,-14.48,-52.9,2.04
20088,-10.68,-57.58,-0.17
20089,-9.35,-59.82,-3.25
20090,-12.09,-65.16,-3.38
20091,-8.33,-64.06,-2.69
20092,-15.18,-60.94,-3.73
20093,-15.38,-78.24,2.45
20094,-7.06,-71.89,-2.74
20095,-7.88,-46.9,-1.26
20096,-8.31,-38.5,4.66
20097,-14.02,-69.46,-6.34
20098,-12.43,-65.28,-1.69
20099,-7.27,-33.4,10.51
20100,-8.37,-52.25,-1.86
20101,NA,-40.51,-4.11
20102,-6.66,-54.99,-3.94
20103,-12.56,-65.41,1.54
20104,-18.41,-81.35,1.01
20105,-21.35,-83.99,-1.45
20106,NA,NA,NA
20108,NA,NA,NA
20109,-14.91,-62.07,0.89
20110,-5.68,-46.21,-2.99
20111,NA,NA,NA
20112,NA,NA,NA
20115,NA,NA,NA
20118,NA,NA,NA
20119,NA,-38.8,-6.79
20121,NA,NA,NA
20124,NA,NA,NA
20125,NA,NA,NA
20128,NA,NA,NA
20130,NA,-76.45,-3.87
20131,NA,NA,NA
20133,NA,NA,NA
20142,NA,NA,NA
20144,NA,NA,NA
20145,NA,NA,NA
20147,NA,NA,NA
20148,NA,NA,-4.99
20150,NA,NA,NA
20153,NA,-60.2,-6.77
20155,NA,NA,NA
20156,NA,NA,NA
20160,NA,NA,NA
20161,NA,-59.96,4.47
20165,-19.37,-88.22,-3.73
20166,NA,NA,NA
20170,NA,-74.54,-1.29
20171,NA,NA,NA
20172,NA,NA,NA
20174,NA,NA,NA
20175,NA,NA,NA
20177,NA,NA,NA
20178,NA,NA,NA
20179,NA,NA,NA
20180,NA,NA,NA
20184,NA,NA,NA
20187,NA,NA,NA
20188,NA,-76.39,-4.62
20189,NA,NA,NA
20190,NA,NA,NA
20192,NA,NA,NA
20193,NA,NA,NA
20195,NA,NA,NA
20196,NA,NA,NA
20200,NA,-71.6,-2.34
20204,NA,NA,NA
20205,NA,NA,NA
20207,NA,-46.53,0.37
20209,NA,-44.54,7.46
20212,NA,NA,NA
20213,NA,NA,NA
20222,NA,NA,NA
20229,NA,-66.05,-4.2
20230,NA,NA,NA
20232,NA,NA,NA
20235,NA,NA,NA
20238,NA,-64.44,-3.89
20241,NA,NA,NA
20243,NA,NA,NA
20245,-14.98,-69.51,-6.54
20254,NA,NA,NA
20261,NA,NA,NA
20263,NA,-56.99,-4.91
20264,-9.14,-41.89,-6.73
20265,NA,NA,NA
20267,NA,NA,NA
20269,NA,NA,NA
20271,NA,-68.5,-0.15
20272,NA,NA,NA
20274,NA,NA,NA
20275,NA,NA,NA
20276,NA,-81.76,-3.44
20278,NA,NA,NA
20280,NA,-96.62,-10.24
20286,NA,NA,NA
20295,NA,NA,NA
20297,-2.42,-64.75,3.19
20298,NA,NA,NA
20301,NA,NA,NA
20308,NA,-63.02,-2.87
20314,NA,NA,NA
20333,NA,NA,NA
20342,NA,NA,NA
20344,NA,-51.98,3.86
20347,NA,NA,NA
20355,NA,NA,NA
20361,NA,NA,NA
20374,NA,NA,NA
20379,NA,NA,NA
20380,NA,NA,NA
20382,NA,NA,NA
20387,NA,-61.52,-4.77
20394,NA,NA,NA
20403,NA,NA,NA
20425,NA,NA,NA
20447,NA,-74.05,-4.74
20448,NA,NA,NA
20467,NA,NA,NA
20469,NA,NA,NA
20470,NA,-65.49,-1.89
20472,NA,NA,NA
20477,NA,NA,NA
20478,NA,NA,NA
20485,NA,-49.39,-0.88
20492,NA,NA,NA
20493,NA,NA,NA
20494,-15.79,-67.94,-1.31
20495,NA,-75.23,0.38
20496,NA,NA,NA
20508,NA,NA,NA
20514,NA,NA,NA
20523,NA,NA,NA
20527,NA,NA,NA
20529,NA,NA,NA
20530,NA,NA,NA
20558,NA,NA,NA
20560,-21.4,-77.78,4.79
20565,NA,NA,NA
20566,NA,NA,NA
20574,NA,NA,NA
20575,NA,NA,NA
20582,NA,NA,NA
20616,NA,NA,NA
20618,NA,NA,NA
20621,NA,-49.48,-0.02
20623,-12.01,-54.22,-14.62
20626,NA,NA,NA
20630,NA,NA,NA
20634,NA,NA,NA
20635,NA,NA,NA
20640,NA,NA,NA
20647,NA,NA,NA
20654,NA,NA,NA
20655,-13.78,-53.05,-0.24
20656,-14.85,-63.64,1.55
20672,NA,NA,NA
20676,NA,NA,NA
20678,NA,NA,NA
20691,NA,NA,NA
20692,NA,NA,NA
20693,NA,NA,NA
20694,NA,NA,NA
20695,NA,NA,NA
20696,NA,NA,NA
20703,NA,NA,NA
20704,NA,NA,NA
20709,NA,NA,NA
20715,NA,NA,NA
20717,NA,NA,NA
20724,NA,NA,NA
20725,NA,NA,NA
20731,NA,NA,NA
20738,NA,NA,NA
20742,NA,NA,NA
20751,NA,NA,NA
20752,NA,NA,NA
20754,NA,NA,NA
20755,-12.33,NA,-3.66
20756,NA,NA,NA
20758,NA,NA,NA
20762,NA,NA,NA
20764,NA,NA,NA
20766,-6.65,-35.77,3.86
20767,NA,NA,NA
20769,NA,NA,NA
20770,NA,NA,NA
20776,-19.82,-79.53,1.92
20780,NA,-59.25,-5.57
20782,NA,NA,NA
20784,NA,NA,NA
20785,NA,NA,NA
20786,NA,NA,NA
20787,NA,NA,NA
20788,NA,NA,NA
20789,NA,NA,NA
20790,NA,NA,NA
20792,-12.84,-55.75,-3.15
20794,-10.15,-58.73,-5.66
20795,-16.97,-49.68,2.35
20798,NA,NA,NA
20807,NA,NA,NA
20808,NA,NA,NA
20812,NA,NA,NA
20817,NA,NA,NA
20819,NA,NA,NA
20823,NA,NA,NA
20844,NA,NA,NA
20862,NA,-52.05,-5.85
20870,NA,NA,NA
20880,NA,NA,NA
20887,NA,NA,NA
20898,NA,NA,NA
20902,NA,NA,NA
20906,NA,NA,NA
20957,-14.52,-59.74,-8.1
20959,-0.02,-42.82,1.97
20960,-15.02,-87.71,-5.65
20961,-11.28,-69.43,-3.9
20962,-12.66,-69.98,-4
20963,-0.32,-62.7,-8.25
20964,-1.38,-54.44,-5.16
20965,-12.61,-63.3,-3.46
20966,-13.02,-67.71,-3.59
20967,-0.53,-42.92,-4.35
20968,-13.21,-81.52,1.95
20969,-9.46,-68.37,-2.56
20970,-10.11,-65.77,-4.47
20971,-11.04,-49.43,0.46
20972,-17.72,-82.7,-0.4
20973,-4.07,-44.01,-0.62
20974,-14.12,-77.49,-3.6
20975,-9.36,-60.28,-4.7
20976,-17.32,-65.44,-2.38
20977,-14.67,-83.56,3.98
20978,-12.29,-74.64,-4.44
20979,-15.09,-65.13,-6.13
20980,NA,NA,NA
20981,NA,NA,NA
20982,-11.13,-50.25,5.41
20983,-13.71,-66.39,0.66
20984,-13.56,-76.27,1.94
20985,-12.86,-56.01,1.02
20986,-15.02,-61.13,-3.09
20987,-12.86,-61.55,-7.19
20988,-14.09,-76.11,-10.47
20989,-10.71,-56.24,-3.53
20990,-13.78,-60.43,-6.12
20991,-13.66,-72.39,-7.62
20992,-13.01,-94.2,-12.05
20993,-12.81,-91.12,-11.88
20994,-12.45,-93.24,-12.54
20995,-15.07,-58.56,-4.8
20996,-13.97,-72.55,-2.41
20997,-17.12,-60.73,-4.84
20998,-14.27,-52.18,-1.95
20999,-16.67,-66.05,6.56
21000,-19.44,-93.34,-0.74
21001,-13.62,-58.77,-2.67
21002,-13.11,-61.87,1.86
21003,-9.86,-49.42,-10.78
21004,-9.86,-55.72,-5.67
21005,-11.77,-48,-4.89
21006,-10.61,-45.75,-2.97
21007,-9.65,-55.07,-3.85
21008,-17.95,-61.1,-0.16
21009,-19.06,-64.51,2.47
21010,-16.71,-62.78,-0.03
21011,-10.4,-52.23,-10.24
21012,-17.4,-63.91,0.23
21013,-8.22,-47.38,-4.15
21014,-9.56,-47.59,-7.32
21015,-2.12,-55,0.21
21016,-2.26,-35.75,5.75
21017,-7.57,-50.75,3.2
21018,-16.71,-63.06,-0.91
21019,-8.12,-43.88,-1.33
21020,-14.06,-55.25,-0.64
21021,-8.02,-38.13,-6.35
21022,-9.16,-49.01,-8.24
21023,-9.53,-67.64,-3.6
21024,-7.82,-69.82,-6.05
21025,-5.46,-51.47,-0.28
21026,-6.87,-56.44,-2.29
21027,-10.95,-40.53,2.72
21028,-7.66,-44.25,-0.69
21029,NA,NA,NA
21030,-14.47,-63.77,-6.27
21031,-11.78,-54.83,-6.86
21032,-8.84,-51.81,-2.23
21033,-17.67,-66.06,-2.89
21034,-9,-49.1,-2.23
21035,NA,NA,NA
21036,-21.06,-67.89,-8.17
21037,-14.52,-57.78,-7.25
21038,-15.02,-56.71,-7.92
21039,-17.12,-60.68,-6.08
21040,-17.32,-65.78,-6.52
21041,-15.77,-62.52,-6.9
21042,-16.21,-60.13,-6.47
21043,-8.8,-57.82,-6.49
21044,-9.86,-49.59,-0.45
21045,-12.49,-72.85,-10.16
21046,-9.02,-75.52,-1.94
21047,-12.33,-70.95,-2.57
21048,-11.81,-75.24,-2.38
21049,-6.73,-57.96,-0.58
21050,-14.46,-59.56,-4.65
21052,-14.27,-61.45,0.46
21053,-6.16,-59.58,-7.98
21054,-13.38,-80.71,-3.54
21055,-14.47,-81.7,-1.63
21056,-13.71,-78.11,5.55
21057,-13.03,-65.29,-1.4
21058,-7.32,-58.29,-2
21059,-12.47,-69.06,-3.32
21060,-12.71,-59.84,-4.07
21061,-2.44,-42.25,0.28
21062,-14.97,-90.66,-7.49
21063,-12.05,-62.97,-1.52
21064,-4.84,-49.56,-6.89
21065,-6.17,-43.89,-7.02
21066,-6.87,-46.6,-6.45
21067,-6.17,-44.01,-8.52
21068,-10.15,-49.18,5.14
21069,-8.08,-56.31,-7.06
21070,-10.71,-52.29,-9.15
21071,-6.61,-67.33,-2.42
21075,-19.17,-75.95,-3.12
21076,NA,NA,NA
21077,-10.11,-66.16,-3.13
21079,NA,NA,NA
21080,NA,NA,NA
21081,-13.67,-48.95,-11.07
21082,NA,NA,NA
21083,NA,NA,NA
21084,NA,-50.24,6.75
21085,NA,NA,NA
21086,NA,NA,NA
21087,NA,NA,NA
21088,NA,NA,NA
21089,NA,NA,NA
21090,NA,NA,NA
21091,NA,NA,NA
21092,NA,NA,NA
21093,NA,NA,NA
21094,NA,NA,NA
21095,NA,NA,NA
21096,NA,NA,NA
21097,NA,NA,NA
21098,NA,NA,NA
21099,-15.17,-60.45,3.23
21100,NA,NA,NA
21101,NA,NA,NA
21102,NA,NA,NA
21104,NA,NA,NA
21105,NA,NA,NA
21106,NA,NA,NA
21107,NA,NA,NA
21108,NA,NA,NA
21111,NA,NA,NA
21116,NA,NA,NA
21117,NA,NA,NA
21118,NA,NA,NA
21120,NA,NA,NA
21122,NA,NA,NA
21124,NA,NA,NA
21125,NA,NA,NA
21126,NA,NA,NA
21127,NA,NA,NA
21128,NA,NA,NA
21129,NA,NA,NA
21130,NA,NA,NA
21131,NA,NA,NA
21132,-14.67,-55.95,-2.02
21133,NA,NA,NA
21134,NA,-55.57,-2.65
21135,-9.81,-54.81,-0.15
21136,-14.1,-71.43,1.46
21138,NA,NA,NA
21139,NA,NA,NA
21142,NA,NA,NA
21143,NA,NA,NA
21144,NA,NA,NA
21145,NA,NA,NA
21146,NA,NA,NA
21147,NA,NA,NA
21149,NA,NA,NA
21150,NA,NA,NA
21151,NA,NA,NA
21152,NA,NA,NA
21153,NA,NA,NA
21154,NA,NA,NA
21156,NA,NA,NA
21157,-15.17,-89.45,-4.37
21158,NA,NA,NA
21159,NA,NA,NA
21160,NA,NA,NA
21161,NA,NA,NA
21162,-15.17,-55.7,1.52
21163,NA,NA,NA
21164,NA,NA,NA
21165,NA,NA,NA
21166,NA,NA,NA
21167,NA,NA,NA
21168,NA,NA,NA
21169,NA,NA,NA
21171,NA,-35.45,-6.74
21172,NA,-45.46,-3.48
21173,NA,NA,NA
21174,NA,NA,NA
21175,NA,NA,NA
21177,NA,NA,NA
21178,NA,NA,NA
21179,NA,NA,NA
21180,NA,NA,NA
21181,NA,NA,NA
21182,NA,NA,NA
21183,NA,NA,NA
21184,NA,NA,NA
21185,NA,NA,NA
21186,-14.13,-63.52,-6.68
21187,NA,NA,NA
21190,NA,NA,NA
21191,NA,NA,NA
21192,NA,NA,NA
21193,NA,NA,NA
21194,NA,-52.79,-3.99
21195,NA,NA,NA
21196,NA,-51.42,0.88
21197,NA,NA,NA
21198,NA,NA,NA
21199,NA,NA,NA
21200,NA,NA,NA
21201,NA,NA,NA
21202,NA,NA,NA
21203,NA,NA,NA
21204,-10.04,-60.7,2.8
21206,NA,NA,NA
21207,NA,NA,NA
21208,NA,NA,NA
21209,NA,NA,NA
21210,NA,NA,NA
21213,NA,NA,NA
21214,NA,NA,NA
21217,NA,NA,NA
21219,NA,NA,NA
21220,NA,NA,NA
21221,NA,-59.45,-4.47
21222,NA,NA,NA
21223,NA,NA,NA
21224,NA,NA,NA
21225,NA,NA,NA
21226,NA,NA,NA
21227,NA,NA,NA
21228,NA,NA,NA
21229,NA,NA,NA
21230,NA,NA,NA
21231,NA,NA,NA
21232,NA,NA,NA
21234,NA,-78.03,-6.01
21235,NA,NA,NA
21236,NA,NA,NA
21237,NA,NA,NA
21238,NA,NA,NA
21239,NA,NA,NA
21240,NA,NA,NA
21241,NA,NA,NA
21242,NA,NA,NA
21243,NA,NA,NA
21244,NA,NA,NA
21245,NA,NA,NA
21246,NA,NA,NA
21247,NA,NA,NA
21248,NA,-66.42,-1.08
21249,NA,-58.6,-4.25
21250,NA,NA,NA
21251,NA,NA,NA
21253,NA,NA,NA
21254,NA,NA,NA
21256,NA,NA,NA
21257,NA,NA,NA
21258,NA,NA,NA
21259,NA,NA,NA
21260,NA,NA,NA
21261,NA,NA,NA
21262,NA,NA,NA
21263,NA,NA,NA
21264,NA,NA,NA
21265,NA,-107.12,-14.29
21269,NA,NA,NA
21270,-21.67,-76.95,5.33
21271,NA,NA,NA
21272,NA,NA,NA
21273,NA,NA,NA
21274,NA,NA,NA
21275,NA,NA,NA
21276,NA,NA,NA
21278,NA,NA,NA
21279,NA,NA,NA
21280,NA,NA,NA
21281,-14.54,-73.56,-0.26
21282,NA,NA,NA
21283,NA,NA,NA
21284,NA,NA,NA
21285,NA,NA,NA
21286,NA,NA,NA
21287,NA,NA,NA
21288,NA,NA,NA
21289,NA,NA,NA
21290,NA,NA,NA
21292,NA,NA,NA
21296,-9.26,-46.63,-4.35
21297,NA,NA,NA
21298,NA,NA,NA
21299,NA,NA,NA
21300,NA,-47.95,-3.47
21301,NA,NA,NA
21303,NA,NA,NA
21304,NA,NA,NA
21305,NA,NA,NA
21306,NA,NA,NA
21307,NA,NA,NA
21308,NA,NA,NA
21309,NA,NA,NA
21311,NA,-56.32,2.59
21313,NA,-63.69,3.38
21314,NA,NA,NA
21315,NA,NA,NA
21318,NA,NA,NA
21319,NA,NA,NA
21320,NA,NA,NA
21321,NA,NA,NA
21323,NA,NA,NA
21324,NA,NA,NA
21325,NA,NA,NA
21326,NA,NA,NA
21327,NA,NA,NA
21329,NA,NA,NA
21330,NA,NA,NA
21331,NA,NA,NA
21332,NA,NA,NA
21333,-14.73,-61.98,-6.91
21334,NA,NA,NA
21335,NA,NA,NA
21336,NA,NA,NA
21337,NA,NA,NA
21338,NA,NA,NA
21339,NA,NA,NA
21341,NA,NA,NA
21342,NA,NA,NA
21343,NA,NA,NA
21346,NA,NA,NA
21348,NA,NA,NA
21349,NA,NA,NA
21350,NA,NA,NA
21351,NA,NA,NA
21352,NA,NA,NA
21353,NA,NA,NA
21354,NA,NA,NA
21355,NA,NA,NA
21359,NA,NA,NA
21360,-3.36,-39.34,NA
21361,NA,NA,NA
21362,NA,NA,NA
21363,NA,NA,NA
21364,NA,NA,NA
21365,NA,NA,NA
21366,NA,NA,NA
21367,NA,NA,NA
21368,NA,NA,NA
21369,NA,NA,NA
21370,NA,NA,NA
21371,NA,NA,NA
21372,NA,-59.87,-5.85
21373,NA,NA,NA
21374,NA,NA,NA
21375,NA,NA,NA
21376,NA,-44.28,-4.75
21377,NA,NA,NA
21378,NA,NA,NA
21379,NA,NA,NA
21381,NA,NA,NA
21382,NA,-48.13,2.81
21384,-18.42,-75.11,3.17
21385,NA,NA,NA
21387,NA,NA,NA
21388,NA,NA,NA
21389,NA,NA,NA
21390,NA,NA,NA
21391,NA,NA,NA
21392,NA,NA,NA
21393,NA,NA,NA
21394,NA,NA,NA
21395,NA,NA,NA
21396,NA,NA,NA
21397,NA,NA,NA
21398,NA,NA,NA
21399,NA,NA,NA
21400,NA,NA,NA
21401,NA,NA,NA
21402,NA,NA,NA
21404,NA,NA,NA
21405,NA,NA,NA
21406,NA,NA,NA
21407,NA,NA,NA
21408,NA,NA,NA
21409,NA,NA,NA
21410,NA,NA,NA
21411,NA,NA,NA
21412,NA,NA,NA
21413,NA,NA,NA
21414,NA,NA,NA
21415,NA,NA,NA
21416,NA,NA,NA
21418,NA,NA,NA
21421,NA,NA,NA
21423,NA,NA,NA
21424,NA,NA,NA
21425,NA,NA,NA
21428,NA,-56.88,-0.63
21429,NA,NA,NA
21430,NA,NA,NA
21431,NA,NA,NA
21432,NA,NA,NA
21433,NA,NA,NA
21434,NA,NA,NA
21435,NA,NA,NA
21436,NA,NA,NA
21437,NA,NA,NA
21438,NA,NA,NA
21439,NA,NA,NA
21440,NA,NA,NA
21441,NA,NA,NA
21442,NA,NA,NA
21443,NA,NA,NA
21444,NA,NA,NA
21445,NA,NA,NA
21446,NA,NA,NA
21448,NA,NA,NA
21449,-22.17,-68.45,3.68
21450,NA,NA,NA
21453,NA,NA,NA
21454,NA,NA,NA
21455,NA,NA,NA
21456,NA,NA,NA
21458,NA,NA,NA
21459,NA,-60.78,-7.87
21462,NA,NA,NA
21467,NA,NA,NA
21469,NA,NA,NA
21471,NA,NA,NA
21472,NA,NA,NA
21473,NA,NA,NA
21474,NA,NA,NA
21475,NA,NA,NA
21476,NA,NA,NA
21477,NA,NA,NA
21479,NA,NA,NA
21480,NA,NA,NA
21481,NA,NA,NA
21482,NA,NA,NA
21483,NA,NA,NA
21484,-18.67,-62.95,-5.77
21485,NA,NA,NA
21488,NA,NA,NA
21489,-13.61,-63.83,-6.37
21490,NA,NA,NA
21491,NA,-74.07,-0.59
21494,NA,NA,NA
21496,NA,NA,NA
21497,NA,NA,NA
21498,NA,NA,NA
21499,NA,NA,NA
21500,-19.57,-70.04,-0.69
21501,NA,NA,NA
21504,NA,NA,NA
21505,NA,NA,NA
21506,NA,NA,NA
21516,NA,NA,NA
21521,NA,NA,NA
21522,NA,NA,NA
21524,NA,NA,NA
21525,NA,NA,NA
21526,NA,NA,NA
21527,NA,NA,NA
21528,NA,NA,NA
21529,NA,NA,NA
21530,NA,NA,NA
21531,NA,NA,NA
21532,NA,NA,NA
21533,NA,NA,NA
21534,NA,NA,NA
21535,NA,NA,NA
21537,NA,NA,NA
21538,NA,NA,NA
21539,NA,NA,NA
21540,NA,NA,NA
21541,NA,NA,NA
21542,NA,NA,NA
21543,NA,NA,NA
21545,NA,NA,NA
21546,NA,NA,NA
21547,NA,NA,NA
21548,NA,NA,NA
21549,NA,-53.74,2.2
21551,NA,NA,NA
21552,NA,-46.78,-5.29
21553,NA,NA,NA
21554,NA,NA,NA
21555,NA,-39.03,-0.55
21556,NA,NA,NA
21557,NA,NA,NA
21558,NA,NA,NA
21559,NA,NA,NA
21560,NA,NA,NA
21561,NA,NA,NA
21562,NA,NA,NA
21564,NA,NA,NA
21565,NA,NA,NA
21566,NA,NA,NA
21567,NA,NA,NA
21568,NA,NA,NA
21569,NA,NA,NA
21570,NA,NA,NA
21571,-6.48,-49.83,-3.98
21572,NA,NA,NA
21573,NA,NA,NA
21574,NA,NA,NA
21575,NA,NA,NA
21576,NA,NA,NA
21577,NA,NA,NA
21578,NA,NA,NA
21579,NA,NA,NA
21580,NA,NA,NA
21581,NA,NA,NA
21583,NA,NA,NA
21584,NA,-52.97,-1.7
21585,NA,NA,NA
21586,NA,-32.83,-4.22
21587,NA,NA,NA
21588,NA,NA,NA
21592,NA,NA,NA
21594,-9.79,-41.33,3.75
21595,NA,NA,NA
21596,NA,NA,NA
21597,-13.17,-48.95,-2.37
21598,NA,NA,NA
21599,NA,NA,NA
21600,NA,NA,NA
21601,NA,NA,NA
21602,-8.67,-54.45,-12.17
21603,NA,NA,NA
21604,NA,NA,NA
21605,NA,NA,NA
21609,NA,NA,NA
21611,-12.15,-68.08,-11.32
21612,NA,NA,NA
21613,NA,NA,NA
21614,NA,NA,NA
21615,NA,NA,NA
21616,NA,NA,NA
21617,NA,NA,NA
21618,NA,NA,NA
21619,NA,NA,NA
21620,NA,NA,NA
21621,NA,NA,NA
21622,NA,NA,NA
21623,NA,NA,NA
21624,NA,NA,NA
21625,NA,NA,NA
21626,NA,NA,NA
21627,NA,NA,NA
21628,NA,NA,NA
21629,NA,-58.78,-0.79
21631,NA,NA,NA
21632,NA,NA,NA
21633,NA,NA,NA
21634,NA,NA,NA
21635,NA,NA,NA
21636,NA,NA,NA
21637,NA,NA,NA
21640,-10.26,-64.84,-3.25
21642,NA,NA,NA
21650,-13.14,-67.79,-2.26
21653,NA,NA,NA
21658,NA,-31.11,-0.77
21659,NA,-43.43,-1.95
21661,NA,NA,NA
21662,-4.36,-60.79,-2.36
21663,-4.36,-64.64,5.44
21664,-7.36,-61.5,-2.5
21668,-14.37,-68.23,6.53
21669,NA,NA,NA
21670,-12.81,-74.97,-4.14
21671,-14.1,-73.27,-0.41
21672,-9.85,-70.87,-3.65
21673,-15.44,-80.56,-2.75
21674,-10.76,-69.63,-8.71
21675,-16.15,-79.33,0.21
21676,-6.39,-65.81,-8.15
21677,-2.85,-52.55,-10.43
21678,-14.55,-76.81,-3.91
21679,-16.7,-73.91,7.1
21680,-15.04,-77.13,-3.22
21681,-12.62,-70.26,1.48
21682,-10.76,-83.37,-3.31
21683,-9.38,-33.12,1.87
21684,-9.72,-71.97,-6.66
21685,-7.75,-52.84,-8.8
21686,-9.96,-67.07,-6.44
21687,-14.57,-64.74,-4.38
21688,-12.32,-48.72,1.86
21689,-16.15,-82.85,3.11
21690,-16.15,-79.66,6.61
21691,-13.02,-75.04,-3.91
21692,-9.1,-81.6,-6.8
21693,-15.05,-91.58,-5.79
21694,-12.04,-77.83,0.02
21695,-14.81,-76.43,3.69
21696,-13.16,-69.09,5.85
21697,-16.46,-83.42,5.04
21698,-15.04,-78,-1.7
21699,-13.75,-85.52,-6.47
21700,-16.38,-69.1,1.43
21701,-16.38,-93.15,-2.46
21702,-15.99,-88.2,-2.9
21703,-14.81,-93.91,-1.01
21704,-13.62,-77.77,0.06
21705,-18.04,-108.49,-4.98
21706,-9.22,-80.61,-4.39
21707,-14.57,-99.08,-2.61
21708,-9.62,-104.91,-2.21
21709,-16.23,-105.78,-0.75
21710,-14.57,-86.26,-1.03
21711,-14.81,-83.95,-5.58
21712,-7.28,-72.14,-2.57
21713,-6.1,-60.61,-6.36
21714,-18.86,-79.89,1.57
21715,-5.45,-66.7,-0.91
21716,-4.57,-64.47,-3.12
21717,-7.05,-61.71,-4.48
21718,-6.81,-61.4,-2.76
21719,-18.04,-82.41,0.81
21720,-10.62,-49.53,-7.06
21721,-11.74,-85.07,-5.16
21722,-14.33,-63.52,3.05
21723,-12.81,-72.43,-2.73
21724,-14.62,-76.7,-2.03
21725,-12.1,-50.25,0.68
21726,NA,NA,NA
21727,-16.15,-81.93,-4.9
21728,-9.62,-35.76,3.32
21729,-6.57,-71.01,1.98
21730,-18.38,-83.53,2.63
21731,-16.89,-79.67,6.51
21732,-17.1,-77.21,-1.55
21733,-16.57,-73.11,2.84
21734,-17.33,-79.17,4.47
21735,NA,NA,NA
21736,-13.33,-74.52,-4.5
21737,-13.33,-70.72,-1.35
21738,-5.23,-40.28,-6.11
21739,-11.14,-83.98,-2.1
21740,-14.33,-78.69,-0.66
21741,NA,NA,NA
21742,NA,NA,NA
21743,NA,NA,NA
21745,-9.61,-59.64,-12.38
21747,NA,NA,NA
21748,NA,NA,NA
21749,NA,NA,NA
21750,NA,NA,NA
21751,NA,NA,NA
21752,NA,NA,NA
21753,2.19,-97.29,-11.77
21754,-9.83,-47.62,-6.17
21755,-11.61,-53.41,-0.81
21756,-10.04,-53.64,-4.85
21760,NA,NA,NA
21761,NA,NA,NA
21762,NA,NA,NA
21763,NA,NA,NA
21764,NA,NA,NA
21765,NA,NA,NA
21766,NA,NA,NA
21767,NA,NA,NA
21768,NA,NA,NA
21770,NA,NA,NA
21771,NA,NA,NA
21772,NA,NA,NA
21774,NA,NA,NA
21775,-13.67,-82.95,-5.02
21776,NA,NA,NA
21777,NA,NA,NA
21778,NA,NA,NA
21779,-5.67,NA,-12.72
21780,NA,NA,NA
21781,NA,NA,NA
21782,NA,-62.78,-3.52
21783,NA,-46.79,-9.61
21784,NA,-97.37,-5.79
21785,NA,NA,NA
21786,NA,NA,NA
21788,NA,-40.45,-10.66
21789,NA,-51.51,-2.65
21791,NA,NA,NA
21795,-18.11,-83.11,-1.1
21796,5.11,-46.23,-2.71
21797,-3.91,-60.98,-4.18
21798,4.42,-29.74,3.85
21800,NA,NA,NA
21801,NA,NA,NA
21802,NA,NA,NA
21803,NA,-39.87,2.3
21804,NA,NA,NA
21805,NA,NA,NA
21806,NA,NA,NA
21808,-6.43,-61.7,-5.3
21809,-16.29,-93.51,0.14
21810,-20.83,-99.03,-0.25
21811,-16.56,-102.55,4.4
21812,-17,-74.91,1.65
21813,-13.83,-89.15,1.84
21814,-18.83,-77.23,7.81
21815,-14.63,-57.82,-4.48
21816,-13.93,-82.38,0.63
21817,-20.83,-77.75,5.88
21818,-19.56,-102.91,-0.51
21819,-19.56,-84.63,6.75
21820,-10.39,-79.39,-5.77
21821,-16.36,-96.41,-4.14
21822,-19.2,-92.78,-2.54
21823,-13.46,-55.42,2.62
21824,-14.93,-53.38,5.49
21825,-20.46,-86.63,0.31
21826,-16.2,-78.47,-1.6
21827,-15.56,-68.26,-1.73
21828,-20.46,-92.23,-0.78
21829,-18.83,-91.22,0.89
21830,-14.89,-70.42,-1.05
21831,-8.73,-70.15,-3.29
21832,-18.2,-63.11,1.59
21833,-16.63,-79.37,-2.78
21834,-5.27,-101.95,-8.55
21835,-7.46,-69.9,-1.6
21836,NA,NA,NA
21837,-20.46,-93.38,-5.73
21838,-14.8,-73.38,-1.02
21839,-13.46,-51.42,2.19
21840,NA,NA,NA
21841,-3.48,-49.3,NA
21842,-17.46,-90.99,-0.82
21843,-18.1,-76.79,0.71
21844,-18.83,-107.35,-2.78
21845,-17.2,-71.42,1.54
21846,-12.83,-68.34,-4.77
21847,-17.93,-77.88,-6.94
21848,-12.93,-89.51,-4.59
21849,NA,NA,NA
21850,-7.2,-61.86,-0.77
21851,-11.32,-77.02,4.3
21852,NA,NA,NA
21853,NA,NA,NA
21854,-17.73,-91.63,-3.64
21855,-14.18,-71.79,-4.26
21856,-19.73,-87.59,-3.55
21857,-16.63,-85.19,0.58
21858,-18.27,-85.63,-1.42
21859,-12,-82.3,2.54
21860,NA,NA,NA
21861,-18,-77.83,-5.07
21862,-12.9,-77.3,6.15
21863,-16.27,-73.69,0.49
21864,-16.63,-71.18,-0.55
21865,-14.8,NA,-6.73
21866,-14.63,-56.71,0.98
21867,-10.95,-62.22,-5.07
21869,NA,NA,NA
21870,-7.71,-77.45,-1.16
21871,-14.63,-79.51,-6.2
21872,-19.11,-83.27,-2.84
21873,-18.46,-72.39,-0.51
21874,-12.63,-74.95,2.63
21875,-17.1,-75.59,8.45
21876,-12.83,-56.99,-1.63
21877,-15.66,-60.03,-2.81
21878,-16.63,NA,-5.13
21879,-18.2,-85.11,-3.91
21880,-12,-78.99,-2.2
21881,-15.36,-78.59,-0.9
21882,-15.2,-49.26,-1.98
21883,-16.66,-84.67,-1.29
21884,-14.93,-49.38,-1.46
21885,-20.1,-86.39,-2.86
21886,-14.93,-47.74,5.89
21887,-18.38,-64.47,2.25
21888,NA,NA,NA
21889,-18.9,-83.65,4.7
21890,-14.2,-85.63,-2.08
21891,NA,-88.63,-1.11
21892,NA,NA,NA
21893,-10.63,-75.39,-1.2
21894,NA,NA,NA
21895,-8.2,-82.9,-1.5
21896,-19.46,-76.31,0.67
21897,-20.94,-78.23,-6.8
21898,-16.2,-63.67,-3.64
21899,-13,-64.77,-1.06
21900,-12.93,-44.9,0.97
21901,-14.56,-43.15,0.89
21902,-13.56,-45.23,-5.16
21903,-9.13,NA,-8.74
21904,-18.83,-81.51,-1.38
21905,-12.2,NA,2.71
21906,-11.83,-62.66,-5.33
21909,NA,NA,NA
21910,-10.76,-30.62,2.4
21911,NA,NA,-4.34
21912,-15.59,-75.9,0.26
21913,-14.84,-83.84,-4.83
21914,NA,NA,NA
21915,-14.2,-82.99,-4.44
21916,-11.63,-69.97,-4.88
21917,NA,NA,NA
21918,-13.58,-62.71,1.57
21920,NA,NA,NA
21921,-10.24,-72.52,0.86
21922,-20.83,-83.59,7.22
21924,-13.84,-87.55,-3.41
21925,-12.67,-84.72,-6.29
21926,-13.09,-58.86,-5.47
21927,-18.36,-79.95,-1.47
21928,-17.56,-83.47,1.3
21929,NA,NA,NA
21930,-10.84,-55.22,-0.9
21931,NA,NA,NA
21932,-16.73,-64.06,-6.21
21933,NA,NA,NA
21934,NA,NA,NA
21935,-19.67,-90.39,4.37
21936,-15.56,-88.73,0.44
21937,NA,-82.84,-2.11
21938,NA,NA,NA
21939,NA,NA,NA
21940,NA,NA,NA
21941,NA,NA,NA
21942,NA,-73.17,2.87
21943,-8.93,-66.9,-4.47
21944,-18.3,-72.06,2.71
21945,NA,NA,NA
21946,NA,NA,NA
21947,NA,NA,NA
21948,-11.29,-63.98,-2.38
21949,-5.92,-25.95,0.58
21950,-8.56,-13.18,5.98
21951,NA,NA,NA
21952,-8.65,-40.68,5.93
21953,-12.29,-39.51,1.72
21954,-10.93,-46.35,-5.43
21955,NA,-42.12,-2.77
21956,NA,NA,NA
21957,-19.15,-68.91,-3.5
21958,-12.65,-40.81,-1.87
21959,-12.01,-40.2,-5.03
21960,-21.12,-71.2,NA
21961,-20.76,-76.9,-6.02
21962,NA,NA,NA
21963,-10.24,-58.41,0.98
21964,-11.2,-57.07,-2.12
21965,NA,NA,NA
21966,-12.2,-41.68,4.86
21967,-10.56,-36.16,-9.75
21968,NA,NA,NA
21969,NA,NA,NA
21970,-7.2,-49.91,5.47
21971,-14.59,-68.18,-6.92
21972,-9.84,-20.18,-2.82
21973,-9.13,-40.81,-0.02
21974,-10.45,-52.18,-6.87
21975,-2.76,-31.51,9.67
21976,NA,NA,NA
21978,NA,NA,NA
21981,-5.17,-61.45,-8.67
21984,NA,NA,NA
21985,NA,-67.67,NA
21995,NA,NA,NA
21997,NA,NA,NA
21998,-14.85,-74.39,-6.82
22002,NA,NA,NA
22004,NA,NA,NA
22006,NA,NA,NA
22014,NA,-48.52,2.56
22018,-13.62,-59.13,-3.64
22023,NA,NA,NA
22028,NA,NA,NA
22034,NA,NA,NA
22037,NA,NA,NA
22047,NA,-49.37,-8.66
22050,NA,NA,NA
22054,-12.58,-49.59,-3.75
22056,NA,NA,NA
22059,NA,NA,NA
22067,NA,NA,NA
22070,-12.45,-46.87,-2.35
22078,NA,NA,NA
22081,-20.45,-84.17,-1.52
22082,-20.94,-84.89,1.63
22083,-18.4,-73.13,-1.42
22086,NA,-69.13,4.83
22088,NA,NA,NA
22096,NA,NA,NA
22097,NA,NA,NA
22098,NA,NA,NA
22100,NA,NA,NA
22103,NA,-57.93,2.39
22109,NA,NA,NA
22126,-9.76,-72.33,1.67
22130,NA,NA,NA
22131,-2.77,-86.15,-9.47
22134,NA,NA,NA
22147,NA,NA,NA
22154,NA,NA,NA
22155,NA,NA,NA
22156,NA,NA,NA
22161,-9.14,-45.82,-5.92
22177,NA,NA,NA
22189,NA,NA,NA
22190,NA,NA,NA
22192,NA,NA,NA
22193,NA,NA,NA
22195,NA,NA,NA
22198,NA,-67.71,-1.04
22200,NA,NA,NA
22202,NA,NA,NA
22203,NA,-52.3,-2.9
22205,NA,NA,NA
22209,-10.76,-34.24,-2.65
22217,NA,NA,NA
22219,NA,NA,NA
22224,NA,NA,NA
22226,NA,NA,NA
22229,NA,NA,NA
22232,NA,NA,NA
22233,NA,NA,NA
22238,-10.1,-51.81,-5.81
22239,NA,NA,NA
22240,NA,NA,NA
22241,NA,NA,NA
22268,NA,NA,NA
22275,NA,NA,NA
22276,NA,NA,NA
22290,NA,NA,NA
22303,NA,NA,NA
22305,NA,NA,NA
22306,NA,NA,NA
22309,NA,NA,NA
22317,NA,NA,NA
22324,NA,NA,NA
22326,NA,NA,NA
22327,NA,NA,NA
22332,NA,NA,NA
22334,NA,NA,NA
22343,NA,-79.21,-4.76
22363,NA,NA,NA
22366,NA,NA,NA
22373,NA,NA,NA
22374,NA,-55.4,-7.61
22396,NA,NA,NA
22401,NA,NA,NA
22406,NA,NA,NA
22428,NA,NA,NA
22429,NA,-77.54,-0.41
22435,NA,NA,NA
22447,NA,NA,NA
22455,NA,-58.57,3.01
22470,NA,NA,NA
22478,NA,NA,NA
22479,-6.19,-31.82,2.26
22483,-15.94,-40.91,-6.42
22484,NA,NA,NA
22486,NA,NA,NA
22487,NA,NA,NA
22488,NA,NA,NA
22490,NA,-63.57,10.09
22491,NA,NA,NA
22492,NA,NA,NA
22495,NA,-80.93,5.34
22496,NA,NA,NA
22500,NA,NA,NA
22504,NA,NA,NA
22507,NA,NA,NA
22510,-9.82,-52.98,-2.86
22511,-12.33,-85.57,-3.09
22512,NA,NA,NA
22513,NA,-58.01,0.12
22514,-10.43,-61.01,1.83
22515,-13.94,-85.31,-2.1
22516,NA,NA,NA
22517,-21.46,-81.9,-4.93
22518,-17.84,-79.42,3.6
22519,-12.91,-55.31,-2.49
22520,-23.01,-80.9,3.94
22521,-19.39,-74.66,1.31
22522,-14.91,-80.95,8.74
22523,-17.94,-71.84,0.99
22524,-15.39,-78.78,-3.47
22525,-11.46,-80.31,1
22526,-12.43,-71.25,-3.67
22527,-16.98,-73.21,-2.14
22528,-17.94,-84.78,2.99
22529,-11.94,-81.84,-4.35
22530,-13.98,-77.13,-3.14
22531,-12.98,-89.31,-0.57
22532,-13.5,-93.66,-1.42
22533,-14.46,-76.95,-5.01
22534,-14.94,-69.54,0.92
22535,-10.98,-50.25,1.25
22536,-12.02,-60.79,-4.07
22537,-13.98,NA,2.1
22538,-17.53,-67.31,0.54
22539,-9.46,-61.37,-1.75
22540,-9.46,-59.95,-2.36
22541,NA,NA,NA
22543,-13.46,-81.54,-3.46
22544,-10.43,-64.25,-3.56
22545,-15.81,-84.42,-3.79
22546,NA,NA,NA
22547,-18.98,-105.66,-0.74
22548,-14.94,-87.84,5.25
22549,-20.43,-82.13,-7.24
22550,-13.46,-91.54,5.5
22551,-10.98,-42.25,-6.53
22553,NA,NA,NA
22554,-12.12,-73.05,0.55
22555,-9.33,-74.2,0.3
22556,-8,-74.81,-8.28
22557,-17.02,-71.64,-2.62
22558,-11.04,-68.9,1.42
22559,-8.83,-41.96,-5.07
22560,-13.12,-48.58,-4.98
22561,-16.12,-47.06,-3.21
22562,-14.18,-51.53,-6.74
22563,-16.47,-60.91,-8.24
22564,-15.43,-63.95,-1.69
22565,-8.25,-55.97,-1.36
22566,-9.06,-58.6,-3.2
22567,-15.25,-81.64,-3.36
22568,-17.31,-74.34,0.82
22569,-14.17,-71.08,-2.11
22570,-15,-66.82,-3.04
22571,-17.59,-72.67,0.16
22572,NA,NA,NA
22573,-17.02,-81.52,-1.5
22574,-18.31,-77.82,3.98
22575,-12.43,-73.55,-1.76
22576,-10,-84.34,-7.09
22577,-16.25,-93.18,-6.04
22578,-15.25,-81.57,-6.82
22579,-15.78,-80.77,-3.73
22580,-15.72,-65.64,1.78
22581,-12.51,-73.46,-0.61
22582,-18.38,-68.68,-2.25
22583,-14.78,-80.46,-7.25
22584,-15.45,-79.77,-2.1
22585,-10,-66.6,4.79
22586,-19.85,-78.56,-7.08
22587,-10.27,-82.81,-6.3
22588,-10.8,-88.15,-5.84
22589,-12.66,-50.77,-5.97
22590,NA,-49.37,-2.94
22591,-8.59,-49.45,-3.62
22592,-9.7,-55.59,-11.55
22593,-8.85,-83.26,-14.67
22594,-11.92,-84.54,-10.44
22595,-14.05,-74.48,-6.43
22596,-19.18,-79.64,-5.24
22597,-14.63,-79.35,-8.6
22598,-12.8,-82.69,-8.08
22599,-15.06,-81.78,-11.71
22600,-15.86,-81.2,-9.08
22601,-15.04,-89.31,-9.53
22602,-15.3,-87.67,-13.96
22603,-15.72,-79.6,-10.16
22604,-16.1,-61.35,-5.55
22605,-19.11,-59.41,-7.18
22606,-11.96,-65.07,6.69
22607,-4.12,-63.78,-9.95
22608,-14.94,-68.9,9.63
22609,-14.77,-62.71,-1.9
22610,-16.69,-70.35,-2.28
22611,-6.57,-57.41,-6.65
22612,-9.62,-69.44,-3.23
22613,-9.21,-55.18,-1.88
22614,-11.83,-52.7,-5.55
22615,NA,NA,NA
22616,NA,NA,NA
22617,NA,NA,NA
22618,-8.58,-51.22,-2.28
22619,NA,NA,NA
22620,NA,NA,NA
22621,NA,-63.94,-1.83
22622,NA,NA,NA
22623,NA,-55.46,-0.86
22624,NA,NA,NA
22625,NA,NA,NA
22626,NA,-47.83,-11.31
22627,NA,NA,NA
22629,NA,NA,NA
22630,NA,NA,NA
22631,NA,NA,NA
22632,-13.18,-60.62,-3.79
22633,-9.9,-59.66,-1.15
22634,-6.16,-62.78,0.01
22635,-10.22,-73.74,-1.17
22636,-21.37,-90.18,-2.19
22637,-8.25,-66.66,1.47
22638,-13.27,-62.78,-2.58
22639,-7.84,-66.11,-0.89
22640,-9.97,-77.94,-2.86
22641,-13.54,-62.05,-2.64
22642,-13.27,-54.29,1.78
22643,-14.12,-81.62,-4.28
22644,-8.32,-63.46,-0.11
22645,-9.6,-59.7,5.56
22646,-18.64,-80.5,-3.88
22647,-11.63,-59.67,3.03
22648,-18.27,-79.79,-0.71
22649,-12.15,-72.57,0.02
22650,-19.37,-82.68,-1.63
22651,-17.6,-84.78,3.24
22652,-14.39,-79.86,4.72
22653,-15.65,-77.82,-6.47
22654,NA,NA,NA
22655,-10.91,-79.78,-3.01
22656,-17.46,-80.13,-5.32
22657,-13.41,-70.1,-1.03
22658,-13.97,-70.51,-1.18
22659,-19.4,-98.72,-5.95
22660,-14.58,-68.89,0.88
22661,-14.11,-69.02,3.35
22662,-14.37,-73.16,1.17
22663,-15.67,-77.65,7.23
22664,-12.47,-79.78,-3.97
22665,-15.29,-74.49,5.87
22666,-11.49,-77.77,-1.42
22667,-14.82,-65.63,6.03
22668,-7.55,-74.12,-5.22
22669,-8.6,-80.71,-4.38
22670,-14.15,-80.86,-0.3
22671,-13.82,-100.92,-5.11
22672,-15.56,-76.34,4.97
22673,-12.27,-95.65,-1.16
22674,-12.43,-79.74,-0.53
22675,-10.22,-68.53,0.92
22676,NA,NA,NA
22677,-12.94,-81.19,-0.59
22678,-10.91,-64.88,-3.46
22679,-8.16,-50.9,-6.36
22680,-9.46,-57.25,-3.67
22681,NA,-99.29,-5.07
22682,-14.43,-71.59,0.5
22683,-17.5,-62.27,2.53
22684,NA,-53.83,-1.61
22685,-9.46,-52.94,-2.66
22686,-7.43,-59.41,-3.13
22687,-7.91,-60.47,-6.48
22688,-5.5,-54.98,-11.51
22689,-5.86,-47.59,-5.13
22690,-13.13,-64.87,-13.19
22691,-12.76,-67.61,-14.83
22692,-12.93,-65.47,-11.98
22693,-12.6,-100.13,-19.32
22694,-12.43,-96.55,-18
22695,-12.43,-96.39,-19.76
22696,-12.43,-95.67,-18.05
22699,NA,NA,NA
22700,NA,NA,NA
22701,NA,NA,NA
22702,NA,NA,NA
22703,NA,NA,NA
22704,NA,NA,NA
22705,NA,NA,NA
22706,NA,NA,NA
22707,NA,NA,NA
22708,NA,NA,NA
22709,NA,NA,NA
22710,NA,NA,NA
22711,-10.39,-49.31,0.79
22712,-2.45,-56.27,-5.18
22713,3.55,-54.65,-7.11
22714,-2.98,-46.27,0.18
22715,-12.75,-42.16,3.17
22716,-8.32,-52.94,3.05
22717,-9.26,-58.39,-3.13
22718,NA,-53.83,2.64
22719,-16.69,-68.21,-3.1
22720,-13.62,-59,-3.41
22721,-4.62,-100.23,-6.65
22722,-7.85,-87.7,-6.07
22723,-8.58,-68.44,-6.21
22724,-18.31,-81.74,-5.07
22725,-8.53,-72.88,-5.48
22726,NA,-88.82,-11.21
22727,-11.37,-70.61,-2.33
22728,-9.57,-70.01,-6.08
22729,0.27,-75.43,-5.61
22731,8.25,-91.92,-9.37
22732,-8.68,-59.61,0.98
22733,-11.19,-49.9,-1.55
22734,-12.21,-51.56,-9.66
22735,-20.12,-68.02,-4.29
22736,-16.77,-81.96,4.3
22737,-14.23,-78.78,2.49
22738,-8.51,-65.25,-6.56
22739,-20.94,-69.89,-3.45
22740,-20.94,-75.51,-2.44
22741,-14.72,-65.48,3.75
22742,NA,NA,NA
22743,-12.91,-54.03,-12.66
22744,-12.06,-46.65,4.75
22745,NA,NA,NA
22746,NA,-38.69,11
22747,NA,NA,NA
22748,-15.32,-65.12,-4.33
22749,NA,NA,NA
22750,NA,NA,NA
22751,NA,NA,NA
22752,NA,NA,NA
22753,NA,NA,NA
22754,NA,NA,NA
22755,NA,NA,NA
22756,NA,NA,NA
22757,NA,NA,NA
22758,NA,NA,NA
22759,NA,NA,NA
22760,NA,NA,NA
22761,NA,NA,NA
22762,NA,-92.22,-5.89
22763,NA,NA,NA
22764,NA,NA,NA
22765,-14.19,-37.75,-9.01
22766,NA,NA,NA
22767,NA,NA,NA
22768,-14.9,-61.09,-4.09
22769,NA,NA,NA
22771,NA,-72.15,-3.21
22772,NA,NA,NA
22773,-17.36,-77.23,4.76
22774,NA,NA,NA
22776,NA,NA,NA
22777,-12.46,-73.6,-1.6
22778,NA,-58.08,0.79
22779,NA,NA,NA
22780,NA,NA,NA
22781,NA,NA,NA
22782,NA,NA,NA
22783,NA,NA,NA
22784,NA,NA,NA
22785,NA,NA,NA
22786,-15.89,-67.96,-6.13
22787,NA,NA,NA
22788,NA,NA,NA
22789,NA,NA,NA
22790,NA,NA,NA
22791,NA,NA,NA
22792,NA,NA,NA
22793,NA,NA,NA
22794,NA,NA,NA
22795,NA,NA,NA
22796,NA,NA,NA
22797,NA,NA,NA
22798,NA,NA,NA
22799,NA,NA,NA
22800,NA,NA,NA
22801,NA,NA,NA
22802,NA,NA,NA
22803,NA,NA,NA
22804,NA,NA,NA
22805,NA,NA,NA
22806,NA,NA,NA
22807,NA,NA,NA
22808,NA,-69.2,0.76
22809,NA,NA,NA
22810,NA,-46.53,-3.19
22811,NA,NA,NA
22812,NA,NA,NA
22813,NA,NA,NA
22814,NA,NA,NA
22815,NA,NA,NA
22816,NA,NA,NA
22817,NA,NA,NA
22818,NA,NA,NA
22819,-9.84,-43.47,-9.2
22820,NA,NA,NA
22821,NA,NA,NA
22822,NA,NA,NA
22823,NA,NA,NA
22824,NA,NA,NA
22825,NA,NA,NA
22826,NA,NA,NA
22827,NA,NA,NA
22828,NA,NA,NA
22829,NA,NA,NA
22830,NA,NA,NA
22831,NA,NA,NA
22832,NA,-53.48,-6.52
22833,NA,NA,NA
22834,NA,NA,NA
22835,NA,NA,NA
22836,NA,NA,NA
22837,NA,NA,NA
22838,NA,NA,NA
22839,NA,NA,NA
22840,NA,NA,NA
22841,NA,NA,NA
22842,NA,NA,NA
22843,NA,NA,NA
22844,NA,NA,NA
22845,NA,NA,NA
22846,NA,NA,NA
22847,NA,NA,NA
22848,NA,NA,NA
22849,NA,NA,NA
22850,NA,NA,NA
22851,-11.49,NA,-2.76
22852,NA,NA,NA
22853,NA,NA,NA
22854,2.95,-46.18,-12.39
22855,-10.91,-57.1,-9.5
22856,-8.36,-58.71,-9.03
22857,NA,NA,NA
22858,-6.39,-48.24,2.65
22859,NA,NA,NA
22860,NA,-53.91,-9.84
22861,-1.08,-60.28,-12.8
22862,2.44,-53.8,-7.06
22863,0.99,-47.72,-10.22
22864,-9.45,-70.52,-5.09
22865,-18.68,-66.47,4.24
22866,-11.3,-53.79,0.57
22868,-16.12,-59.38,0.44
22869,-15.04,-79.96,-1.91
22870,-20.12,-93.3,0.21
22871,-20.12,-99.89,-7.43
22872,-14.46,-79.81,3.45
22874,-11.91,-64.72,1.69
22875,-15.43,-72.54,-1.46
22877,-18.08,-77.57,-3.51
22878,-13.46,-72.07,-4.12
22880,-18.71,-79.22,1.09
22881,-12.51,-81.19,0.92
22882,-16.25,-61.19,-2.54
22883,-17.09,-78.34,-4.25
22884,NA,NA,NA
22885,-15.21,NA,-2.71
22886,-10.5,-72.34,7.17
22887,-17.24,-45.91,-7.17
22888,NA,NA,NA
22889,NA,NA,NA
22890,-14.12,-79.5,-1.31
22893,NA,NA,NA
22895,-10.61,-47.95,-0.04
22896,-13.86,-81.67,-2.38
22897,-14.67,-74.04,-1.97
22898,-15.09,-78.1,-2.46
22899,-18.28,-80.04,-2.89
22900,-16.79,-68.27,-2.63
22901,NA,NA,NA
22902,NA,NA,NA
22905,-7.56,-41.61,-3.73
22906,-14.17,-76.56,0.67
22907,-9.43,-49.52,-3.69
22908,-13.53,-67.08,-4.87
22909,-11.04,-71.18,-0.81
22910,NA,NA,NA
22911,-14.01,-60.32,-1.19
22912,-13.56,-61.13,0.69
22913,-11.23,-41.05,3.31
22914,-5.15,-54.04,-10.72
22915,-16.98,-82.48,-8.67
22917,-20.82,-95.61,-0.49
22918,NA,NA,NA
22919,-14.2,-76.71,2.37
22920,-15.95,-69.36,1.98
22921,-14.94,-73.08,4.52
22922,-8.42,-79.33,-3.09
22923,0.29,-85.94,-5.98
22924,-6.62,-75.73,-9.57
22925,-8.97,-74.01,-2.39
22926,-13.73,-65.78,-5.73
22927,-10.94,-63.35,-6.79
22929,-8.62,-72.11,-3.28
22931,-9.12,-63.54,-6.77
22932,-10.97,-75.38,-5.62
22933,-10.82,-61.36,-2.16
22934,-1.71,-60.43,-4.45
22935,-7.68,-80.43,-5.8
22936,-2.27,-65.68,-3.6
22937,-9.8,-73.21,-2.31
22938,-5.19,-68.08,-5.33
22939,-13.12,-83.06,-3.98
22942,-7.9,-62.96,-0.25
22943,-8.23,-89.68,-10.21
22944,-6.69,-73.47,-4.83
22945,-7.64,-71.73,-4.12
22946,-11.06,-76.23,-3.18
22947,-12.73,-71.25,-1.66
22948,-6.53,-46.54,-7.67
22950,-19.22,-88.22,-4.82
22951,-4.2,-35.67,-2.04
22952,-14.92,-82.41,-0.63
22955,NA,NA,NA
22957,-16.12,-59.47,-1.99
22959,-8.2,-47.24,0.57
22962,-6.25,-81.27,-9.67
22964,-12.61,-67.08,5.4
22966,-12.21,-57.96,-7.54
22967,-11.67,-57.02,-2.93
22968,-13.45,-53.72,1.66
22969,-14.18,-84.4,-4.07
22970,-12.5,-81.16,-5.58
22971,NA,-33.5,-3.09
22973,-15.21,-51.58,-6.27
22974,-13.92,-46.98,-4.88
22976,-16.66,-60.62,-3.1
22977,-13.33,-84.32,-7.18
22978,-8.37,-62.81,-7.57
22979,-10.67,-75.64,-9.84
22980,-9.41,-72.47,-14.58
22981,NA,-53.36,-1.49
22982,NA,NA,NA
22983,-14.83,-62.68,-5.81
22986,NA,NA,NA
22987,NA,-74.71,-9.53
22989,-7.27,-42.5,2.78
22990,-10.58,-36.78,-5.38
22991,-8.75,-43.77,0.88
22993,-16.95,-60.08,-1.27
22994,-12.49,-49.12,-5
22997,-13.42,-47.97,2.63
22998,-21.38,-88.07,0.28
22999,-9.22,-80.72,-5.75
23000,-14.08,-88.64,5.06
23003,-11.14,-73.59,-14.54
23004,-14.79,-64.01,-5.05
23005,-15.01,-72.35,-5.52
23006,-16.75,-60.4,-2.1
23007,-14.49,-89.81,-2.24
23009,-12.14,-56.64,4.97
23010,-13.09,-69.1,-15.05
23011,-7.36,-36.75,2.77
23012,-12.45,-45.2,-1.04
23013,-6.54,-67.56,2.65
23014,-16.78,-72.59,-6.35
23015,-17.32,-75.39,0.87
23017,-10.14,-49.35,-0.53
23018,-21.32,-102.8,5.24
23019,-7.19,-49.67,-7
23020,-11.56,-62.97,-4.75
23021,-16.43,-62.22,0.41
23022,-9.9,-75.91,-8.57
23023,-19.07,-70.26,-3.07
23024,-16.37,-66.28,-2.24
23026,-10.76,-71.02,-3.93
23027,-11.96,-82.6,-3.69
23028,NA,-65.08,-5.31
23029,-15.17,-62.49,-2.73
23030,-12.01,-62.15,-6.22
23031,NA,-83.81,1.37
23033,NA,-84.11,-5.73
23034,-13.69,-62.45,-4.17
23037,-12.67,-74.96,-5.71
23039,-20.78,-70.75,1.3
23040,-12.27,-61.12,-3.14
23043,-13.01,-55.48,-4.65
23044,-0.14,-53.91,-8.16
23045,NA,-46.98,-5.32
23047,-10.92,-69.9,-6.09
23049,-7.36,-62.41,-9.3
23051,-11.45,-44.05,-7.28
23052,-11.45,-60.28,-6.53
23053,-13.14,-48.35,-2.61
23054,-13.77,-89.54,-8.55
23055,-11.88,-44.29,-7.44
23056,NA,-42.57,-1.06
23057,-7.58,-51.09,-8.32
23058,-12.05,-57,4.19
23059,NA,NA,NA
23060,NA,-55.59,-4.4
23061,-17.88,-58.62,4.64
23063,NA,-77.15,-5.16
23064,-9.58,-80,-3.81
23065,NA,NA,NA
23067,NA,-34.3,-6.82
23068,NA,-50.49,-3.86
23069,-18.9,-36.32,-12.25
23070,-13.32,-53.93,0.72
23071,-8.7,-54.45,-2.85
23072,-16.35,-52.43,-4.19
23074,-9.59,-46.19,-1.13
23076,-13.59,-42.15,-3.18
23077,-11.14,-53.65,-2.81
23078,-7.75,-47.26,1.86
23080,-10.62,-62.02,-4.57
23082,NA,NA,NA
23083,-11.58,-56.45,0.52
23084,-9.55,-61.54,-4.6
23085,NA,NA,NA
23086,-11.44,NA,-2.48
23087,-11.27,-47.47,-4.54
23088,NA,NA,NA
23089,-17.15,-97.17,-2.37
23090,-6.23,-68.16,-8.96
23096,-6.61,-52.35,-6.88
23097,-11.18,-79.14,-2.14
23098,NA,NA,NA
23099,-16.99,-82.59,-1.2
23100,-5.91,-40.58,-3.43
23102,NA,NA,NA
23103,-11.49,-64.77,4.28
23104,-11.58,-64.75,3.81
23105,-16.85,-65.17,2.73
23106,-8.75,-53.46,-6.59
23107,-11.07,-50.95,-3.63
23108,-9.88,-48.16,-4.07
23138,-14.52,-56.1,-1.65
23145,NA,NA,NA
23173,-13.75,-82.44,-6.67
23195,NA,NA,NA
23196,NA,NA,NA
23203,NA,-88.5,NA
23206,NA,NA,NA
23210,NA,NA,NA
23217,NA,-74.33,2.05
23222,NA,NA,NA
23224,NA,NA,NA
23227,NA,NA,NA
23228,NA,NA,NA
23248,NA,NA,NA
23251,NA,NA,NA
23259,NA,NA,NA
23266,NA,NA,NA
23272,NA,NA,NA
23277,NA,NA,NA
23278,NA,NA,NA
23279,NA,NA,NA
23280,NA,NA,NA
23281,NA,NA,NA
23282,NA,-46.91,8.14
23283,NA,-71.91,-4.46
23284,NA,-73.73,-3.58
23285,NA,-97.64,-8.41
23286,NA,NA,NA
23287,NA,NA,NA
23288,NA,-92.21,-14.02
23289,NA,NA,NA
23290,NA,NA,NA
23291,NA,-78.32,11.51
23292,NA,NA,NA
23293,NA,-39.99,-3.24
23294,NA,NA,NA
23295,NA,NA,NA
23296,NA,NA,NA
23297,NA,NA,NA
23298,NA,-91.05,4.31
23299,NA,-93.39,3.76
23300,NA,-93.54,4.81
23301,NA,-81.44,4.03
23302,NA,NA,NA
23303,NA,-87.94,1.32
23304,NA,NA,NA
23305,NA,NA,NA
23306,NA,NA,NA
23307,NA,NA,NA
23308,NA,NA,NA
23313,NA,NA,NA
23315,NA,NA,NA
23320,NA,-47.57,-4.73
23321,NA,NA,NA
23322,NA,NA,NA
23323,NA,-55.56,-10.46
23324,NA,-57.73,-9.91
23325,NA,-61.59,-9.61
23326,NA,NA,NA
23327,NA,-51.05,-0.9
23332,NA,-31.95,3.67
23338,NA,-69.72,-9.63
23339,NA,NA,NA
23343,NA,NA,NA
23345,NA,NA,NA
23346,NA,NA,NA
23350,NA,NA,NA
23351,-15.44,-49.15,-3.67
23359,NA,NA,NA
23362,NA,-76.1,3.22
23367,NA,NA,NA
23368,NA,NA,NA
23369,NA,NA,NA
23370,NA,NA,NA
23371,NA,NA,NA
23374,NA,-86.59,3.93
23377,NA,NA,-0.75
23378,NA,NA,NA
23380,-17.89,-55.71,-0.55
23381,NA,NA,NA
23383,NA,NA,NA
23385,-16.58,-65.91,3.7
23386,-16.27,-69.27,1.91
23387,-14.31,-40.11,-0.17
23388,NA,-68.23,-2.57
23390,-20.57,-64.12,-2.83
23391,-20.74,-66.2,2.1
23392,-18.69,-58.25,5.76
23393,-19.66,-71.05,6.13
23394,-17.33,-67.83,5.35
23395,-8.8,-68.23,-2.62
23396,NA,NA,NA
23398,-16.23,-58.82,4.91
23399,-10.99,-61.36,-2.73
23400,-20.74,-70.82,4.66
23401,-15.57,-61.91,8.36
23402,-19.55,-69.35,7.19
23403,-12.12,-54.27,0.05
23404,-9.67,-48.37,-3.73
23405,-11.56,-59.64,-2.07
23406,-9.27,-59.15,-6.2
23407,-10.46,-54.41,2.95
23408,-8.72,-59.4,-5.14
23409,-10.46,-64.67,-5.67
23410,-9.55,-54.07,-4.34
23411,-8.83,-52.4,-1.63
23412,-11.59,-64.45,-4.31
23413,-15.4,-59.67,6.86
23414,-16.7,-67.69,1.35
23415,-9.81,-68.91,2.35
23416,-20.49,-66.24,-4.29
23417,-9.85,-72.51,-3.69
23418,-8.09,-61.42,0.89
23419,-12.7,-57.89,3.33
23420,-11.81,-66.36,-6.07
23421,-15.09,-62.25,6.12
23422,-12.57,-67.31,-6.41
23423,-13.9,-65.34,3.66
23424,-9,-64.08,-2.33
23425,2.83,-78.56,-4.69
23426,-12.8,-86.1,-1.17
23428,-18.96,-91.69,2.65
23429,-16.83,-81.08,-4.3
23430,-10.57,-70.67,0.2
23431,-4.17,-67.11,-3.9
23432,-15.7,-67.09,3.02
23433,-10.37,-54.17,2.53
23434,-9.83,-59.33,-0.39
23435,-16.83,-77.63,-4.3
23436,-14.66,-79.05,-3.84
23437,-16.46,-76.54,-1.14
23438,-15.83,-77.75,-4.1
23439,-13.08,-84.26,-3.93
23440,-13.92,-86.22,-1.38
23441,NA,NA,NA
23442,-15.46,-79.38,-2.46
23443,-13.08,-80.82,-2.8
23444,NA,NA,NA
23445,-13.94,-74.32,0.39
23446,-13.96,-70.91,10.62
23447,-15.32,-68.69,10.73
23448,-15.85,-71.27,11.54
23449,-14.59,-67.3,5.5
23450,-14.27,-69.3,6.93
23451,-13.09,-77.98,5.94
23452,-11.09,-60.9,-9.08
23453,-9.83,-62.6,-2.73
23454,-8.96,-68.43,-0.85
23455,-8.64,-58.05,-3.21
23456,-8.91,-59.34,-2.48
23457,-8.91,-63.21,-0.09
23458,-11.27,-61.14,-0.84
23459,-13.73,-56.26,5.92
23460,-10.96,-58.94,-2.57
23461,-8.59,-65.26,3.1
23462,-11,-46.4,1.08
23463,-9.46,-55.94,-4.28
23464,-12.2,-59.42,-2.86
23465,-9.38,-61.78,1.24
23466,-10.06,-59.65,-3.53
23467,-9.61,-58.53,-2.21
23468,-10.11,-62.64,1.16
23469,-9.54,-60.8,1.64
23470,-10.07,-75.3,2.24
23471,-9.92,-64.21,2.46
23472,-9.26,-58.83,-1.23
23473,-9.06,-52.65,-0.97
23474,-11.2,-65.72,0.48
23475,-9.69,-60.5,-2.73
23476,-15.83,-70.22,5.48
23477,-7.49,-58.56,-8.93
23478,-11.54,-61.01,-1.51
23479,-9,-60.22,-3.12
23480,-10.09,-66.45,-1.54
23481,-11.2,-56.15,-6.13
23482,-13.58,-48.39,-0.09
23483,-11.54,-73.02,-8.04
23484,-11.85,-71.55,5.64
23485,-7.91,-59.71,2.27
23486,-9.38,-54.6,2.91
23487,-9.23,-81.18,-9.35
23488,-10.45,-63.47,-1.62
23489,-11.04,-62,-0.41
23490,-9.96,-38.28,0.22
23491,-8.06,-62.16,-4.45
23492,-13.47,-72.26,-5.04
23493,-9.38,-69.04,-7.68
23494,-8.72,-66.2,-1.99
23495,-10.8,-64.79,-1.74
23496,-12.31,-68.81,2.45
23497,-10.28,-53.07,5
23498,-8.8,-48.99,-3.16
23499,-8.49,-56.84,2.42
23500,-12.2,-49.14,-1.15
23501,-14.83,-62.5,-1.36
23502,-9.96,-61.27,-4.14
23503,-14.87,-71.46,-4.51
23504,-12.96,-71.98,-0.64
23505,-10.99,-61.6,0.15
23506,-14.7,-68.94,-4.22
23507,-14.46,-66.75,-6.25
23508,-9.81,-66.73,-5.09
23509,NA,NA,NA
23510,-12.5,-72.81,-1.1
23511,-13.96,-77.58,0.2
23512,-14.54,-70.47,-5.18
23513,-12.96,-80.64,-1.19
23514,-12.57,-67.86,-0.21
23515,-10.43,-57.45,5.15
23516,-9.83,-55.42,-2.06
23517,-11.09,-72.88,0.08
23518,NA,NA,NA
23519,-9.54,-57.94,8.9
23520,-8.81,-51.57,-0.24
23521,-8.45,-54.84,-1.19
23522,-11.45,-75.34,-0.62
23523,-11.06,-52.19,-1.46
23524,-14.46,-49.61,6.21
23525,-14.46,-64.96,-5.44
23526,-11.72,-64.03,-0.59
23527,-11.23,-53.41,1.21
23528,-12.46,-51.48,4.35
23529,-9.38,-62.34,-2.78
23530,-9.54,-60.21,-5.24
23531,-10.96,-67.04,-4.45
23532,-10.65,-68.42,-6.97
23533,-9.64,-62.17,-5.18
23534,-11.54,-73.56,-9.44
23535,-13.2,-74.82,0.87
23536,-15.2,-68.55,-1.19
23537,-10.42,-55.57,-1.95
23538,-9.2,-57.51,7.97
23539,-8.9,-72.4,-3.49
23540,-8.76,-66.55,-4.29
23541,-12.57,-73.01,-3.16
23542,-11.22,-56.05,5.73
23543,-8.09,-50.29,1.49
23544,-10.26,-55.86,4.71
23545,-11.72,-65.78,-1.87
23546,-8.22,-50.52,10.07
23547,-11.09,-42.58,1.61
23548,-11.3,-75.26,5.29
23549,-10.64,-83.25,-1.19
23550,-12.46,-81.71,0.61
23551,-8.86,-64.6,-0.58
23552,-10.22,-69.19,-2.95
23553,-10.58,-55.5,0.57
23554,-8.06,-57,-0.92
23555,-11.83,-76.64,-4.81
23556,-7.17,-56.9,4.05
23557,-10.6,-61.74,1.11
23558,-14.26,-64.96,-2.35
23559,-9.69,-59.21,-3.12
23560,-13.54,-74.89,-5
23561,-14.15,-60.48,-5.59
23562,-9.96,-59.24,-4.11
23563,-9.92,-53.47,-3.13
23564,-10.65,-79.19,-10.38
23565,-11.57,-62.47,-6.59
23566,-9.83,-62.16,-1.39
23567,-12.31,-65.41,-4.04
23568,-13.16,-63.24,-1.45
23569,NA,NA,NA
23570,-13.2,-76.46,1.21
23571,-10.33,-79.94,3.44
23572,-11.55,-83.28,0.36
23573,-11.98,-69.27,5.56
23574,-13.27,-83.4,0.59
23575,-13.27,-82.19,-1.36
23576,-16.04,-73.7,4.08
23577,-8.43,-63.65,-0.46
23578,-6.35,-59.35,-13.89
23579,-13.2,-80.49,-0.7
23580,-11.57,-77.53,-0.07
23581,-11.23,-69.95,0.14
23582,-12.57,-67.35,-6.88
23583,-12.12,-71.99,-2.04
23584,-14.69,-78.37,3.04
23585,-13.94,-76.77,0.22
23586,-15.2,-61.37,5.23
23587,-14.43,-76.4,5.65
23588,-17.04,-82.14,9.14
23589,-13.83,-78.39,-0.69
23590,-14.51,-70.38,5.57
23591,-11.9,-82.03,-0.33
23592,-15.85,-74.38,0.02
23593,-15.85,-77.11,6.55
23594,-12.81,-70.61,3.39
23595,NA,NA,NA
23596,-14,-73.92,5.9
23597,-15.02,-73.1,7.5
23598,-7.46,-60.82,-2.55
23599,-20.5,-68.12,7.35
23600,-16.64,-80.7,2.26
23601,-17.94,-78.68,-2.07
23602,-13.2,-76.09,-6.84
23604,NA,NA,NA
23605,NA,NA,NA
23608,NA,NA,NA
23610,NA,NA,NA
23611,NA,NA,NA
23613,-9.05,-56.67,-4.75
23614,-12,-43.13,-3.66
23616,-10.23,-50.28,-3.27
23618,NA,NA,NA
23619,NA,NA,NA
23620,-2.43,-85.66,-6.99
23621,NA,NA,NA
23622,-6.94,-68.77,0.66
23623,-12.57,-63.03,-4.63
23624,-15.35,-83.11,-3.74
23625,-15.38,-70.6,8.5
23626,-9.11,-56.4,-6.37
23627,-9.46,-65.61,-6.84
23628,-11.61,-58.42,-2.86
23629,-9.77,-58.85,0.57
23630,-9.46,-61.31,-2.65
23631,-11.22,-69.74,-5.38
23632,-14.7,-62.88,-0.72
23633,-14.2,-45.07,0.99
23634,-8.04,-62.14,-3.64
23635,-9.38,-60.23,-0.57
23636,-9.81,-54.03,-2.73
23637,-12.46,-78.84,0.52
23638,-13.57,-78.42,1.26
23639,-13.94,-48.8,-4.77
23640,-15.4,-67,9.13
23641,-10.24,NA,0.67
23642,NA,-37.39,-1.41
23643,-18.02,-55.33,-1.53
23647,NA,NA,NA
23648,-17.62,-88.29,-2.65
23649,-8.44,-70.48,-0.54
23650,-10.55,-71.9,-5.03
23651,-5.87,-53.28,-3.66
23653,-12.52,NA,-1.1
23655,NA,NA,NA
23657,-13.61,-91.16,-1.88
23658,-16.55,-71.54,-2.19
23659,NA,-68.1,-4.79
23660,-11.86,-70.19,-0.39
23661,-12.24,-81.81,2.09
23662,-14.27,-66.02,1.22
23664,-18.18,-82.4,3.53
23665,-12.16,-67.49,-1.97
23666,-9.99,-53.78,10.99
23667,-10.91,-55.21,11.05
23668,-11.55,-34.37,3.74
23669,NA,NA,NA
23670,NA,NA,NA
23671,-13.29,-56.74,4.95
23672,-2.59,-40.27,-3.66
23676,NA,NA,NA
23678,NA,NA,NA
23680,NA,NA,NA
23684,NA,-59.15,5.36
23685,-16.65,-97.78,2.55
23686,-4.73,-79.82,-9.32
23687,-11.54,-81.09,-5.95
23688,-8.74,-94.28,-7.36
23689,-11.88,-76.49,-1.34
23690,-16.43,-82.53,-4.79
23691,-12.98,-77.44,-4.65
23692,-15.3,-82.47,-5.4
23693,-11.98,-72.3,-6.16
23694,-11.19,-80.97,-0.41
23695,-12.29,-79.34,-2.56
23696,-11.21,-80.45,-6.3
23697,-18.21,-92.58,2.21
23698,-14.98,-96.22,-2.23
23699,-15.51,-88.24,-0.71
23700,-12.09,-84.13,-3.26
23701,-13.95,-82.54,7.03
23702,-15.84,-91.47,3.38
23703,-11.85,-53.96,-1.44
23705,-10.74,-61.79,-5.13
23706,-13.64,-60.9,4.85
23707,NA,-80.7,-2.39
23708,NA,-90.92,-2.24
23709,NA,-83.47,-4.19
23710,2.12,-92.3,-7.93
23711,-16.21,-55.65,2.56
23712,-10.73,-58.45,-5.15
23713,-13.45,-72.28,3.11
23714,-11.69,-82.25,-4.99
23715,-8.21,-82.33,-3.15
23716,-8.69,-88.54,-5.36
23717,-10.21,-69.45,-0.17
23718,-10.5,-77.59,-4.94
23719,-13.93,-73.08,-5.9
23720,-9.97,-66.52,-0.91
23721,-9.97,-69.2,-5.77
23722,-16.21,-97.8,-0.93
23723,-17.97,-101.25,-0.87
23724,-17.97,-91.6,-0.93
23725,-16.97,-103.98,1.75
23726,-10.45,-77.72,3.7
23727,-10.21,-69.88,0.38
23728,NA,NA,NA
23729,NA,NA,NA
23730,NA,NA,NA
23731,-8.54,-71.07,-4.07
23732,NA,-105.67,-8.85
23733,NA,-89.68,-5.79
23734,NA,NA,NA
23735,NA,NA,NA
23736,NA,NA,NA
23737,NA,NA,NA
23738,NA,NA,NA
23739,NA,NA,NA
23740,NA,NA,NA
23741,NA,NA,NA
23742,NA,-69.89,0.16
23743,NA,-57.98,-0.28
23744,NA,-86.62,0.19
23745,NA,NA,NA
23746,NA,NA,NA
23747,NA,NA,NA
23748,NA,-78.23,-0.1
23758,NA,NA,NA
23796,NA,NA,NA
23829,NA,NA,NA
23839,NA,NA,NA
23919,NA,NA,NA
23929,NA,-63.79,-9.56
24013,NA,NA,NA
24018,NA,NA,NA
24021,NA,NA,NA
24022,NA,NA,NA
24026,NA,NA,NA
24027,NA,NA,NA
24028,NA,-61.56,6.19
24033,NA,NA,NA
24039,NA,NA,NA
24040,NA,NA,NA
24041,NA,NA,NA
24042,NA,NA,NA
24044,NA,-80.95,8.19
24045,NA,NA,NA
24046,NA,NA,NA
24049,NA,-59.18,3.69
24050,NA,NA,NA
24055,NA,NA,NA
24071,NA,NA,NA
24073,NA,NA,NA
24074,NA,NA,NA
24075,NA,NA,NA
24076,NA,NA,NA
24080,NA,NA,NA
24081,NA,NA,NA
24082,NA,NA,NA
24083,NA,NA,NA
24084,NA,NA,NA
24085,NA,NA,NA
24086,NA,NA,NA
24087,NA,NA,NA
24088,NA,NA,NA
24091,NA,NA,NA
24149,NA,NA,NA
24269,NA,NA,NA
24271,NA,-90.51,-16.12
24272,NA,-92.67,-15.09
24273,NA,-94.26,-14.24
24274,NA,-93.95,-14.46
24275,NA,NA,NA
24279,NA,-88.22,-15.57
24313,NA,-89.88,-17.02
24317,NA,NA,NA
24318,NA,NA,NA
24321,NA,NA,NA
24333,NA,NA,NA
24334,NA,NA,NA
24335,NA,NA,NA
24338,NA,NA,NA
24339,NA,NA,NA
24341,NA,NA,NA
24342,NA,NA,NA
24343,NA,NA,NA
24344,NA,NA,NA
24345,NA,-82.41,-2.91
24346,NA,NA,NA
24347,NA,NA,NA
24348,NA,NA,NA
24349,NA,NA,NA
24350,NA,NA,NA
24351,NA,NA,NA
24352,NA,NA,NA
24353,NA,-80.55,-8.08
24356,NA,NA,NA
24357,NA,NA,NA
24358,NA,-80.03,-5.4
24380,NA,NA,NA
24390,NA,NA,NA
24404,NA,-93.94,-15
24405,NA,NA,NA
24406,NA,NA,NA
24408,NA,NA,NA
24409,NA,-93,-16.43
24416,NA,-73.21,-14.61
27087,NA,NA,NA
27333,NA,NA,NA
27360,NA,NA,NA
502884,NA,NA,NA
502885,NA,NA,NA
502886,NA,NA,NA
502888,NA,NA,NA
502889,NA,NA,NA
502890,NA,NA,NA
502891,NA,NA,NA
502892,NA,NA,NA
502893,NA,NA,NA
502894,NA,NA,NA
502895,NA,NA,NA
502896,NA,NA,NA
502897,NA,NA,NA
502898,NA,NA,NA
502899,NA,NA,NA
506200,NA,NA,NA
506201,NA,NA,NA
506202,NA,NA,NA
506203,NA,NA,NA
506204,NA,NA,NA
506402,NA,-67.35,-8.18
506403,NA,NA,NA
506404,NA,NA,NA
506405,NA,NA,NA
506406,NA,NA,NA
506407,NA,NA,NA
