genotype,days_to_heading_BLUE,plant_height_BLUE
C0100001,NA,NA
C0100002,NA,NA
C0100003,NA,NA
C0100004,NA,NA
C0100005,223.5,87.76
C0100010,NA,NA
C0100011,NA,NA
C0100012,NA,NA
C0100013,NA,NA
C0100014,NA,NA
C0100015,NA,NA
C0100017,NA,NA
C0100018,NA,NA
C0100019,220.62,89.91
C0100021,225.47,80.35
C0100022,NA,NA
C0100023,NA,NA
C0100024,NA,NA
C0100025,NA,NA
C0100026,217.1,81.76
C0100027,NA,NA
C0100028,220.09,83.19
C0100029,220.99,82.84
C0100031,222.93,91.76
C0100032,NA,NA
C0100033,NA,NA
C0100034,221.62,104.41
C0100035,NA,NA
C0100036,NA,NA
C0100037,NA,NA
C0100038,NA,NA
C0100039,NA,NA
C0100040,NA,NA
C0100041,NA,NA
C0100043,NA,NA
C0100044,NA,NA
C0100045,NA,NA
C0100046,NA,NA
C0100048,NA,NA
C0100049,NA,NA
C0100050,NA,NA
C0100051,NA,NA
C0100052,NA,NA
C0100054,NA,NA
C0100055,NA,NA
C0100056,NA,NA
C0100057,NA,NA
C0100058,NA,NA
C0100059,NA,89.18
C0100062,NA,NA
C0100063,NA,NA
C0100064,NA,NA
C0100065,NA,NA
C0100067,NA,NA
C0100068,NA,NA
C0100069,NA,NA
C0100070,NA,NA
C0100071,NA,NA
C0100072,NA,NA
C0100073,NA,NA
C0100074,NA,NA
C0100075,222.68,85.82
C0100076,NA,NA
C0100077,NA,NA
C0100078,NA,NA
C0100079,NA,NA
C0100081,NA,NA
C0100082,NA,NA
C0100083,NA,NA
C0100084,NA,NA
C0100085,NA,NA
C0100086,NA,NA
C0100087,NA,NA
C0100088,NA,NA
C0100089,NA,NA
C0100090,NA,NA
C0100091,NA,NA
C0100093,NA,NA
C0100094,NA,NA
C0100096,NA,NA
C0100098,NA,NA
C0100099,NA,NA
C0100100,NA,NA
C0100101,NA,NA
C0100103,NA,NA
C0100104,NA,NA
C0100105,230.89,94.66
C0100106,230.38,88.77
C0100107,NA,NA
C0100108,NA,NA
C0100109,NA,NA
C0100110,NA,NA
C0100112,NA,NA
C0100113,NA,NA
C0100114,NA,NA
C0100115,NA,NA
C0100116,227.45,90.21
C0100117,NA,NA
C0100118,NA,NA
C0100119,NA,NA
C0100120,NA,NA
C0100121,NA,NA
C0100122,NA,NA
C0100123,NA,NA
C0100124,NA,NA
C0100125,NA,NA
C0100126,NA,77.7
C0100127,NA,NA
C0100128,231.65,79.37
C0100129,227.11,102.86
C0100130,219.83,100.98
C0100131,NA,NA
C0100133,NA,NA
C0100134,NA,NA
C0100135,NA,NA
C0100137,NA,NA
C0100138,221.41,84.01
C0100139,221.85,85.44
C0100140,223.02,81.4
C0100141,224.5,89.46
C0100142,225.46,95.87
C0100143,225.19,87.58
C0100145,223.53,NA
C0100146,NA,NA
C0100147,221.2,87.71
C0100148,NA,NA
C0100149,NA,NA
C0100150,NA,NA
C0100151,218.62,78.48
C0100152,NA,NA
C0100153,NA,NA
C0100154,NA,NA
C0100155,NA,NA
C0100156,NA,NA
C0100157,NA,97.92
C0100158,225.75,89.09
C0100159,NA,NA
C0100160,NA,NA
C0100161,NA,94.21
C0100162,NA,NA
C0100163,NA,NA
C0100164,NA,NA
C0100166,NA,NA
C0100167,NA,NA
C0100168,NA,NA
C0100169,NA,NA
C0100170,NA,NA
C0100171,NA,NA
C0100172,NA,NA
C0100173,NA,NA
C0100174,NA,NA
C0100177,NA,NA
C0100178,NA,NA
C0100179,NA,NA
C0100180,NA,NA
C0100181,NA,NA
C0100183,NA,NA
C0100184,NA,NA
C0100185,221.91,92.56
C0100186,NA,NA
C0100187,NA,NA
C0100188,NA,NA
C0100189,NA,NA
C0100190,NA,NA
C0100191,NA,NA
C0100192,NA,NA
C0100193,NA,NA
C0100194,NA,NA
C0100195,NA,NA
C0100199,NA,NA
C0100201,NA,NA
C0100202,NA,NA
C0100203,NA,NA
C0100204,NA,NA
C0100206,NA,NA
C0100208,225.23,106.65
C0100213,NA,NA
C0100214,NA,NA
C0100215,NA,NA
C0100216,NA,NA
C0100217,NA,NA
C0100218,NA,96.13
C0100219,NA,NA
C0100220,NA,NA
C0100221,NA,67.17
C0100222,NA,NA
C0100223,NA,NA
C0100224,219.09,91.34
C0100225,NA,NA
C0100226,NA,NA
C0100229,NA,NA
C0100230,NA,NA
C0100232,NA,NA
C0100233,NA,89.13
C0100234,NA,NA
C0100235,NA,NA
C0100236,NA,NA
C0100237,NA,NA
C0100239,NA,86
C0100240,225.57,82.17
C0100241,228.75,104.65
C0100244,NA,NA
C0100245,225.54,NA
C0100246,226.35,119.37
C0100248,NA,NA
C0100249,224.01,104.04
C0100250,NA,NA
C0100251,NA,NA
C0100252,NA,NA
C0100255,NA,NA
C0100256,NA,NA
C0100257,NA,NA
C0100258,NA,108.73
C0100259,225.35,110.55
C0100261,NA,82.65
C0100262,220.34,97.59
C0100263,219.5,91.71
C0100264,229.64,99.52
C0100265,229.32,119.3
C0100266,NA,NA
C0100267,NA,NA
C0100268,NA,NA
C0100269,234.09,108.09
C0100272,225.12,NA
C0100274,225.74,99.34
C0100276,NA,NA
C0100277,NA,116.87
C0100280,NA,NA
C0100281,NA,NA
C0100282,NA,NA
C0100283,222.07,102.06
C0100284,234.04,98.44
C0100285,NA,126.52
C0100287,219.24,90.37
C0100288,NA,NA
C0100289,221.85,105.04
C0100290,224.21,100.81
C0100291,NA,NA
C0100292,224.19,100
C0100293,NA,NA
C0100294,223.45,75.63
C0100295,NA,NA
C0100296,NA,NA
C0100298,NA,NA
C0100299,NA,NA
C0100300,225.39,86.22
C0100301,NA,NA
C0100302,NA,NA
C0100303,NA,NA
C0100304,NA,NA
C0100305,NA,NA
C0100307,NA,NA
C0100308,NA,NA
C0100309,NA,NA
C0100310,NA,NA
C0100311,NA,NA
C0100312,NA,NA
C0100313,NA,NA
C0100314,NA,NA
C0100315,NA,NA
C0100316,220.37,93.52
C0100317,NA,NA
C0100318,NA,NA
C0100319,NA,NA
C0100320,NA,NA
C0100321,NA,NA
C0100322,NA,NA
C0100323,NA,NA
C0100324,222.29,82.95
C0100325,224.28,111.48
C0100327,NA,76.35
C0100328,NA,NA
C0100330,NA,NA
C0100331,NA,NA
C0100332,NA,NA
C0100333,NA,NA
C0100334,NA,NA
C0100335,NA,NA
C0100337,NA,NA
C0100338,229.67,97.77
C0100339,NA,NA
C0100340,NA,NA
C0100341,221.78,90.21
C0100342,NA,NA
C0100344,230.57,78.16
C0100345,216.58,91.06
C0100346,NA,NA
C0100347,219.48,89.8
C0100348,NA,NA
C0100349,NA,NA
C0100351,NA,NA
C0100352,NA,NA
C0100353,NA,NA
C0100354,NA,NA
C0100355,NA,NA
C0100356,NA,NA
C0100357,NA,NA
C0100358,NA,NA
C0100359,NA,NA
C0100360,NA,NA
C0100361,NA,NA
C0100362,NA,NA
C0100363,NA,NA
C0100364,NA,NA
C0100365,NA,NA
C0100366,NA,NA
C0100367,NA,NA
C0100368,NA,87.08
C0100369,NA,NA
C0100370,NA,82.03
C0100371,NA,NA
C0100372,NA,NA
C0100373,NA,NA
C0100374,NA,NA
C0100375,NA,99.07
C0100376,NA,NA
C0100377,229.4,96.62
C0100378,NA,NA
C0100379,NA,NA
C0100380,NA,NA
C0100381,233.29,78.42
C0100382,NA,NA
C0100384,NA,NA
C0100386,NA,NA
C0100388,NA,NA
C0100389,NA,NA
C0100390,NA,NA
C0100391,NA,NA
C0100392,NA,NA
C0100393,NA,119.16
C0100394,NA,NA
C0100395,NA,NA
C0100396,221.52,106.13
C0100397,NA,NA
C0100398,NA,NA
C0100399,NA,NA
C0100401,NA,NA
C0100402,NA,NA
C0100403,226.72,91.32
C0100404,NA,NA
C0100405,NA,NA
C0100406,NA,NA
C0100407,NA,NA
C0100409,NA,NA
C0100410,NA,NA
C0100411,220.45,93.41
C0100412,NA,NA
C0100413,NA,NA
C0100414,NA,NA
C0100415,NA,NA
C0100418,NA,NA
C0100420,NA,NA
C0100421,NA,NA
C0100422,222.74,82.38
C0100423,NA,NA
C0100424,NA,NA
C0100425,NA,NA
C0100426,NA,NA
C0100427,220.69,76.71
C0100428,NA,NA
C0100429,NA,NA
C0100431,NA,NA
C0100432,NA,NA
C0100433,NA,NA
C0100434,NA,NA
C0100435,NA,NA
C0100436,NA,NA
C0100437,NA,NA
C0100438,NA,NA
C0100439,NA,NA
C0100440,NA,NA
C0100441,NA,NA
C0100442,NA,NA
C0100443,NA,NA
C0100444,NA,NA
C0100445,NA,NA
C0100446,NA,NA
C0100447,NA,NA
C0100448,NA,NA
C0100449,NA,NA
C0100450,NA,NA
C0100451,NA,NA
C0100453,NA,NA
C0100454,NA,NA
C0100455,NA,NA
C0100458,NA,NA
C0100460,NA,NA
C0100461,NA,NA
C0100462,NA,NA
C0100463,NA,NA
C0100464,NA,NA
C0100466,NA,NA
C0100467,NA,NA
C0100469,NA,NA
C0100470,NA,NA
C0100471,NA,NA
C0100472,NA,NA
C0100475,NA,NA
C0100476,NA,NA
C0100477,NA,NA
C0100478,NA,NA
C0100479,NA,NA
C0100480,NA,NA
C0100481,NA,NA
C0100482,NA,NA
C0100483,NA,NA
C0100484,NA,82
C0100485,NA,NA
C0100486,NA,95.96
C0100487,NA,NA
C0100488,NA,77.13
C0100490,NA,NA
C0100491,NA,NA
C0100492,NA,NA
C0100493,NA,NA
C0100494,NA,NA
C0100495,NA,NA
C0100496,NA,NA
C0100497,NA,NA
C0100498,NA,93.43
C0100499,NA,NA
C0100500,NA,NA
C0100501,NA,NA
C0100502,NA,NA
C0100503,NA,NA
C0100504,NA,NA
C0100505,NA,NA
C0100506,NA,NA
C0100507,NA,99.76
C0100508,NA,NA
C0100509,NA,NA
C0100510,NA,NA
C0100511,NA,NA
C0100512,NA,NA
C0100513,221.66,87.87
C0100514,NA,NA
C0100515,NA,NA
C0100516,NA,NA
C0100517,NA,NA
C0100519,228.28,NA
C0100520,NA,NA
C0100521,NA,NA
C0100522,NA,110.98
C0100523,NA,NA
C0100524,NA,NA
C0100525,NA,NA
C0100526,NA,104.32
C0100527,NA,97.5
C0100528,NA,NA
C0100531,NA,NA
C0100532,NA,NA
C0100533,NA,72.52
C0100534,223.23,84.2
C0100536,NA,NA
C0100537,NA,NA
C0100538,NA,NA
C0100542,NA,NA
C0100544,219.52,NA
C0100545,NA,NA
C0100546,NA,NA
C0100547,NA,NA
C0100548,NA,NA
C0100549,NA,65.36
C0100550,231.32,98.21
C0100551,NA,NA
C0100552,NA,NA
C0100553,NA,NA
C0100554,NA,91.66
C0100555,NA,NA
C0100556,NA,NA
C0100557,NA,NA
C0100558,NA,NA
C0100559,NA,NA
C0100560,NA,NA
C0100561,NA,NA
C0100562,NA,NA
C0100563,NA,NA
C0100564,NA,NA
C0100565,NA,NA
C0100567,NA,NA
C0100568,NA,NA
C0100569,NA,NA
C0100570,NA,NA
C0100571,NA,NA
C0100572,223.16,97.64
C0100573,NA,NA
C0100574,NA,NA
C0100575,NA,NA
C0100576,NA,NA
C0100577,NA,NA
C0100578,NA,NA
C0100579,NA,NA
C0100580,NA,NA
C0100582,NA,NA
C0100583,NA,NA
C0100584,219.59,NA
C0100586,NA,NA
C0100587,NA,NA
C0100588,221.11,98.08
C0100589,NA,97.06
C0100590,NA,NA
C0100591,NA,NA
C0100592,NA,NA
C0100593,NA,NA
C0100594,NA,NA
C0100595,NA,NA
C0100596,NA,NA
C0100597,NA,NA
C0100598,NA,NA
C0100599,NA,NA
C0100600,NA,NA
C0100601,NA,NA
C0100602,NA,NA
C0100603,NA,NA
C0100605,NA,NA
C0100606,NA,94.28
C0100607,NA,NA
C0100608,NA,NA
C0100609,NA,73.96
C0100610,NA,NA
C0100611,NA,77.87
C0100612,NA,NA
C0100613,NA,NA
C0100614,NA,NA
C0100615,NA,NA
C0100616,NA,NA
C0100617,NA,NA
C0100618,NA,NA
C0100620,NA,NA
C0100621,NA,NA
C0100622,NA,NA
C0100624,NA,NA
C0100625,NA,83.55
C0100626,NA,NA
C0100627,NA,97.86
C0100628,NA,NA
C0100629,NA,NA
C0100630,NA,NA
C0100631,NA,NA
C0100632,NA,NA
C0100633,NA,NA
C0100634,NA,NA
C0100635,NA,NA
C0100636,NA,NA
C0100637,NA,NA
C0100638,NA,83.68
C0100639,NA,NA
C0100641,NA,NA
C0100642,NA,NA
C0100643,NA,NA
C0100644,NA,NA
C0100645,NA,NA
C0100646,NA,NA
C0100647,NA,NA
C0100648,NA,NA
C0100649,NA,NA
C0100650,NA,NA
C0100651,NA,NA
C0100652,NA,NA
C0100653,NA,NA
C0100654,NA,NA
C0100655,NA,NA
C0100656,NA,NA
C0100657,NA,NA
C0100658,NA,NA
C0100659,NA,NA
C0100660,NA,116.94
C0100661,NA,NA
C0100662,NA,NA
C0100665,NA,NA
C0100669,NA,NA
C0100671,NA,NA
C0100672,NA,NA
C0100673,NA,NA
C0100674,NA,NA
C0100675,NA,NA
C0100676,NA,NA
C0100678,NA,NA
C0100679,NA,NA
C0100680,NA,NA
C0100681,NA,118.93
C0100682,NA,121.53
C0100683,NA,93.38
C0100684,NA,NA
C0100685,NA,NA
C0100686,NA,95.04
C0100687,231.45,107.02
C0100688,NA,96.16
C0100689,NA,NA
C0100690,NA,93.13
C0100691,228.94,96.79
C0100692,225.45,114.4
C0100693,221.9,NA
C0100694,NA,94.73
C0100695,NA,NA
C0100696,NA,91.77
C0100697,NA,95.66
C0100698,228.45,90.1
C0100699,NA,NA
C0100700,NA,104.99
C0100701,NA,NA
C0100702,229.73,86.59
C0100703,NA,122.07
C0100704,NA,106.04
C0100705,NA,NA
C0100706,NA,NA
C0100707,220.45,89.14
C0100708,NA,94.36
C0100709,NA,NA
C0100710,224.05,105.8
C0100711,223.04,98.09
C0100712,NA,NA
C0100713,NA,NA
C0100714,NA,NA
C0100715,221.85,89.44
C0100716,NA,85.51
C0100717,NA,NA
C0100718,NA,103.55
C0100719,NA,115.65
C0100720,NA,107.64
C0100721,NA,79.24
C0100722,NA,NA
C0100723,NA,83.67
C0100724,NA,84.98
C0100725,NA,91.72
C0100726,NA,75.48
C0100727,NA,94.67
C0100728,219.45,NA
C0100729,NA,86.92
C0100730,NA,NA
C0100731,NA,81.43
C0100732,NA,69.39
C0100733,NA,124.45
C0100734,NA,76.4
C0100735,NA,91.11
C0100736,NA,73.06
C0100737,NA,NA
C0100738,NA,NA
C0100739,NA,NA
C0100740,NA,NA
C0100742,NA,NA
C0100743,NA,NA
C0100744,NA,NA
C0100745,NA,NA
C0100746,NA,97.42
C0100747,NA,91.26
C0100749,NA,NA
C0100750,NA,NA
C0100751,225.05,88.45
C0100752,NA,100.85
C0100753,NA,NA
C0100754,NA,NA
C0100755,NA,NA
C0100756,NA,NA
C0100757,NA,87.5
C0100758,NA,NA
C0100759,NA,96.16
C0100760,NA,NA
C0100761,NA,NA
C0100762,NA,NA
C0100763,NA,NA
C0100764,NA,78.83
C0100765,NA,100.96
C0100766,NA,NA
C0100767,NA,91.33
C0100768,NA,NA
C0100769,NA,83.91
C0100770,NA,111.21
C0100771,NA,74.29
C0100772,NA,94.09
C0100773,NA,NA
C0100774,NA,NA
C0100775,NA,79.11
C0100776,NA,88.61
C0100777,NA,77.21
C0100778,NA,NA
C0100779,NA,93.94
C0100780,NA,NA
C0100781,NA,NA
C0100782,NA,94.77
C0100783,NA,NA
C0100784,NA,105.3
C0100785,NA,NA
C0100786,NA,NA
C0100787,NA,NA
C0100788,NA,NA
C0100789,NA,NA
C0100790,NA,NA
C0100791,NA,NA
C0100792,NA,NA
C0100793,NA,NA
C0100794,NA,NA
C0100795,NA,NA
C0100796,NA,82.58
C0100797,NA,87.53
C0100798,NA,88.63
C0100799,NA,72.5
C0100800,NA,88.86
C0100802,NA,90.09
C0100803,NA,NA
C0100804,NA,86.94
C0100806,NA,NA
C0100807,NA,85.35
C0100808,NA,100.62
C0100809,NA,NA
C0100810,NA,NA
C0100811,NA,NA
C0100812,NA,NA
C0100813,NA,NA
C0100814,NA,102.21
C0100815,NA,NA
C0100816,NA,109.29
C0100817,NA,NA
C0100818,NA,NA
C0100819,NA,NA
C0100820,NA,NA
C0100821,NA,NA
C0100822,NA,NA
C0100823,NA,75.73
C0100824,NA,106.05
C0100825,NA,NA
C0100826,NA,79.17
C0100827,NA,89.64
C0100828,NA,NA
C0100829,NA,NA
C0100830,NA,65.04
C0100831,NA,NA
C0100832,NA,NA
C0100833,NA,NA
C0100834,NA,87.95
C0100835,NA,90.38
C0100836,NA,NA
C0100837,223.22,86.13
C0100838,NA,NA
C0100839,NA,90.79
C0100840,NA,87.34
C0100841,NA,NA
C0100842,NA,NA
C0100843,NA,NA
C0100844,NA,NA
C0100845,NA,NA
C0100846,NA,NA
C0100847,NA,NA
C0100848,NA,NA
C0100849,NA,NA
C0100851,NA,99.62
C0100852,NA,NA
C0100853,NA,NA
C0100854,NA,NA
C0100855,NA,NA
C0100856,NA,99.48
C0100857,NA,89.21
C0100858,227.45,98.11
C0100859,NA,84.46
C0100860,NA,71.76
C0100861,NA,81.46
C0100862,NA,NA
C0100863,NA,91.31
C0100864,NA,NA
C0100865,NA,NA
C0100867,NA,NA
C0100868,NA,NA
C0100869,NA,NA
C0100870,NA,NA
C0100871,NA,NA
C0100872,NA,NA
C0100873,NA,93.42
C0100874,NA,NA
C0100875,NA,NA
C0100876,NA,NA
C0100877,NA,112.06
C0100878,NA,NA
C0100879,NA,NA
C0100882,NA,NA
C0100883,NA,NA
C0100884,NA,NA
C0100885,NA,NA
C0100886,NA,76.27
C0100887,NA,NA
C0100888,NA,NA
C0100889,NA,97.7
C0100890,NA,92.88
C0100891,NA,99.43
C0100892,NA,NA
C0100893,NA,100.48
C0100894,NA,NA
C0100895,NA,NA
C0100896,NA,NA
C0100898,NA,NA
C0100899,NA,66.96
C0100900,NA,87.52
C0100901,NA,NA
C0100902,NA,NA
C0100903,NA,85.75
C0100904,NA,95.59
C0100905,NA,99.96
C0100906,NA,88.8
C0100907,NA,82.87
C0100908,NA,72.04
C0100909,NA,73.04
C0100910,NA,82.86
C0100911,NA,NA
C0100912,NA,73.28
C0100913,NA,NA
C0100914,NA,NA
C0100915,NA,82.33
C0100916,NA,82.68
C0100917,NA,NA
C0100918,NA,79.41
C0100920,NA,NA
C0100921,NA,79.81
C0100923,NA,95.65
C0100924,NA,110.86
C0100925,NA,NA
C0100926,NA,90.47
C0100927,NA,101.75
C0100928,NA,NA
C0100929,NA,91.5
C0100930,NA,NA
C0100931,NA,NA
C0100932,NA,NA
C0100933,NA,NA
C0100934,NA,76.63
C0100935,NA,NA
C0100937,NA,NA
C0100938,NA,NA
C0100939,NA,NA
C0100940,NA,NA
C0100941,NA,NA
C0100942,NA,NA
C0100943,NA,NA
C0100944,NA,NA
C0100945,NA,NA
C0100946,NA,NA
C0100948,NA,92.14
C0100950,NA,103.79
C0100951,NA,NA
C0100952,NA,82.38
C0100953,NA,NA
C0100954,NA,NA
C0100956,NA,NA
C0100957,NA,NA
C0100959,NA,100.86
C0100960,231.74,124.56
C0100962,NA,NA
C0100963,NA,NA
C0100965,224.28,90.19
C0100966,225.57,93.57
C0100968,NA,NA
C0100969,220.23,93.08
C0100970,NA,NA
C0100971,NA,NA
C0100972,NA,NA
C0100973,NA,NA
C0100974,NA,NA
C0100975,NA,NA
C0100976,NA,NA
C0100977,NA,NA
C0100980,NA,NA
C0100981,NA,82.54
C0100982,NA,NA
C0100983,NA,NA
C0100984,NA,NA
C0100985,NA,NA
C0100986,NA,NA
C0100987,NA,NA
C0100988,NA,NA
C0100989,NA,NA
C0100990,NA,NA
C0100991,NA,NA
C0100992,NA,NA
C0100994,NA,NA
C0100995,NA,NA
C0100996,NA,NA
C0100997,NA,NA
C0100998,NA,NA
C0100999,NA,NA
C0101000,NA,NA
C0101001,NA,118.89
C0101002,222.4,86.08
C0101003,218.92,85.18
C0101004,NA,NA
C0101006,223.29,80.31
C0101007,NA,NA
C0101008,NA,NA
C0101010,NA,NA
C0101011,NA,NA
C0101012,NA,NA
C0101013,NA,NA
C0101014,NA,NA
C0101015,NA,NA
C0101016,NA,NA
C0101017,NA,99.29
C0101018,NA,107.49
C0101019,NA,NA
C0101020,NA,NA
C0101021,NA,NA
C0101022,NA,NA
C0101023,NA,NA
C0101024,NA,NA
C0101025,NA,NA
C0101026,226.25,70.76
C0101027,NA,NA
C0101028,NA,NA
C0101030,NA,NA
C0101031,232.05,81.05
C0101032,NA,NA
C0101033,NA,NA
C0101034,225.81,97.38
C0101035,NA,NA
C0101036,NA,NA
C0101037,NA,NA
C0101038,NA,NA
C0101039,NA,NA
C0101040,NA,NA
C0101041,NA,NA
C0101042,NA,NA
C0101043,NA,NA
C0101044,NA,NA
C0101045,222,96.36
C0101046,NA,NA
C0101047,NA,83.28
C0101049,NA,NA
C0101050,NA,NA
C0101051,NA,NA
C0101052,NA,NA
C0101053,NA,NA
C0101054,NA,NA
C0101055,NA,NA
C0101056,NA,NA
C0101057,NA,NA
C0101058,NA,NA
C0101059,NA,NA
C0101060,NA,NA
C0101061,NA,NA
C0101062,NA,NA
C0101063,NA,NA
C0101064,NA,NA
C0101065,NA,NA
C0101066,NA,NA
C0101067,NA,NA
C0101068,NA,NA
C0101069,NA,NA
C0101070,NA,NA
C0101071,NA,60.52
C0101072,NA,NA
C0101073,NA,NA
C0101074,NA,NA
C0101075,NA,NA
C0101076,NA,NA
C0101077,NA,NA
C0101078,NA,NA
C0101079,NA,NA
C0101080,NA,NA
C0101081,NA,NA
C0101082,NA,NA
C0101083,NA,NA
C0101084,NA,NA
C0101085,NA,NA
C0101086,NA,NA
C0101087,NA,NA
C0101088,NA,NA
C0101089,NA,NA
C0101090,NA,84.46
C0101091,NA,NA
C0101092,NA,NA
C0101093,NA,NA
C0101094,NA,NA
C0101095,NA,NA
C0101096,NA,NA
C0101097,NA,NA
C0101098,NA,NA
C0101099,NA,NA
C0101100,NA,NA
C0101101,NA,NA
C0101102,NA,NA
C0101103,NA,93.88
C0101104,NA,NA
C0101105,NA,NA
C0101106,NA,NA
C0101107,NA,NA
C0101108,NA,NA
C0101109,NA,NA
C0101110,NA,NA
C0101111,NA,NA
C0101112,NA,NA
C0101113,NA,NA
C0101114,NA,NA
C0101115,NA,NA
C0101117,NA,NA
C0101118,225.19,89.64
C0101119,NA,NA
C0101120,NA,NA
C0101121,NA,NA
C0101122,NA,NA
C0101123,NA,NA
C0101124,NA,NA
C0101125,NA,NA
C0101126,NA,NA
C0101127,NA,NA
C0101128,NA,NA
C0101129,NA,NA
C0101130,NA,NA
C0101131,NA,NA
C0101132,NA,NA
C0101133,NA,NA
C0101134,NA,NA
C0101135,NA,NA
C0101136,NA,NA
C0101137,NA,NA
C0101138,NA,NA
C0101139,NA,NA
C0101140,NA,NA
C0101141,NA,NA
C0101142,NA,NA
C0101143,NA,NA
C0101144,NA,NA
C0101145,NA,NA
C0101146,NA,NA
C0101147,NA,NA
C0101148,NA,NA
C0101149,NA,NA
C0101150,NA,NA
C0101151,NA,NA
C0101152,NA,NA
C0101153,NA,NA
C0101154,NA,NA
C0101155,NA,NA
C0101156,NA,NA
C0101157,223.49,85.96
C0101158,231.4,97.29
C0101159,228.48,87.07
C0101160,NA,NA
C0101161,NA,NA
C0101162,219.4,117.09
C0101163,NA,NA
C0101164,224.62,88.16
C0101165,222.84,88.16
C0101166,224.61,90.25
C0101167,221.14,79.32
C0101168,225.9,102.37
C0101169,223.17,104.55
C0101170,225.25,82.65
C0101171,NA,NA
C0101172,223.76,90.6
C0101173,225.57,81.05
C0101174,218.48,95.51
C0101175,228.67,81.52
C0101176,NA,85.96
C0101177,221.43,90.34
C0101178,227.44,79.17
C0101179,222.51,91.98
C0101180,222.18,77.2
C0101181,NA,NA
C0101182,NA,NA
C0101183,NA,NA
C0101184,NA,NA
C0101185,222.66,96.65
C0101186,222.99,87.35
C0101188,NA,NA
C0101189,224.26,92.26
C0101190,NA,NA
C0101191,221.97,101.23
C0101192,NA,82.57
C0101193,224.94,80.87
C0101194,224.24,106.65
C0101195,220.14,95.46
C0101196,218.05,94.29
C0101197,NA,NA
C0101198,NA,NA
C0101199,NA,NA
C0101200,NA,NA
C0101201,220.48,83.13
C0101202,NA,NA
C0101203,NA,NA
C0101204,NA,NA
C0101205,240.05,119.35
C0101206,226.85,98.57
C0101207,NA,NA
C0101208,NA,NA
C0101209,NA,NA
C0101210,NA,NA
C0101211,NA,NA
C0101212,227.73,89.43
C0101213,NA,NA
C0101214,220.52,96.78
C0101215,NA,NA
C0101216,229.97,101.4
C0101217,222.07,92.87
C0101218,NA,NA
C0101219,228.75,96.87
C0101220,NA,NA
C0101221,NA,NA
C0101222,233.13,83.78
C0101223,230.19,104.15
C0101224,228.2,101
C0101225,NA,NA
C0101226,NA,NA
C0101227,NA,NA
C0101229,NA,NA
C0101230,NA,NA
C0101231,NA,NA
C0101232,NA,NA
C0101233,NA,NA
C0101234,NA,NA
C0101235,NA,NA
C0101236,NA,NA
C0101237,NA,NA
C0101238,NA,NA
C0101239,NA,NA
C0101240,NA,NA
C0101241,NA,NA
C0101242,NA,NA
C0101243,NA,NA
C0101244,NA,NA
C0101245,NA,NA
C0101246,NA,NA
C0101248,NA,NA
C0101249,NA,NA
C0101250,225.19,113.1
C0101251,232.04,97.26
C0101252,NA,NA
C0101253,NA,NA
C0101254,230.38,88.43
C0101255,NA,NA
C0101256,NA,NA
C0101257,NA,NA
C0101258,NA,NA
C0101259,NA,NA
C0101260,NA,NA
C0101261,NA,NA
C0101262,NA,NA
C0101263,NA,NA
C0101264,NA,NA
C0101265,NA,NA
C0101266,NA,95.8
C0101268,NA,NA
C0101269,NA,NA
C0101270,NA,NA
C0101271,NA,NA
C0101272,NA,NA
C0101273,NA,NA
C0101274,NA,NA
C0101276,NA,NA
C0101277,NA,NA
C0101278,NA,NA
C0101279,NA,NA
C0101280,NA,NA
C0101281,NA,NA
C0101282,NA,NA
C0101283,NA,NA
C0101284,NA,NA
C0101285,NA,NA
C0101286,NA,NA
C0101287,NA,NA
C0101288,NA,NA
C0101289,NA,NA
C0101290,228.86,84.77
C0101291,NA,NA
C0101292,230.31,82.1
C0101293,228.54,91.09
C0101294,NA,82.09
C0101295,NA,NA
C0101296,NA,NA
C0101297,NA,NA
C0101298,NA,NA
C0101299,NA,NA
C0101301,NA,NA
C0101302,238.59,121.29
C0101303,221.78,81.98
C0101304,225.38,93.03
C0101305,227.44,89.07
C0101306,NA,NA
C0101308,NA,85.94
C0101309,NA,90.79
C0101310,NA,90.54
C0101311,NA,77.79
C0101312,NA,89.29
C0101313,NA,77.15
C0101314,NA,NA
C0101315,NA,78.79
C0101316,NA,79.54
C0101317,NA,NA
C0101318,NA,NA
C0101319,NA,88.29
C0101320,NA,88.2
C0101321,NA,81.91
C0101322,NA,NA
C0101323,NA,85.13
C0101324,NA,77.57
C0101325,NA,85.75
C0101326,NA,78.04
C0101327,NA,84.8
C0101328,NA,NA
C0101329,NA,88.53
C0101330,NA,87.29
C0101331,NA,94.04
C0101332,NA,80.04
C0101333,NA,83.29
C0101334,NA,81.29
C0101335,NA,73.79
C0101336,NA,NA
C0101337,222.94,83.89
C0101338,NA,91.54
C0101339,228.65,96.87
C0101340,NA,78.29
C0101341,NA,NA
C0101342,NA,NA
C0101343,222.03,100.96
C0101344,NA,78.54
C0101345,NA,89.79
C0101346,223.44,100.21
C0101347,NA,92.29
C0101348,223.68,93.35
C0101349,223.68,102.25
C0101350,229.28,94.88
C0101351,NA,86.82
C0101352,222.91,103.63
C0101353,221.95,91.24
C0101354,229.04,93.93
C0101355,227.83,98.71
C0101356,221.99,100.55
C0101357,NA,NA
C0101358,224.91,125.01
C0101359,226.61,98.12
C0101360,223.08,82.2
C0101361,NA,NA
C0101362,NA,NA
C0101363,228.91,77.76
C0101364,NA,NA
C0101365,228.14,87.97
C0101366,228.91,63.59
C0101367,NA,NA
C0101368,NA,NA
C0101369,NA,86.04
C0101370,NA,101.29
C0101371,NA,77.29
C0101373,NA,NA
C0101374,224.83,110.1
C0101375,223.83,106.16
C0101376,224.21,108.4
C0101377,NA,NA
C0101378,NA,93.54
C0101379,NA,NA
C0101380,NA,NA
C0101381,NA,NA
C0101382,NA,NA
C0101383,NA,NA
C0101384,223.65,91.67
C0101385,221.79,81.48
C0101386,NA,NA
C0101387,224.72,89.28
C0101388,NA,85.54
C0101389,NA,NA
C0101390,NA,NA
C0101391,NA,NA
C0101392,NA,NA
C0101393,NA,104.79
C0101394,226.6,93.35
C0101395,NA,83.04
C0101396,NA,NA
C0101397,225.01,85.71
C0101398,227.74,94.41
C0101399,NA,NA
C0101400,222.29,104.12
C0101401,225.37,100.65
C0101402,223.29,94.99
C0101403,224.45,95.42
C0101404,NA,95.29
C0101405,NA,86.04
C0101406,227.45,100.37
C0101407,NA,74.29
C0101408,NA,NA
C0101409,NA,82.79
C0101410,223.68,88.74
C0101411,NA,NA
C0101412,NA,NA
C0101413,NA,75.29
C0101414,NA,NA
C0101415,NA,NA
C0101416,NA,76.54
C0101417,NA,NA
C0101418,NA,85.16
C0101419,NA,NA
C0101420,NA,NA
C0101421,NA,84.95
C0101422,NA,100.16
C0101423,221.95,104.37
C0101424,NA,NA
C0101425,NA,89.32
C0101426,NA,NA
C0101427,NA,NA
C0101428,NA,NA
C0101429,NA,95.56
C0101430,NA,NA
C0101431,NA,NA
C0101432,NA,96.02
C0101433,NA,89.09
C0101434,NA,110.29
C0101435,NA,97.7
C0101436,NA,NA
C0101437,NA,NA
C0101438,NA,NA
C0101439,NA,NA
C0101440,NA,NA
C0101441,NA,NA
C0101442,NA,NA
C0101443,NA,NA
C0101444,NA,NA
C0101447,230.77,80.5
C0101448,NA,99.06
C0101449,NA,NA
C0101450,NA,NA
C0101451,NA,92.94
C0101452,NA,106.43
C0101453,NA,NA
C0101454,NA,NA
C0101455,NA,NA
C0101456,NA,NA
C0101457,NA,NA
C0101458,NA,NA
C0101459,NA,NA
C0101460,NA,NA
C0101461,NA,NA
C0101462,NA,90.37
C0101463,NA,NA
C0101464,227.17,101.77
C0101465,227.45,94.32
C0101466,NA,NA
C0101467,NA,84.72
C0101468,NA,NA
C0101469,NA,NA
C0101470,221.25,94.51
C0101471,229.77,101.85
C0101472,220.25,79.52
C0101473,220.81,89.95
C0101474,NA,83.17
C0101475,NA,NA
C0101476,NA,NA
C0101477,NA,73.6
C0101478,NA,NA
C0101479,NA,NA
C0101480,NA,NA
C0101481,NA,NA
C0101482,NA,NA
C0101483,NA,NA
C0101484,NA,NA
C0101485,NA,NA
C0101486,NA,NA
C0101487,NA,NA
C0101488,NA,NA
C0101489,NA,NA
C0101490,NA,NA
C0101494,NA,NA
C0101495,NA,NA
C0101496,224.14,101.26
C0101497,NA,NA
C0101498,NA,NA
C0101499,NA,NA
C0101500,NA,NA
C0101501,222.24,78.75
C0101502,219.51,65.49
C0101503,NA,NA
C0101504,NA,NA
C0101505,233.31,90.83
C0101506,NA,NA
C0101507,NA,NA
C0101508,230.03,89.1
C0101509,229.77,80.98
C0101510,224.25,89.91
C0101512,230.03,86.31
C0101513,224.44,93.29
C0101514,NA,NA
C0101516,225.44,110.07
C0101517,NA,NA
C0101518,NA,NA
C0101521,NA,NA
C0101522,NA,NA
C0101523,232.08,71.65
C0101524,NA,NA
C0101525,NA,NA
C0101526,NA,NA
C0101527,NA,NA
C0101528,NA,NA
C0101529,NA,NA
C0101530,NA,NA
C0101531,NA,NA
C0101532,NA,NA
C0101533,NA,NA
C0101534,229.19,94.1
C0101535,226.51,100.95
C0101536,228.61,72.55
C0101537,NA,NA
C0101538,NA,NA
C0101539,NA,NA
C0101540,NA,NA
C0101542,NA,NA
C0101545,NA,NA
C0101548,NA,NA
C0101550,222.44,76.72
C0101551,NA,NA
C0101552,NA,NA
C0101553,222.33,88.18
C0101554,NA,NA
C0101555,NA,NA
C0101556,NA,NA
C0101557,NA,NA
C0101559,NA,NA
C0101560,NA,NA
C0101561,NA,NA
C0101562,NA,NA
C0101563,NA,NA
C0101564,232.09,NA
C0101565,229.15,94.43
C0101566,227.4,87.22
C0101567,222.02,92.31
C0101568,228.21,91.8
C0101569,227.15,92.47
C0101570,224.77,99.1
C0101571,NA,NA
C0101572,NA,NA
C0101573,NA,NA
C0101574,NA,NA
C0101575,NA,NA
C0101576,NA,NA
C0101577,NA,NA
C0101578,NA,NA
C0101579,NA,NA
C0101580,NA,NA
C0101581,NA,NA
C0101582,NA,NA
C0101583,NA,NA
C0101584,221.84,111.14
C0101585,NA,NA
C0101586,NA,NA
C0101587,227.68,99.59
C0101588,NA,83.79
C0101589,NA,NA
C0101590,NA,NA
C0101591,NA,NA
C0101592,224.45,108.51
C0101593,225.38,120.6
C0101594,NA,NA
C0101595,223.73,118.23
C0101596,227.42,83.42
C0101597,NA,NA
C0101598,NA,NA
C0101599,221.7,89.5
C0101600,NA,NA
C0101601,NA,NA
C0101602,NA,NA
C0101603,NA,101.97
C0101604,NA,NA
C0101605,NA,88.54
C0101606,NA,NA
C0101607,230.4,NA
C0101608,222.78,85.17
C0101609,NA,80.04
C0101610,NA,86.54
C0101611,NA,NA
C0101612,NA,72.04
C0101613,NA,NA
C0101614,NA,NA
C0101615,NA,NA
C0101616,NA,NA
C0101617,NA,NA
C0101618,NA,82.2
C0101619,NA,NA
C0101620,NA,NA
C0101621,NA,NA
C0101622,NA,NA
C0101623,NA,NA
C0101624,NA,75.33
C0101625,227.36,82.2
C0101626,NA,NA
C0101627,NA,NA
C0101628,NA,NA
C0101629,221.51,98.98
C0101631,NA,NA
C0101632,NA,81.79
C0101633,NA,NA
C0101634,NA,NA
C0101635,NA,NA
C0101636,220.53,80.86
C0101637,212.45,92.33
C0101638,217.77,82.18
C0101639,230.54,104.69
C0101640,NA,NA
C0101641,216.61,80.32
C0101642,NA,NA
C0101643,NA,NA
C0101644,NA,NA
C0101645,NA,NA
C0101646,NA,NA
C0101647,223.58,95.17
C0101648,NA,NA
C0101649,NA,NA
C0101650,NA,NA
C0101651,NA,NA
C0101653,NA,NA
C0101654,NA,91.86
C0101655,NA,78.58
C0101656,215.45,97.23
C0101657,218.45,73.93
C0101658,NA,72.86
C0101659,NA,NA
C0101660,NA,88.33
C0101661,NA,NA
C0101662,NA,82.64
C0101663,222.77,90.38
C0101664,NA,NA
C0101665,225.88,91.33
C0101666,220.82,89.19
C0101667,NA,NA
C0101668,212.61,84.89
C0101669,NA,NA
C0101671,NA,NA
C0101673,NA,NA
C0101675,225.45,NA
C0101676,NA,NA
C0101677,NA,NA
C0101678,NA,96.74
C0101679,NA,NA
C0101680,NA,NA
C0101681,NA,NA
C0101682,NA,NA
C0101683,NA,NA
C0101684,NA,NA
C0101685,NA,NA
C0101686,NA,NA
C0101687,NA,NA
C0101688,NA,NA
C0101689,NA,NA
C0101690,NA,NA
C0101691,NA,73.41
C0101692,NA,NA
C0101693,NA,NA
C0101694,NA,NA
C0101695,NA,NA
C0101696,229.26,104.31
C0101697,NA,NA
C0101698,NA,NA
C0101700,NA,NA
C0101701,NA,NA
C0101702,NA,NA
C0101703,NA,NA
C0101704,NA,NA
C0101705,222.76,NA
C0101706,NA,NA
C0101707,NA,NA
C0101708,NA,NA
C0101709,NA,NA
C0101710,NA,NA
C0101711,NA,NA
C0101712,NA,NA
C0101713,NA,NA
C0101714,NA,NA
C0101715,229.27,100.63
C0101716,NA,NA
C0101717,NA,NA
C0101718,NA,NA
C0101720,NA,NA
C0101721,NA,NA
C0101722,NA,NA
C0101723,NA,NA
C0101724,NA,NA
C0101725,NA,NA
C0101726,NA,78.84
C0101727,NA,94.85
C0101728,NA,NA
C0101729,NA,NA
C0101730,NA,NA
C0101731,NA,NA
C0101732,229.56,NA
C0101733,NA,NA
C0101734,NA,NA
C0101735,NA,NA
C0101736,NA,NA
C0101737,NA,NA
C0101738,NA,NA
C0101739,NA,94.05
C0101740,NA,89.11
C0101741,230.3,87.86
C0101742,NA,NA
C0101743,NA,NA
C0101744,NA,NA
C0101745,NA,NA
C0101746,NA,96.3
C0101747,NA,NA
C0101748,NA,NA
C0101749,NA,NA
C0101750,NA,NA
C0101751,NA,NA
C0101752,NA,NA
C0101753,225.26,109.33
C0101754,NA,115.99
C0101755,NA,NA
C0101756,NA,NA
C0101757,NA,NA
C0101758,NA,NA
C0101759,NA,NA
C0101760,NA,NA
C0101761,NA,NA
C0101762,NA,NA
C0101763,NA,NA
C0101764,NA,NA
C0101765,NA,NA
C0101766,NA,NA
C0101767,NA,NA
C0101768,NA,NA
C0101769,NA,NA
C0101770,NA,NA
C0101771,NA,95.11
C0101772,NA,NA
C0101773,NA,NA
C0101774,NA,NA
C0101775,NA,NA
C0101776,NA,118.99
C0101777,NA,NA
C0101778,NA,NA
C0101779,NA,NA
C0101780,NA,NA
C0101781,NA,NA
C0101782,NA,NA
C0101783,NA,71.38
C0101784,NA,NA
C0101785,NA,NA
C0101786,NA,NA
C0101787,NA,NA
C0101788,NA,NA
C0101789,NA,NA
C0101790,NA,NA
C0101791,NA,92.88
C0101792,NA,NA
C0101793,NA,NA
C0101794,NA,NA
C0101795,NA,102.11
C0101796,NA,102.36
C0101797,NA,NA
C0101799,NA,NA
C0101800,NA,NA
C0101801,NA,NA
C0101802,NA,109.29
C0101803,NA,NA
C0101804,NA,NA
C0101805,NA,NA
C0101806,NA,115.99
C0101807,NA,NA
C0101808,NA,NA
C0101809,NA,NA
C0101811,NA,NA
C0101812,NA,NA
C0101813,NA,NA
C0101814,NA,NA
C0101815,NA,NA
C0101816,NA,NA
C0101817,NA,NA
C0101818,NA,NA
C0101819,NA,NA
C0101820,NA,NA
C0101821,NA,NA
C0101822,NA,NA
C0101823,NA,NA
C0101824,NA,NA
C0101825,NA,NA
C0101826,NA,113.49
C0101827,NA,117.86
C0101828,NA,NA
C0101829,NA,NA
C0101830,NA,115.61
C0101831,NA,NA
C0101832,NA,NA
C0101833,NA,120.18
C0101834,NA,NA
C0101835,NA,88.22
C0101836,NA,NA
C0101837,NA,NA
C0101838,NA,113.74
C0101839,NA,113.36
C0101840,NA,NA
C0101841,NA,NA
C0101842,NA,123.11
C0101843,NA,120.49
C0101845,NA,98.36
C0101846,NA,92.24
C0101847,NA,NA
C0101848,NA,94.24
C0101849,NA,108.49
C0101850,NA,109.74
C0101851,NA,NA
C0101852,NA,NA
C0101853,NA,NA
C0101854,NA,NA
C0101855,NA,NA
C0101856,NA,118.11
C0101857,NA,NA
C0101858,NA,87.49
C0101859,NA,NA
C0101861,NA,99.43
C0101862,NA,NA
C0101863,NA,57.02
C0101864,NA,NA
C0101865,NA,NA
C0101866,NA,95.51
C0101867,NA,NA
C0101868,NA,96.23
C0101869,NA,64.2
C0101870,NA,78.85
C0101871,NA,NA
C0101872,NA,NA
C0101873,NA,108.05
C0101874,NA,NA
C0101875,NA,NA
C0101876,NA,81.88
C0101877,NA,96.2
C0101878,NA,94.68
C0101879,NA,NA
C0101880,NA,95.38
C0101881,NA,87.71
C0101882,NA,119.42
C0101884,NA,143.15
C0101885,NA,147.09
C0101886,NA,86.5
C0101887,NA,95.8
C0101888,NA,102.23
C0101889,NA,115.7
C0101890,NA,96.61
C0101891,NA,108.42
C0101892,NA,111.6
C0101893,NA,100.72
C0101894,NA,90.36
C0101895,NA,115.52
C0101896,NA,NA
C0101897,NA,121.09
C0101898,NA,111.55
C0101899,NA,109.79
C0101900,NA,102.5
C0101901,NA,116.64
C0101902,NA,114.5
C0101903,NA,89.64
C0101904,NA,124.13
C0101905,NA,122.56
C0101906,NA,108.71
C0101907,NA,111.25
C0101908,NA,93.4
C0101909,NA,NA
C0101910,NA,111.55
C0101911,NA,100.78
C0101912,NA,123.24
C0101913,NA,132.91
C0101914,NA,118.22
C0101915,NA,128.69
C0101916,NA,107.04
C0101917,NA,113.82
C0101918,NA,130.43
C0101919,NA,123.64
C0101920,NA,132.09
C0101921,NA,81.22
C0101922,NA,108.45
C0101923,NA,95.01
C0101924,NA,133.04
C0101925,NA,119.95
C0101926,NA,128.63
C0101927,NA,137.06
C0101928,NA,145.45
C0101929,NA,132.93
C0101930,NA,127.36
C0101931,NA,130.34
C0101932,NA,121.61
C0101933,NA,128.97
C0101934,NA,125.55
C0101935,NA,NA
C0101936,NA,114.53
C0101937,219.78,95.04
C0101938,NA,108.71
C0101939,NA,130.62
C0101940,NA,83.66
C0101941,NA,108.27
C0101942,NA,112.1
C0101943,NA,102.34
C0101944,NA,119.78
C0101945,NA,150.99
C0101946,NA,117.79
C0101947,NA,127.09
C0101948,NA,NA
C0101949,NA,84.08
C0101950,NA,88.15
C0101951,NA,NA
C0101952,NA,NA
C0101953,NA,114.53
C0101954,NA,131.13
C0101955,NA,NA
C0101956,NA,116.49
C0101957,NA,125.53
C0101958,NA,129.3
C0101959,NA,138.65
C0101960,NA,NA
C0101961,NA,125.01
C0101962,NA,124.62
C0101963,NA,111.12
C0101964,NA,103.01
C0101965,NA,106.36
C0101966,NA,NA
C0101967,NA,122.55
C0101968,NA,NA
C0101969,NA,110.27
C0101970,NA,107.8
C0101971,NA,115.39
C0101972,NA,129.75
C0101973,NA,91.97
C0101974,NA,84.79
C0101975,NA,100.27
C0101976,NA,82.66
C0101977,NA,99.69
C0101978,NA,111.03
C0101979,NA,120.83
C0101980,NA,NA
C0101981,NA,102.75
C0101982,NA,122.15
C0101983,NA,96.5
C0101984,NA,96.95
C0101985,NA,115.04
C0101986,NA,124.22
C0101987,NA,91.29
C0101988,NA,91.64
C0101989,NA,101.17
C0101990,NA,131.22
C0101991,NA,101.2
C0101992,NA,NA
C0101993,NA,NA
C0101994,NA,NA
C0101995,NA,NA
C0101996,NA,NA
C0101997,NA,NA
C0101998,NA,NA
C0101999,NA,88.32
C0102000,NA,NA
C0102001,NA,NA
C0102002,NA,NA
C0102003,NA,NA
C0102004,NA,NA
C0102005,NA,NA
C0102006,NA,NA
C0102007,NA,NA
C0102008,NA,NA
C0102009,NA,NA
C0102010,NA,NA
C0102011,NA,NA
C0102012,NA,NA
C0102013,NA,NA
C0102014,NA,NA
C0102015,NA,NA
C0102016,NA,NA
C0102017,NA,NA
C0102018,NA,NA
C0102019,NA,NA
C0102020,NA,NA
C0102021,NA,NA
C0102022,NA,NA
C0102030,NA,NA
C0102032,NA,NA
C0102033,NA,NA
C0102034,NA,NA
C0102035,NA,NA
C0102036,NA,NA
C0102037,NA,NA
C0102038,NA,NA
C0102041,NA,NA
C0102042,NA,NA
C0102043,NA,NA
C0102044,NA,NA
C0102045,NA,NA
C0102046,NA,NA
C0102047,NA,NA
C0102048,NA,NA
C0102049,NA,NA
C0102050,NA,NA
C0102051,NA,NA
C0102052,NA,NA
C0102053,NA,94.63
C0102054,NA,NA
C0102055,212.72,81.98
C0102056,NA,NA
C0102057,NA,NA
C0102058,NA,81.84
C0102059,NA,NA
C0102060,NA,NA
C0102061,NA,NA
C0102062,NA,NA
C0102063,NA,NA
C0102064,NA,NA
C0102065,NA,NA
C0102066,NA,NA
C0102067,NA,NA
C0102068,NA,NA
C0102069,NA,NA
C0102070,NA,NA
C0102071,NA,NA
C0102075,NA,NA
C0102076,NA,NA
C0102077,NA,NA
C0102078,NA,NA
C0102079,NA,NA
C0102080,NA,NA
C0102081,NA,NA
C0102082,NA,NA
C0102083,NA,NA
C0102085,NA,NA
C0102086,NA,NA
C0102087,NA,NA
C0102088,NA,NA
C0102091,NA,77.93
C0102092,NA,NA
C0102093,NA,NA
C0102094,NA,58.34
C0102095,NA,NA
C0102096,NA,NA
C0102097,NA,NA
C0102099,NA,NA
C0102100,NA,NA
C0102101,NA,NA
C0102102,NA,NA
C0102103,NA,NA
C0102104,NA,NA
C0102106,NA,NA
C0102107,NA,NA
C0102109,NA,NA
C0102110,NA,NA
C0102111,NA,NA
C0102112,NA,NA
C0102113,NA,NA
C0102114,NA,NA
C0102115,NA,NA
C0102116,NA,NA
C0102117,NA,NA
C0102119,NA,NA
C0102120,NA,NA
C0102121,NA,NA
C0102122,NA,NA
C0102123,NA,NA
C0102124,NA,NA
C0102125,NA,NA
C0102126,NA,NA
C0102127,NA,NA
C0102128,NA,NA
C0102129,NA,NA
C0102130,NA,NA
C0102131,NA,NA
C0102132,225.89,NA
C0102133,NA,NA
C0102134,NA,NA
C0102136,NA,NA
C0102137,NA,NA
C0102138,NA,NA
C0102139,NA,NA
C0102140,NA,NA
C0102141,NA,NA
C0102142,NA,NA
C0102143,NA,NA
C0102144,NA,NA
C0102145,NA,NA
C0102146,NA,NA
C0102147,NA,NA
C0102148,NA,NA
C0102149,NA,NA
C0102150,NA,NA
C0102151,NA,NA
C0102152,NA,NA
C0102153,NA,NA
C0102154,NA,NA
C0102155,NA,NA
C0102156,NA,NA
C0102158,NA,NA
C0102159,NA,NA
C0102160,NA,NA
C0102161,NA,61.3
C0102162,NA,NA
C0102163,NA,90.86
C0102164,NA,NA
C0102165,NA,NA
C0102166,NA,NA
C0102167,NA,NA
C0102168,NA,NA
C0102169,NA,NA
C0102170,NA,NA
C0102171,NA,NA
C0102172,NA,NA
C0102173,NA,NA
C0102174,NA,NA
C0102175,NA,NA
C0102176,NA,NA
C0102177,NA,NA
C0102178,NA,NA
C0102179,NA,NA
C0102180,NA,NA
C0102181,NA,NA
C0102182,NA,NA
C0102183,NA,NA
C0102184,NA,NA
C0102185,NA,NA
C0102186,NA,NA
C0102188,NA,NA
C0102189,NA,NA
C0102190,NA,NA
C0102191,NA,NA
C0102192,NA,NA
C0102193,NA,NA
C0102194,NA,NA
C0102195,NA,NA
C0102196,NA,NA
C0102197,NA,NA
C0102198,NA,NA
C0102199,NA,128.77
C0102200,NA,NA
C0102201,NA,NA
C0102202,NA,NA
C0102203,NA,NA
C0102204,NA,NA
C0102205,NA,NA
C0102206,NA,NA
C0102207,NA,NA
C0102208,NA,NA
C0102209,NA,NA
C0102210,NA,NA
C0102211,NA,NA
C0102212,NA,NA
C0102213,NA,NA
C0102214,NA,NA
C0102215,NA,NA
C0102216,NA,NA
C0102217,NA,NA
C0102218,NA,NA
C0102219,NA,NA
C0102220,NA,NA
C0102221,NA,102.93
C0102222,NA,105.24
C0102223,NA,NA
C0102224,NA,74.95
C0102225,NA,107.74
C0102226,NA,91.33
C0102227,NA,82.39
C0102228,227.32,84.9
C0102229,NA,86.76
C0102230,NA,80.71
C0102231,NA,79.81
C0102232,NA,77.18
C0102233,NA,80.57
C0102234,NA,88.49
C0102235,NA,96.56
C0102236,NA,79.53
C0102237,NA,101.53
C0102238,NA,78.38
C0102239,NA,NA
C0102240,NA,80.3
C0102241,NA,75.21
C0102242,NA,101.89
C0102243,NA,94.07
C0102244,NA,79.9
C0102245,NA,102.35
C0102246,NA,93.15
C0102247,NA,97.96
C0102248,NA,100.87
C0102249,NA,69
C0102250,NA,80.94
C0102251,NA,103.95
C0102252,NA,75.05
C0102253,NA,79.07
C0102254,NA,101.28
C0102255,NA,114.8
C0102256,NA,93.8
C0102257,NA,101.16
C0102258,NA,80.55
C0102259,NA,110.29
C0102260,NA,117.05
C0102261,NA,100.13
C0102262,NA,76
C0102263,NA,91.45
C0102264,NA,109.76
C0102265,NA,102.07
C0102266,NA,107.68
C0102269,NA,NA
C0102270,NA,NA
C0102271,NA,NA
C0102272,NA,84.67
C0102273,NA,75.12
C0102274,NA,NA
C0102275,NA,NA
C0102276,NA,84.59
C0102277,NA,NA
C0102278,NA,NA
C0102279,NA,91.82
C0102280,NA,101.27
C0102281,NA,100.59
C0102282,NA,97.32
C0102283,NA,100.58
C0102284,NA,82.74
C0102285,NA,NA
C0102286,NA,NA
C0102287,NA,NA
C0102288,NA,NA
C0102289,NA,NA
C0102290,NA,NA
C0102291,NA,NA
C0102292,NA,NA
C0102293,NA,NA
C0102294,NA,NA
C0102295,NA,NA
C0102296,NA,NA
C0102297,NA,NA
C0102298,NA,NA
C0102299,NA,NA
C0102300,NA,NA
C0102301,NA,NA
C0102302,NA,NA
C0102303,NA,NA
C0102304,NA,NA
C0102305,NA,NA
C0102307,NA,NA
C0102308,NA,83.2
C0102309,NA,NA
C0102310,NA,57.24
C0102311,NA,71.46
C0102312,NA,NA
C0102313,NA,NA
C0102314,NA,91.7
C0102315,NA,NA
C0102316,NA,NA
C0102317,NA,NA
C0102318,NA,NA
C0102319,NA,NA
C0102320,NA,NA
C0102321,NA,82.35
C0102322,NA,NA
C0102323,NA,74.15
C0102324,NA,NA
C0102325,NA,69.88
C0102326,NA,NA
C0102327,NA,76.37
C0102328,NA,72.32
C0102329,NA,60.31
C0102330,NA,NA
C0102331,NA,NA
C0102332,NA,NA
C0102333,NA,NA
C0102334,231.24,NA
C0102335,NA,NA
C0102336,NA,101.51
C0102337,NA,82.59
C0102338,NA,NA
C0102339,NA,NA
C0102340,NA,NA
C0102341,NA,NA
C0102342,NA,NA
C0102343,NA,NA
C0102344,NA,NA
C0102345,NA,NA
C0102346,NA,NA
C0102347,NA,NA
C0102348,NA,NA
C0102349,NA,NA
C0102350,NA,NA
C0102351,NA,NA
C0102352,NA,NA
C0102353,NA,NA
C0102354,NA,NA
C0102355,NA,NA
C0102356,NA,NA
C0102357,NA,NA
C0102358,NA,NA
C0102359,NA,NA
C0102360,NA,NA
C0102361,NA,NA
C0102362,NA,NA
C0102363,NA,NA
C0102364,NA,NA
C0102365,NA,NA
C0102366,NA,NA
C0102367,NA,NA
C0102368,NA,NA
C0102369,NA,NA
C0102370,NA,106.31
C0102371,NA,NA
C0102372,NA,NA
C0102373,NA,NA
C0102374,NA,NA
C0102375,NA,NA
C0102376,NA,89.48
C0102377,NA,NA
C0102378,NA,NA
C0102379,218.64,94.75
C0102380,NA,77.26
C0102381,NA,NA
C0102383,NA,NA
C0102384,NA,70.13
C0102385,NA,70.26
C0102386,NA,85.49
C0102387,NA,NA
C0102388,NA,NA
C0102389,NA,NA
C0102391,NA,NA
C0102392,NA,86.56
C0102393,NA,82.87
C0102394,NA,73.09
C0102395,NA,80.68
C0102396,NA,NA
C0102397,NA,NA
C0102398,NA,NA
C0102400,NA,83.56
C0102401,NA,NA
C0102402,NA,NA
C0102403,NA,NA
C0102404,NA,NA
C0102405,NA,NA
C0102406,NA,NA
C0102407,NA,NA
C0102408,NA,NA
C0102409,NA,NA
C0102411,NA,NA
C0102412,NA,NA
C0102413,NA,NA
C0102415,NA,NA
C0102416,NA,NA
C0102417,NA,NA
C0102418,NA,NA
C0102419,NA,NA
C0102420,NA,NA
C0102421,NA,NA
C0102422,NA,NA
C0102423,NA,NA
C0102424,NA,NA
C0102425,NA,NA
C0102426,NA,NA
C0102427,NA,NA
C0102428,NA,NA
C0102433,NA,NA
C0102435,NA,NA
C0102437,NA,NA
C0102438,NA,NA
C0102439,NA,NA
C0102442,NA,NA
C0102443,NA,NA
C0102444,NA,NA
C0102445,NA,NA
C0102446,NA,NA
C0102448,NA,NA
C0102449,NA,NA
C0102467,NA,NA
C0102468,NA,NA
C0102469,NA,NA
C0102470,NA,NA
C0102471,NA,NA
C0102472,NA,NA
C0102473,225.66,85.07
C0102474,224.6,91.67
C0102475,NA,NA
C0102476,NA,NA
C0102477,NA,NA
C0102482,NA,NA
C0102483,NA,NA
C0102484,NA,NA
C0102485,NA,NA
C0102486,NA,NA
C0102487,NA,NA
C0102488,NA,NA
C0102489,NA,NA
C0102490,NA,NA
C0102491,NA,NA
C0102506,NA,NA
C0102513,NA,NA
C0102518,NA,NA
C0102519,NA,119.49
C0102524,215.45,NA
C0102525,NA,NA
C0102553,NA,NA
C0102554,NA,NA
C0102555,NA,NA
C0102556,NA,NA
C0102557,NA,NA
C0102558,NA,NA
C0102559,NA,NA
C0102560,NA,NA
C0102561,NA,NA
C0102562,NA,NA
C0102563,NA,NA
C0102564,NA,NA
C0102565,NA,NA
C0102566,NA,NA
C0102567,NA,NA
C0102568,NA,NA
C0102569,NA,NA
C0102570,NA,NA
C0102571,NA,NA
C0102572,NA,NA
C0102573,NA,NA
C0102574,NA,NA
C0102575,NA,NA
C0102576,NA,NA
C0102577,NA,NA
C0102578,NA,NA
C0102579,NA,NA
C0102580,NA,NA
C0102581,NA,NA
C0102582,NA,NA
C0102583,NA,NA
C0102584,NA,NA
C0102585,NA,NA
C0102586,NA,NA
C0102587,NA,NA
C0102588,NA,NA
C0102589,NA,NA
C0102590,NA,NA
C0102591,NA,NA
C0102592,NA,NA
C0102593,NA,NA
C0102594,NA,NA
C0102595,NA,NA
C0102596,NA,NA
C0102597,NA,NA
C0102598,NA,NA
C0102599,NA,NA
C0102600,NA,NA
C0102601,NA,NA
C0102602,NA,NA
C0102603,NA,NA
C0102604,NA,NA
C0102605,NA,NA
C0102606,NA,NA
C0102607,212.98,NA
C0102608,NA,NA
C0102609,NA,NA
C0102610,NA,NA
C0102611,NA,NA
C0102612,NA,NA
C0102613,NA,NA
C0102614,NA,NA
C0102615,NA,NA
C0102616,NA,NA
C0102618,NA,NA
C0102622,NA,NA
C0102630,NA,NA
C0102636,NA,NA
C0102642,NA,NA
C0102643,NA,NA
C0102644,NA,NA
C0102647,NA,NA
C0102648,NA,NA
C0102649,NA,NA
C0102650,NA,NA
C0102653,NA,NA
C0102655,NA,NA
C0102658,NA,NA
C0102660,NA,NA
C0102661,NA,NA
C0102664,NA,NA
C0102672,NA,NA
C0102673,NA,NA
C0102674,NA,NA
C0102675,NA,NA
C0102681,NA,NA
C0102682,NA,NA
C0102683,NA,NA
C0102685,NA,NA
C0102700,NA,NA
C0102704,NA,NA
C0102705,NA,NA
C0102706,NA,NA
C0102707,NA,NA
C0102708,NA,NA
C0102709,NA,NA
C0102711,NA,NA
C0102712,NA,NA
C0102716,NA,NA
C0102718,NA,NA
C0102721,NA,NA
C0102723,NA,NA
C0102730,NA,129.84
C0102731,NA,NA
C0102732,217.45,NA
C0102733,NA,NA
C0102734,NA,NA
C0102735,NA,NA
C0102736,223.51,91.23
C0102737,NA,NA
C0102738,NA,94.47
C0102739,223.68,82.75
C0102740,NA,NA
C0102741,NA,83.79
C0102742,NA,82.29
C0102743,217.45,83.14
C0102745,NA,NA
C0102746,NA,NA
C0102747,NA,NA
C0102748,NA,NA
C0102749,NA,NA
C0102750,NA,NA
C0102751,NA,NA
C0102752,NA,NA
C0102753,NA,NA
C0102754,NA,NA
C0102755,NA,NA
C0102756,NA,NA
C0102757,NA,NA
C0102758,NA,NA
C0102759,NA,NA
C0102760,NA,NA
C0102762,NA,NA
C0102763,NA,NA
C0102764,NA,NA
C0102765,NA,NA
C0102766,NA,NA
C0102767,NA,NA
C0102768,NA,NA
C0102769,NA,NA
C0102770,NA,NA
C0102772,NA,NA
C0102773,NA,NA
C0102774,NA,NA
C0102775,NA,NA
C0102776,NA,NA
C0102777,NA,NA
C0102778,NA,NA
C0102779,NA,NA
C0102780,NA,NA
C0102781,NA,NA
C0102782,NA,NA
C0102783,NA,NA
C0102784,NA,NA
C0102785,NA,NA
C0102786,NA,NA
C0102787,NA,NA
C0102790,NA,NA
C0102791,NA,NA
C0102792,NA,NA
C0102793,NA,NA
C0102794,NA,NA
C0102795,NA,86.12
C0102796,NA,NA
C0102797,NA,NA
C0102799,NA,NA
C0102800,NA,NA
C0102801,NA,NA
C0102802,NA,NA
C0102803,NA,NA
C0102804,NA,NA
C0102805,NA,NA
C0102806,NA,NA
C0102808,NA,NA
C0102810,NA,NA
C0102811,NA,NA
C0102812,NA,NA
C0102813,NA,NA
C0102814,NA,NA
C0102815,NA,NA
C0102816,NA,NA
C0102817,NA,NA
C0102818,NA,NA
C0102819,NA,77.98
C0102820,NA,NA
C0102821,NA,NA
C0102823,NA,59.27
C0102824,NA,NA
C0102825,NA,69.89
C0102826,227.72,75.98
C0102827,NA,71.98
C0102828,NA,NA
C0102829,NA,NA
C0102830,NA,NA
C0102831,NA,NA
C0102832,NA,63.15
C0102833,NA,NA
C0102834,NA,90.96
C0102835,NA,NA
C0102836,NA,NA
C0102837,NA,NA
C0102838,NA,NA
C0102839,NA,78.54
C0102840,NA,NA
C0102841,NA,NA
C0102842,NA,NA
C0102843,NA,NA
C0102844,NA,NA
C0102845,NA,NA
C0102847,NA,NA
C0102848,NA,NA
C0102849,NA,NA
C0102850,NA,NA
C0102851,NA,NA
C0102852,NA,66.28
C0102853,NA,NA
C0102854,NA,NA
C0102856,NA,NA
C0102857,NA,NA
C0102858,NA,NA
C0102860,NA,NA
C0102861,NA,NA
C0102862,NA,NA
C0102863,NA,NA
C0102864,NA,NA
C0102866,NA,NA
C0102868,NA,NA
C0102869,NA,NA
C0102870,NA,NA
C0102872,NA,NA
C0102873,NA,NA
C0102874,NA,NA
C0102875,NA,NA
C0102876,NA,NA
C0102877,NA,NA
C0102878,NA,NA
C0102879,NA,NA
C0102880,NA,NA
C0102881,NA,NA
C0102882,NA,NA
C0102883,NA,NA
C0102884,NA,NA
C0102885,NA,NA
C0102886,NA,NA
C0102887,NA,NA
C0102888,NA,NA
C0102889,NA,NA
C0102890,NA,NA
C0102891,NA,NA
C0102892,NA,NA
C0102893,233.57,NA
C0102894,NA,NA
C0102895,NA,NA
C0102896,NA,NA
C0102897,NA,NA
C0102898,NA,NA
C0102899,NA,NA
C0102900,NA,NA
C0102901,NA,NA
C0102902,NA,NA
C0102903,NA,NA
C0102905,NA,NA
C0102906,NA,NA
C0102907,NA,NA
C0102908,NA,NA
C0102909,NA,NA
C0102911,NA,NA
C0102912,NA,NA
C0102913,NA,NA
C0102914,NA,NA
C0102915,NA,NA
C0102916,NA,NA
C0102917,NA,NA
C0102928,NA,NA
C0102929,NA,NA
C0102930,NA,NA
C0102931,NA,NA
C0102932,NA,NA
C0102933,NA,NA
C0102934,NA,NA
C0102935,NA,NA
C0102936,NA,NA
C0102937,NA,NA
C0102938,NA,NA
C0102947,NA,NA
C0102967,NA,NA
C0102982,NA,NA
C0102983,NA,NA
C0102984,NA,NA
C0102985,NA,NA
C0102986,NA,NA
C0102988,NA,NA
C0102989,NA,NA
C0102990,NA,NA
C0102991,NA,NA
C0102992,NA,NA
C0102993,NA,NA
C0102994,NA,NA
C0102995,NA,NA
C0102996,NA,NA
C0102997,NA,NA
C0102998,NA,NA
C0102999,NA,NA
C0103000,NA,NA
C0103001,NA,NA
C0103002,NA,NA
C0103003,NA,NA
C0103004,NA,NA
C0103005,NA,NA
C0103006,NA,NA
C0103007,NA,NA
C0103008,NA,NA
C0103009,NA,NA
C0103010,NA,NA
C0103011,NA,NA
C0103012,NA,NA
C0103013,NA,NA
C0103014,NA,NA
C0103015,NA,NA
C0103017,NA,NA
C0103018,NA,NA
C0103019,NA,NA
C0103020,214.61,84.6
C0103046,NA,NA
C0103047,NA,NA
C0103048,NA,NA
C0103049,NA,NA
C0103050,NA,NA
C0103051,NA,NA
C0103052,NA,NA
C0103053,NA,NA
C0103054,NA,NA
C0103055,NA,NA
C0103056,NA,NA
C0103057,NA,NA
C0103058,NA,NA
C0103059,NA,NA
C0103060,NA,NA
C0103061,NA,NA
C0103062,NA,NA
C0103063,NA,NA
C0103064,NA,NA
C0103065,NA,NA
C0103066,NA,NA
C0103067,NA,NA
C0103068,NA,NA
C0103069,NA,NA
C0103070,NA,NA
C0103071,NA,NA
C0103072,NA,NA
C0103073,NA,NA
C0103074,NA,NA
C0103075,NA,NA
C0103076,NA,NA
C0103077,NA,NA
C0103078,NA,NA
C0103079,NA,NA
C0103080,NA,NA
C0103081,NA,NA
C0103082,NA,NA
C0103083,NA,NA
C0103084,NA,NA
C0103085,NA,NA
C0103086,NA,NA
C0103087,NA,NA
C0103088,NA,NA
C0103089,NA,NA
C0103090,NA,NA
C0103091,NA,NA
C0103092,NA,NA
C0103093,NA,NA
C0103094,NA,NA
C0103095,NA,NA
C0103096,NA,NA
C0103097,NA,NA
C0103098,NA,NA
C0103099,NA,NA
C0103100,NA,NA
C0103101,NA,NA
C0103103,NA,NA
C0103104,NA,NA
C0103114,NA,NA
C0103116,NA,NA
C0103117,NA,NA
C0103118,NA,NA
C0103119,NA,NA
C0103120,NA,NA
C0103121,NA,NA
C0103122,NA,NA
C0103123,NA,NA
C0103124,NA,NA
C0103125,NA,NA
C0103126,NA,NA
C0103127,NA,NA
C0103128,NA,NA
C0103129,NA,NA
C0103130,NA,NA
C0103131,NA,NA
C0103132,NA,NA
C0103133,NA,NA
C0103134,NA,NA
C0103135,NA,NA
C0103136,NA,NA
C0103137,NA,NA
C0103138,NA,NA
C0103139,NA,NA
C0103140,NA,NA
C0103142,217.45,89.29
C0103143,NA,NA
C0103144,NA,NA
C0103145,NA,NA
C0103146,NA,NA
C0103148,NA,NA
C0103149,NA,NA
C0103150,NA,NA
C0103151,NA,NA
C0103152,NA,NA
C0103163,NA,NA
C0103164,NA,NA
C0103165,NA,NA
C0103166,NA,NA
C0103167,NA,NA
C0103168,NA,NA
C0103169,NA,NA
C0103170,NA,NA
C0103172,NA,NA
C0103173,NA,NA
C0103174,NA,NA
C0103175,NA,NA
C0103176,NA,NA
C0103177,NA,NA
C0103179,NA,NA
C0103180,NA,NA
C0103181,NA,NA
C0103182,NA,NA
C0103183,NA,NA
C0103184,NA,NA
C0103185,NA,NA
C0103186,NA,NA
C0103188,NA,NA
C0103189,NA,NA
C0103190,NA,NA
C0103191,NA,NA
C0103192,NA,NA
C0103193,NA,NA
C0103194,NA,NA
C0103195,NA,NA
C0103196,NA,NA
C0103197,NA,NA
C0103198,NA,NA
C0103199,NA,NA
C0103200,NA,NA
C0103201,NA,NA
C0103202,NA,NA
C0103203,NA,NA
C0103204,NA,NA
C0103205,NA,NA
C0103206,NA,NA
C0103207,NA,NA
C0103208,NA,NA
C0103209,NA,NA
C0103210,NA,NA
C0103211,NA,NA
C0103212,NA,NA
C0103213,NA,NA
C0103214,NA,NA
C0103241,NA,NA
C0103243,NA,NA
C0103244,NA,NA
C0103245,NA,NA
C0103246,NA,NA
C0103247,NA,NA
C0103248,NA,NA
C0103249,NA,NA
C0103250,NA,NA
C0103251,NA,NA
C0103252,NA,NA
C0103253,NA,NA
C0103254,NA,NA
C0103258,NA,NA
C0103259,NA,NA
C0103260,NA,NA
C0103261,NA,NA
C0103262,NA,NA
C0103263,NA,NA
C0103264,NA,NA
C0103265,NA,NA
C0103266,NA,NA
C0103267,NA,NA
C0103268,NA,NA
C0103269,NA,NA
C0103270,NA,NA
C0103271,NA,NA
C0103272,NA,NA
C0103273,NA,NA
C0103274,NA,NA
C0103275,NA,NA
C0103276,NA,NA
C0103277,NA,NA
C0103278,NA,NA
C0103279,NA,NA
C0103280,NA,NA
C0103281,NA,NA
C0103282,NA,NA
C0103283,NA,NA
C0103284,NA,NA
C0103285,NA,NA
C0103286,NA,107.53
C0103287,NA,NA
C0103288,NA,NA
C0103289,NA,NA
C0103290,NA,NA
C0103291,NA,NA
C0103292,NA,NA
C0103293,NA,NA
C0103294,NA,NA
C0103295,NA,NA
C0103296,NA,NA
C0103297,NA,NA
C0103298,NA,NA
C0103299,NA,NA
C0103300,NA,NA
C0103301,NA,NA
C0103302,NA,NA
C0103303,NA,NA
C0103304,NA,NA
C0103305,NA,NA
C0103306,NA,NA
C0103307,NA,NA
C0103308,NA,NA
C0103309,NA,NA
C0103310,NA,NA
C0103311,NA,NA
C0103312,NA,NA
C0103313,NA,NA
C0103314,NA,NA
C0103315,NA,NA
C0103316,NA,NA
C0103317,NA,NA
C0103318,NA,NA
C0103319,NA,NA
C0103320,NA,NA
C0103321,NA,NA
C0103322,NA,NA
C0103323,NA,NA
C0103324,NA,NA
C0103325,NA,NA
C0103326,NA,NA
C0103327,NA,NA
C0103328,NA,NA
C0103329,NA,NA
C0103330,NA,NA
C0103331,NA,NA
C0103332,NA,NA
C0103333,NA,NA
C0103334,NA,NA
C0103335,NA,NA
C0103336,NA,NA
C0103337,NA,NA
C0103339,NA,NA
C0103340,NA,NA
C0103341,NA,NA
C0103342,NA,NA
C0103343,NA,NA
C0103344,NA,NA
C0103345,NA,NA
C0103346,NA,NA
C0103347,NA,NA
C0103348,NA,NA
C0103349,NA,NA
C0103350,NA,NA
C0103351,NA,NA
C0103352,NA,NA
C0103353,NA,NA
C0103354,NA,NA
C0103355,NA,NA
C0103356,NA,NA
C0103357,NA,NA
C0103358,NA,NA
C0103359,NA,NA
C0103360,NA,NA
C0103361,NA,NA
C0103362,NA,NA
C0103363,NA,NA
C0103364,NA,NA
C0103365,224.48,98.23
C0103366,NA,NA
C0103367,NA,NA
C0103368,NA,NA
C0103369,NA,NA
C0103370,NA,NA
C0103372,NA,NA
C0103373,NA,NA
C0103374,NA,NA
C0103375,NA,NA
C0103376,NA,NA
C0103377,NA,NA
C0103378,NA,NA
C0103379,NA,NA
C0103380,NA,NA
C0103381,NA,NA
C0103382,NA,NA
C0103384,NA,NA
C0103385,NA,NA
C0103386,NA,NA
C0103387,NA,NA
C0103388,NA,NA
C0103389,NA,NA
C0103390,NA,NA
C0103391,NA,NA
C0103392,NA,NA
C0103393,NA,NA
C0103394,NA,NA
C0103395,NA,NA
C0103396,NA,NA
C0103397,223.78,103.42
C0103398,NA,NA
C0103399,NA,NA
C0103400,NA,NA
C0103401,NA,NA
C0103402,NA,NA
C0103403,NA,NA
C0103404,NA,NA
C0103405,NA,NA
C0103406,NA,NA
C0103407,NA,NA
C0103408,NA,NA
C0103409,NA,NA
C0103410,NA,NA
C0103411,NA,NA
C0103412,NA,NA
C0103413,NA,NA
C0103414,NA,NA
C0103415,NA,NA
C0103416,NA,NA
C0103417,NA,NA
C0103418,NA,NA
C0103419,NA,NA
C0103420,NA,NA
C0103421,NA,NA
C0103422,NA,NA
C0103423,NA,NA
C0103424,NA,NA
C0103425,NA,NA
C0103434,NA,NA
C0103435,NA,NA
C0103436,NA,NA
C0103437,NA,NA
C0103438,NA,NA
C0103439,NA,NA
C0103440,222.16,98.74
C0103441,219.42,96.61
C0103442,NA,NA
C0103443,NA,NA
C0103444,NA,NA
C0103445,NA,NA
C0103446,NA,NA
C0103447,NA,NA
C0103448,NA,NA
C0103449,NA,NA
C0103450,NA,NA
C0103451,NA,NA
C0103452,NA,NA
C0103453,NA,NA
C0103454,NA,NA
C0103455,NA,NA
C0103456,NA,NA
C0103457,NA,NA
C0103458,NA,NA
C0103459,NA,NA
C0103460,NA,NA
C0103461,NA,NA
C0103462,NA,NA
C0103463,NA,NA
C0103464,NA,NA
C0103465,NA,NA
C0103466,NA,NA
C0103467,NA,NA
C0103468,NA,NA
C0103469,NA,NA
C0103470,NA,NA
C0103471,NA,NA
C0103472,NA,NA
C0103473,NA,NA
C0103474,NA,NA
C0103475,NA,NA
C0103476,NA,NA
C0103477,NA,NA
C0103478,NA,NA
C0103479,NA,NA
C0103480,NA,NA
C0103481,NA,NA
C0103482,NA,NA
C0103483,NA,NA
C0103484,NA,NA
C0103485,NA,NA
C0103486,NA,NA
C0103487,NA,NA
C0103488,NA,NA
C0103489,NA,NA
C0103490,NA,NA
C0103491,NA,NA
C0103492,NA,NA
C0103493,NA,NA
C0103494,NA,NA
C0103495,NA,NA
C0103496,NA,NA
C0103497,NA,NA
C0103498,NA,NA
C0103500,NA,NA
C0103501,NA,NA
C0103502,NA,NA
C0103503,NA,NA
C0103504,NA,NA
C0103505,NA,NA
C0103506,NA,NA
C0103507,NA,NA
C0103508,NA,NA
C0103509,NA,NA
C0103510,NA,NA
C0103511,NA,NA
C0103512,NA,NA
C0103513,NA,NA
C0103514,NA,NA
C0103515,NA,NA
C0103516,NA,NA
C0103517,NA,NA
C0103518,NA,NA
C0103519,NA,NA
C0103520,NA,NA
C0103521,NA,NA
C0103522,NA,NA
C0103523,NA,NA
C0103524,NA,NA
C0103525,NA,NA
C0103526,NA,NA
C0103527,NA,NA
C0103528,NA,NA
C0103529,NA,NA
C0103530,NA,NA
C0103531,NA,NA
C0103532,NA,NA
C0103533,NA,NA
C0103534,NA,NA
C0103535,NA,NA
C0103536,NA,NA
C0103537,NA,NA
C0103538,NA,NA
C0103539,NA,NA
C0103540,NA,NA
C0103541,NA,NA
C0103542,NA,NA
C0103543,NA,NA
C0103544,NA,NA
C0103545,NA,NA
C0103546,NA,NA
C0103547,NA,NA
C0103548,NA,NA
C0103549,225.75,NA
C0103550,NA,NA
C0103551,NA,NA
C0103552,221.29,83.7
C0103553,NA,NA
C0103554,NA,NA
C0103555,NA,NA
C0103556,NA,NA
C0103557,NA,NA
C0103558,NA,NA
C0103559,NA,NA
C0103560,NA,NA
C0103561,NA,NA
C0103562,NA,NA
C0103563,NA,NA
C0103564,NA,NA
C0103565,NA,NA
C0103566,NA,NA
C0103567,NA,NA
C0103568,NA,NA
C0103569,NA,NA
C0103570,NA,NA
C0103571,NA,NA
C0103572,NA,NA
C0103573,NA,NA
C0103574,NA,NA
C0103575,NA,NA
C0103576,NA,NA
C0103577,NA,NA
C0103578,NA,NA
C0103579,NA,NA
C0103580,NA,NA
C0103581,NA,NA
C0103582,NA,NA
C0103583,NA,NA
C0103584,NA,NA
C0103585,NA,NA
C0103586,NA,NA
C0103587,NA,NA
C0103588,NA,NA
C0103589,NA,NA
C0103590,NA,NA
C0103591,NA,NA
C0103592,NA,NA
C0103593,NA,NA
C0103594,NA,NA
C0103595,NA,NA
C0103596,NA,NA
C0103597,NA,NA
C0103598,NA,NA
C0103599,NA,NA
C0103600,NA,NA
C0103601,NA,NA
C0103602,NA,NA
C0103603,NA,NA
C0103604,NA,NA
C0103605,NA,NA
C0103606,NA,NA
C0103607,NA,NA
C0103608,NA,NA
C0103609,NA,NA
C0103610,NA,NA
C0103611,NA,NA
C0103612,NA,NA
C0103613,NA,NA
C0103614,NA,NA
C0103615,NA,NA
C0103616,NA,NA
C0103617,NA,NA
C0103618,NA,NA
C0103620,NA,NA
C0103621,NA,NA
C0103622,NA,NA
C0103623,NA,NA
C0103624,NA,NA
C0103625,NA,NA
C0103626,NA,NA
C0103627,NA,NA
C0103628,NA,NA
C0103629,NA,NA
C0103630,NA,NA
C0103631,NA,NA
C0103632,NA,NA
C0103633,NA,NA
C0103634,NA,NA
C0103635,NA,NA
C0103636,NA,NA
C0103637,NA,NA
C0103638,NA,NA
C0103639,NA,NA
C0103640,NA,NA
C0103641,NA,NA
C0103642,NA,NA
C0103643,NA,NA
C0103644,NA,NA
C0103645,NA,NA
C0103646,NA,NA
C0103647,NA,NA
C0103648,NA,NA
C0103649,NA,NA
C0103650,NA,NA
C0103651,NA,NA
C0103652,NA,NA
C0103653,NA,NA
C0103655,235.75,NA
C0103656,NA,NA
C0103659,NA,NA
C0103660,NA,NA
C0103661,232.39,103.98
C0103662,NA,NA
C0103663,NA,NA
C0103664,NA,NA
C0103665,NA,NA
C0103666,NA,NA
C0103667,NA,NA
C0103668,NA,NA
C0103669,NA,NA
C0103670,NA,NA
C0103671,NA,NA
C0103672,NA,NA
C0103673,NA,NA
C0103674,NA,NA
C0103675,NA,NA
C0103676,NA,NA
C0103677,NA,NA
C0103678,NA,NA
C0103679,NA,NA
C0103680,NA,NA
C0103682,NA,NA
C0103683,NA,NA
C0103684,NA,NA
C0103685,NA,NA
C0103686,NA,NA
C0103687,NA,NA
C0103688,NA,NA
C0103689,NA,NA
C0103690,NA,NA
C0103691,NA,NA
C0103692,NA,NA
C0103693,NA,NA
C0103694,NA,NA
C0103695,NA,NA
C0103696,229.41,NA
C0103697,NA,NA
C0103698,NA,NA
C0103699,NA,NA
C0103700,NA,NA
C0103701,NA,NA
C0103702,NA,NA
C0103703,NA,NA
C0103704,NA,NA
C0103705,NA,NA
C0103706,NA,NA
C0103707,NA,NA
C0103708,NA,NA
C0103709,NA,NA
C0103710,NA,NA
C0103711,NA,NA
C0103712,NA,NA
C0103713,NA,NA
C0103714,NA,NA
C0103715,NA,NA
C0103716,NA,NA
C0103717,NA,NA
C0103718,NA,NA
C0103719,NA,NA
C0103720,NA,NA
C0103721,NA,NA
C0103722,NA,NA
C0103723,NA,NA
C0103724,NA,NA
C0103725,NA,NA
C0103726,NA,NA
C0103727,NA,NA
C0103728,NA,NA
C0103729,NA,NA
C0103730,NA,NA
C0103731,NA,NA
C0103732,NA,NA
C0103733,NA,NA
C0103734,NA,NA
C0103735,NA,NA
C0103736,NA,NA
C0103737,NA,NA
C0103738,221.98,74.66
C0103739,NA,NA
C0103740,NA,NA
C0103741,NA,NA
C0103742,NA,NA
C0103743,NA,NA
C0103744,NA,NA
C0103745,NA,NA
C0103746,NA,NA
C0103747,NA,NA
C0103748,NA,NA
C0103749,NA,NA
C0103750,NA,NA
C0103751,NA,NA
C0103752,NA,NA
C0103753,NA,NA
C0103754,NA,NA
C0103755,NA,NA
C0103756,NA,NA
C0103757,NA,NA
C0103758,NA,NA
C0103759,NA,NA
C0103760,NA,NA
C0103761,NA,NA
C0103762,NA,NA
C0103763,NA,NA
C0103764,NA,NA
C0103765,NA,NA
C0103766,NA,NA
C0103767,NA,NA
C0103768,NA,NA
C0103769,NA,NA
C0103770,NA,NA
C0103771,NA,NA
C0103772,NA,NA
C0103773,NA,NA
C0103774,NA,NA
C0103775,NA,NA
C0103776,NA,NA
C0103777,NA,NA
C0103778,NA,NA
C0103779,NA,NA
C0103780,NA,NA
C0103781,NA,NA
C0103782,NA,NA
C0103783,NA,NA
C0103784,NA,NA
C0103785,NA,NA
C0103786,NA,NA
C0103787,NA,NA
C0103788,NA,NA
C0103789,NA,NA
C0103790,NA,NA
C0103791,NA,NA
C0103792,NA,NA
C0103793,NA,NA
C0103794,NA,NA
C0103795,NA,NA
C0103796,NA,NA
C0103797,NA,NA
C0103798,NA,NA
C0103799,NA,NA
C0103800,NA,NA
C0103801,NA,NA
C0103802,NA,NA
C0103803,NA,NA
C0103804,NA,NA
C0103805,NA,NA
C0103806,NA,NA
C0103807,NA,NA
C0103808,NA,NA
C0103809,NA,NA
C0103810,NA,NA
C0103811,NA,NA
C0103812,NA,NA
C0103813,NA,NA
C0103814,NA,NA
C0103815,NA,NA
C0103816,NA,NA
C0103817,NA,NA
C0103818,NA,NA
C0103819,NA,NA
C0103820,NA,NA
C0103821,NA,NA
C0103822,NA,NA
C0103823,NA,NA
C0103824,NA,NA
C0103825,NA,NA
C0103826,NA,NA
C0103827,NA,NA
C0103828,NA,NA
C0103829,NA,NA
C0103830,NA,NA
C0103831,NA,NA
C0103832,NA,NA
C0103833,NA,NA
C0103834,NA,NA
C0103835,NA,NA
C0103836,NA,NA
C0103837,NA,NA
C0103838,NA,NA
C0103839,NA,NA
C0103840,NA,NA
C0103841,NA,NA
C0103842,NA,NA
C0103843,NA,NA
C0103844,NA,NA
C0103845,NA,NA
C0103846,NA,NA
C0103847,NA,NA
C0103848,223.51,113.07
C0103849,220.61,90.7
C0103850,229.62,NA
C0103851,NA,NA
C0103852,NA,NA
C0103853,217.98,NA
C0103854,NA,NA
C0103855,NA,NA
C0103856,NA,NA
C0103858,NA,NA
C0103859,NA,NA
C0103860,NA,NA
C0103861,NA,NA
C0103862,NA,NA
C0103863,NA,NA
C0103864,NA,NA
C0103865,NA,NA
C0103866,NA,NA
C0103867,NA,NA
C0103868,NA,NA
C0103869,NA,NA
C0103870,NA,NA
C0103871,NA,NA
C0103872,NA,NA
C0103873,NA,NA
C0103874,NA,NA
C0103875,NA,NA
C0103876,NA,NA
C0103877,NA,NA
C0103878,NA,NA
C0103879,NA,NA
C0103880,NA,NA
C0103881,NA,NA
C0103882,NA,NA
C0103883,NA,NA
C0103884,NA,NA
C0103885,NA,NA
C0103886,NA,NA
C0103887,227.83,113.08
C0103888,231.98,120.38
C0103889,NA,NA
C0103890,NA,NA
C0103891,NA,NA
C0103892,NA,NA
C0103893,NA,NA
C0103894,NA,NA
C0103895,NA,NA
C0103896,NA,NA
C0103897,NA,NA
C0103898,NA,NA
C0103899,NA,NA
C0103900,NA,NA
C0103901,NA,NA
C0103902,NA,NA
C0103904,NA,NA
C0103905,NA,NA
C0103906,NA,NA
C0103907,NA,NA
C0103908,NA,NA
C0103909,NA,NA
C0103910,NA,NA
C0103911,NA,NA
C0103912,NA,NA
C0103913,NA,NA
C0103914,NA,NA
C0103915,NA,NA
C0103916,NA,NA
C0103917,NA,115.47
C0103918,NA,NA
C0103919,NA,NA
C0103920,220.66,NA
C0103921,NA,NA
C0103922,NA,NA
C0103923,NA,NA
C0103924,223.31,89.66
C0103925,NA,NA
C0103926,NA,NA
C0103927,NA,NA
C0103928,220.64,102.54
C0103929,NA,96.46
C0103930,NA,NA
C0103931,228.88,NA
C0103932,NA,NA
C0103933,NA,NA
C0103934,NA,NA
C0103935,228.48,NA
C0103936,NA,NA
C0103937,NA,NA
C0103938,NA,87.5
C0103939,NA,NA
C0103940,230.64,105.1
C0103941,224.61,NA
C0103942,228.38,93.06
C0103943,NA,NA
C0103944,NA,103.32
C0103945,NA,NA
C0103946,NA,NA
C0103947,NA,NA
C0103948,NA,NA
C0103949,NA,NA
C0103950,NA,NA
C0103951,NA,NA
C0103952,NA,NA
C0103953,NA,NA
C0103954,NA,NA
C0103955,NA,NA
C0103956,NA,NA
C0103957,NA,NA
C0103958,NA,NA
C0103959,NA,NA
C0103960,NA,NA
C0103961,NA,NA
C0103962,NA,NA
C0103963,NA,NA
C0103964,NA,NA
C0103965,NA,NA
C0103966,NA,NA
C0103968,NA,NA
C0103969,NA,NA
C0103970,NA,NA
C0103971,NA,NA
C0103972,NA,NA
C0103973,NA,NA
C0103974,NA,NA
C0103975,223.51,90.59
C0103976,NA,NA
C0103977,NA,NA
C0103978,NA,NA
C0103979,NA,NA
C0103980,NA,NA
C0103981,NA,NA
C0103982,NA,NA
C0103983,NA,NA
C0103984,NA,NA
C0103985,NA,NA
C0103986,NA,NA
C0103987,NA,NA
C0103996,NA,NA
C0103997,NA,NA
C0103999,NA,NA
C0104000,NA,NA
C0104001,NA,NA
C0104002,NA,NA
C0104003,NA,NA
C0104004,NA,NA
C0104005,NA,NA
C0104007,NA,NA
C0104008,NA,NA
C0104009,NA,NA
C0104010,NA,NA
C0104011,NA,NA
C0104012,NA,NA
C0104013,NA,NA
C0104014,NA,NA
C0104015,NA,NA
C0104016,NA,NA
C0104017,NA,NA
C0104018,NA,NA
C0104019,NA,NA
C0104020,NA,NA
C0104021,NA,NA
C0104022,NA,NA
C0104023,NA,NA
C0104024,NA,NA
C0104025,NA,NA
C0104026,NA,NA
C0104027,NA,NA
C0104028,NA,NA
C0104029,NA,NA
C0104030,NA,NA
C0104031,NA,NA
C0104032,NA,NA
C0104033,NA,NA
C0104034,NA,NA
C0104035,NA,NA
C0104036,NA,NA
C0104037,NA,NA
C0104038,NA,NA
C0104039,NA,NA
C0104040,NA,NA
C0104041,NA,NA
C0104042,NA,NA
C0104043,NA,NA
C0104044,NA,NA
C0104045,NA,NA
C0104046,NA,NA
C0104047,NA,NA
C0104048,NA,NA
C0104049,NA,NA
C0104050,NA,NA
C0104051,NA,NA
C0104052,NA,NA
C0104053,NA,NA
C0104054,NA,NA
C0104055,NA,NA
C0104056,NA,NA
C0104057,NA,NA
C0104058,NA,NA
C0104059,NA,NA
C0104060,NA,NA
C0104061,NA,NA
C0104062,NA,NA
C0104063,NA,NA
C0104064,NA,NA
C0104065,NA,NA
C0104066,NA,NA
C0104084,NA,NA
C0104106,NA,NA
C0104126,NA,NA
C0104137,NA,NA
C0104144,NA,NA
C0104151,NA,NA
C0104171,NA,NA
C0104173,NA,NA
C0104174,NA,NA
C0104175,NA,NA
C0104177,NA,NA
C0104178,NA,NA
C0104179,NA,NA
C0104180,NA,NA
C0104181,NA,NA
C0104182,NA,NA
C0104183,NA,NA
C0104184,NA,NA
C0104185,NA,NA
C0104186,NA,NA
C0104187,NA,NA
C0104188,NA,NA
C0104189,NA,NA
C0104190,NA,NA
C0104191,224.59,105.6
C0104192,NA,NA
C0104193,NA,NA
C0104194,NA,NA
C0104195,NA,NA
C0104196,NA,NA
C0104197,NA,NA
C0104198,NA,NA
C0104199,NA,NA
C0104200,NA,NA
C0104201,NA,NA
C0104202,NA,NA
C0104203,NA,NA
C0104204,NA,NA
C0104205,NA,NA
C0104206,NA,NA
C0104207,NA,NA
C0104208,NA,NA
C0104209,NA,NA
C0104210,NA,NA
C0104211,NA,NA
C0104212,NA,NA
C0104213,NA,NA
C0104214,NA,NA
C0104215,NA,NA
C0104216,NA,NA
C0104217,NA,NA
C0104218,NA,NA
C0104219,NA,NA
C0104220,NA,NA
C0104221,NA,NA
C0104222,NA,NA
C0104223,NA,NA
C0104224,NA,NA
C0104225,NA,NA
C0104227,NA,NA
C0104228,NA,NA
C0104229,NA,NA
C0104230,NA,NA
C0104231,NA,NA
C0104232,NA,NA
C0104233,NA,NA
C0104234,NA,NA
C0104235,NA,NA
C0104236,NA,NA
C0104237,NA,NA
C0104238,NA,NA
C0104239,NA,NA
C0104240,NA,NA
C0104241,NA,NA
C0104242,NA,NA
C0104243,NA,NA
C0104245,NA,NA
C0104246,NA,NA
C0104247,NA,NA
C0104248,NA,NA
C0104249,NA,NA
C0104250,NA,NA
C0104251,NA,NA
C0104252,NA,NA
C0104253,NA,NA
C0104254,NA,NA
C0104255,NA,NA
C0104256,NA,NA
C0104257,NA,NA
C0104258,NA,NA
C0104259,NA,NA
C0104260,NA,NA
C0104261,NA,NA
C0104262,NA,NA
C0104263,NA,NA
C0104264,NA,NA
C0104265,NA,NA
C0104266,NA,NA
C0104269,NA,NA
C0104270,NA,NA
C0104271,NA,NA
C0104272,NA,NA
C0104273,NA,NA
C0104274,NA,NA
C0104276,NA,NA
C0104277,NA,NA
C0104278,NA,NA
C0104279,NA,NA
C0104280,NA,NA
C0104281,NA,NA
C0104282,NA,NA
C0104283,NA,NA
C0104284,NA,NA
C0104285,NA,NA
C0104286,NA,NA
C0104287,NA,NA
C0104288,NA,NA
C0104289,NA,NA
C0104290,NA,NA
C0104291,NA,NA
C0104292,NA,NA
C0104293,NA,NA
C0104294,NA,NA
C0104295,NA,NA
C0104296,NA,NA
C0104298,NA,NA
C0104300,NA,NA
C0104301,NA,NA
C0104302,NA,NA
C0104303,NA,NA
C0104304,NA,NA
C0104307,NA,NA
C0104308,NA,NA
C0104309,NA,NA
C0104310,NA,NA
C0104313,NA,NA
C0104314,NA,NA
C0104315,NA,NA
C0104316,NA,NA
C0104317,NA,NA
C0104318,NA,NA
C0104319,NA,NA
C0104321,NA,NA
C0104322,NA,NA
C0104323,NA,NA
C0104324,NA,NA
C0104326,NA,NA
C0104327,NA,NA
C0104328,NA,NA
C0104330,NA,NA
C0104331,NA,NA
C0104332,NA,NA
C0104333,NA,NA
C0104334,NA,NA
C0104335,NA,NA
C0104336,NA,NA
C0104337,NA,NA
C0104339,NA,NA
C0104340,NA,NA
C0104341,NA,NA
C0104342,NA,NA
C0104343,NA,NA
C0104344,NA,NA
C0104347,NA,NA
C0104348,NA,NA
C0104349,NA,NA
C0104350,NA,NA
C0104351,NA,NA
C0104352,NA,NA
C0104353,NA,NA
C0104354,NA,NA
C0104355,NA,NA
C0104356,NA,NA
C0104357,NA,NA
C0104358,NA,NA
C0104359,NA,NA
C0104360,NA,NA
C0104361,NA,NA
C0104362,NA,NA
C0104363,NA,NA
C0104364,NA,NA
C0104365,NA,NA
C0104366,NA,NA
C0104367,NA,NA
C0104368,NA,NA
C0104369,NA,NA
C0104370,NA,NA
C0104371,NA,NA
C0104372,NA,NA
C0104373,NA,NA
C0104374,NA,NA
C0104375,NA,NA
C0104376,NA,NA
C0104377,NA,NA
C0104378,NA,NA
C0104379,NA,NA
C0104380,NA,NA
C0104382,NA,NA
C0104384,NA,NA
C0104385,NA,NA
C0104386,NA,NA
C0104387,NA,NA
C0104388,NA,NA
C0104389,NA,NA
C0104390,NA,NA
C0104391,NA,NA
C0104392,NA,NA
C0104393,NA,NA
C0104394,NA,NA
C0104395,NA,NA
C0104396,NA,NA
C0104399,NA,NA
C0104400,NA,NA
C0104401,NA,NA
C0104402,NA,NA
C0104403,NA,NA
C0104404,NA,NA
C0104405,NA,NA
C0104406,NA,NA
C0104408,NA,NA
C0104410,NA,NA
C0104411,NA,NA
C0104412,NA,NA
C0104413,NA,NA
C0104414,NA,NA
C0104416,NA,NA
C0104417,NA,NA
C0104419,NA,NA
C0104420,NA,NA
C0104421,NA,NA
C0104422,NA,NA
C0104423,NA,NA
C0104424,NA,NA
C0104425,NA,NA
C0104426,NA,NA
C0104427,NA,NA
C0104428,NA,NA
C0104429,NA,NA
C0104430,NA,NA
C0104431,NA,NA
C0104432,NA,NA
C0104433,NA,NA
C0104435,NA,NA
C0104436,NA,NA
C0104437,NA,NA
C0104438,NA,NA
C0104439,NA,NA
C0104440,NA,NA
C0104441,NA,NA
C0104442,NA,NA
C0104443,NA,NA
C0104445,NA,NA
C0104446,NA,NA
C0104447,NA,NA
C0104448,NA,NA
C0104449,NA,NA
C0104450,NA,NA
C0104451,NA,NA
C0104452,NA,NA
C0104454,NA,NA
C0104455,NA,NA
C0104456,NA,NA
C0104457,NA,NA
C0104458,NA,NA
C0104459,NA,NA
C0104460,NA,NA
C0104461,NA,NA
C0104462,NA,NA
C0104463,NA,NA
C0104464,NA,NA
C0104465,NA,NA
C0104466,NA,NA
C0104467,NA,NA
C0104468,NA,NA
C0104469,NA,NA
C0104470,NA,NA
C0104471,NA,NA
C0104472,NA,NA
C0104473,NA,NA
C0104474,NA,NA
C0104475,NA,NA
C0104476,NA,NA
C0104477,NA,NA
C0104478,NA,NA
C0104479,NA,NA
C0104480,NA,NA
C0104481,NA,NA
C0104482,NA,NA
C0104483,NA,NA
C0104484,NA,NA
C0104485,NA,NA
C0104486,NA,NA
C0104487,NA,NA
C0104488,NA,NA
C0104489,NA,NA
C0104490,NA,NA
C0104491,NA,NA
C0104492,NA,NA
C0104493,NA,NA
C0104494,NA,NA
C0104495,NA,NA
C0104496,NA,NA
C0104497,NA,NA
C0104498,NA,NA
C0104499,NA,NA
C0104500,NA,NA
C0104501,NA,NA
C0104502,NA,NA
C0104503,NA,NA
C0104505,NA,NA
C0104506,NA,NA
C0104507,NA,NA
C0104508,NA,NA
C0104509,NA,NA
C0104510,NA,NA
C0104512,NA,NA
C0104513,NA,NA
C0104514,NA,NA
C0104515,NA,NA
C0104516,NA,NA
C0104517,NA,NA
C0104518,NA,NA
C0104519,NA,NA
C0104520,NA,NA
C0104521,NA,NA
C0104522,NA,NA
C0104523,NA,NA
C0104524,NA,NA
C0104525,NA,NA
C0104526,NA,NA
C0104527,NA,NA
C0104528,NA,NA
C0104529,NA,NA
C0104530,NA,NA
C0104531,NA,NA
C0104532,NA,NA
C0104533,NA,NA
C0104534,NA,NA
C0104535,NA,NA
C0104536,NA,NA
C0104537,NA,NA
C0104538,NA,NA
C0104539,NA,NA
C0104540,NA,NA
C0104541,NA,NA
C0104542,NA,NA
C0104543,NA,NA
C0104544,NA,NA
C0104545,NA,NA
C0104546,NA,NA
C0104547,NA,NA
C0104548,NA,NA
C0104549,NA,NA
C0104550,NA,NA
C0104551,NA,NA
C0104552,NA,NA
C0104553,NA,NA
C0104554,NA,NA
C0104555,NA,NA
C0104556,NA,NA
C0104557,NA,NA
C0104558,NA,NA
C0104559,NA,NA
C0104560,NA,NA
C0104562,NA,NA
C0104563,NA,NA
C0104564,NA,NA
C0104565,NA,NA
C0104566,NA,NA
C0104567,NA,NA
C0104568,NA,NA
C0104569,NA,NA
C0104570,NA,NA
C0104571,NA,NA
C0104572,NA,NA
C0104573,NA,NA
C0104574,NA,NA
C0104575,NA,NA
C0104576,NA,NA
C0104577,NA,NA
C0104578,NA,NA
C0104579,NA,NA
C0104580,NA,NA
C0104581,NA,NA
C0104582,NA,NA
C0104583,NA,NA
C0104584,NA,NA
C0104585,NA,NA
C0104586,NA,NA
C0104591,NA,NA
C0104592,NA,NA
C0104593,NA,NA
C0104594,NA,NA
C0104595,NA,NA
C0104596,NA,NA
C0104597,NA,NA
C0104598,NA,NA
C0104599,NA,NA
C0104600,NA,NA
C0104601,NA,NA
C0104602,NA,NA
C0104603,NA,NA
C0104604,NA,NA
C0104605,NA,NA
C0104606,NA,NA
C0104607,NA,NA
C0104608,NA,NA
C0104609,NA,NA
C0104610,NA,NA
C0104611,NA,NA
C0104612,NA,NA
C0104613,NA,NA
C0104614,NA,NA
C0104615,NA,NA
C0104616,NA,NA
C0104617,NA,NA
C0104618,NA,NA
C0104619,NA,NA
C0104620,NA,NA
C0104621,NA,NA
C0104622,NA,NA
C0104623,NA,NA
C0104624,NA,NA
C0104625,NA,NA
C0104626,NA,NA
C0104627,NA,NA
C0104628,NA,NA
C0104629,NA,NA
C0104630,NA,NA
C0104631,NA,NA
C0104632,NA,NA
C0104633,NA,NA
C0104634,NA,NA
C0104635,NA,NA
C0104636,NA,NA
C0104637,NA,NA
C0104638,NA,NA
C0104639,NA,NA
C0104640,NA,NA
C0104641,NA,NA
C0104642,NA,NA
C0104643,NA,NA
C0104644,NA,NA
C0104645,NA,NA
C0104646,NA,NA
C0104647,NA,NA
C0104648,NA,NA
C0104649,NA,NA
C0104650,NA,NA
C0104652,NA,NA
C0104653,NA,NA
C0104654,NA,NA
C0104655,NA,NA
C0104656,NA,NA
C0104657,NA,NA
C0104658,NA,NA
C0104659,NA,NA
C0104660,NA,NA
C0104661,NA,NA
C0104662,NA,NA
C0104664,NA,NA
C0104665,NA,NA
C0104666,NA,NA
C0104667,NA,NA
C0104668,NA,NA
C0104669,NA,NA
C0104670,NA,NA
C0104671,NA,NA
C0104672,NA,NA
C0104673,NA,NA
C0104674,NA,NA
C0104675,NA,NA
C0104676,NA,NA
C0104677,NA,NA
C0104682,NA,NA
C0104683,NA,NA
C0104684,NA,NA
C0104686,NA,NA
C0104687,NA,NA
C0104688,NA,NA
C0104689,NA,NA
C0104690,NA,NA
C0104691,NA,NA
C0104694,NA,NA
C0104697,NA,NA
C0104698,NA,NA
C0104699,NA,NA
C0104700,NA,NA
C0104701,NA,NA
C0104703,228.68,108.07
C0104704,NA,NA
C0104705,NA,NA
C0104706,NA,NA
C0104709,NA,NA
C0104710,NA,NA
C0104711,NA,NA
C0104712,NA,NA
C0104713,NA,NA
C0104714,NA,NA
C0104715,NA,NA
C0104716,NA,NA
C0104717,NA,NA
C0104718,NA,NA
C0104719,NA,NA
C0104720,NA,NA
C0104721,NA,NA
C0104722,NA,NA
C0104723,NA,NA
C0104724,NA,NA
C0104725,NA,NA
C0104726,NA,NA
C0104727,NA,NA
C0104728,NA,NA
C0104729,NA,NA
C0104730,NA,NA
C0104731,NA,NA
C0104732,NA,NA
C0104733,NA,NA
C0104734,NA,NA
C0104735,NA,NA
C0104736,NA,NA
C0104737,NA,NA
C0104738,NA,NA
C0104739,NA,NA
C0104740,NA,NA
C0104741,NA,NA
C0104742,NA,NA
C0104743,NA,NA
C0104744,NA,NA
C0104745,NA,NA
C0104746,NA,NA
C0104747,NA,NA
C0104748,NA,NA
C0104749,NA,NA
C0104750,NA,NA
C0104751,NA,NA
C0104752,NA,NA
C0104753,NA,NA
C0104754,NA,NA
C0104755,NA,NA
C0104756,NA,NA
C0104757,NA,NA
C0104758,NA,NA
C0104759,NA,NA
C0104760,NA,NA
C0104761,NA,NA
C0104762,NA,NA
C0104763,NA,NA
C0104764,NA,NA
C0104766,NA,NA
C0104767,NA,NA
C0104768,NA,NA
C0104769,NA,NA
C0104770,NA,NA
C0104771,NA,NA
C0104772,NA,NA
C0104773,NA,NA
C0104774,NA,NA
C0104775,NA,NA
C0104776,NA,NA
C0104777,NA,NA
C0104778,NA,NA
C0104779,NA,NA
C0104780,NA,NA
C0104781,NA,NA
C0104782,NA,NA
C0104783,NA,NA
C0104784,NA,NA
C0104785,NA,NA
C0104786,NA,NA
C0104787,NA,NA
C0104788,NA,NA
C0104789,NA,NA
C0104790,NA,NA
C0104791,NA,NA
C0104792,227.24,NA
C0104793,NA,NA
C0104794,NA,NA
C0104795,NA,NA
C0104796,NA,NA
C0104797,NA,NA
C0104798,NA,NA
C0104799,NA,NA
C0104800,NA,NA
C0104801,NA,NA
C0104802,NA,NA
C0104803,NA,NA
C0104804,NA,NA
C0104805,NA,NA
C0104806,NA,NA
C0104807,NA,NA
C0104808,NA,NA
C0104809,NA,NA
C0104810,NA,NA
C0104811,NA,NA
C0104812,NA,NA
C0104813,NA,NA
C0104814,NA,NA
C0104815,NA,NA
C0104816,NA,NA
C0104817,NA,NA
C0104819,NA,NA
C0104820,NA,NA
C0104821,NA,NA
C0104822,NA,NA
C0104823,NA,NA
C0104824,225.57,100.41
C0104825,222.2,101.41
C0104826,NA,NA
C0104827,NA,NA
C0104828,NA,NA
C0104830,NA,NA
C0104832,NA,NA
C0104833,NA,NA
C0104834,NA,NA
C0104835,NA,NA
C0104836,NA,NA
C0104837,NA,NA
C0104838,NA,NA
C0104839,NA,NA
C0104840,NA,NA
C0104841,NA,NA
C0104842,NA,NA
C0104843,NA,NA
C0104845,NA,NA
C0104846,NA,NA
C0104847,NA,NA
C0104848,NA,NA
C0104849,NA,NA
C0104850,NA,NA
C0104851,NA,NA
C0104852,NA,NA
C0104853,NA,NA
C0104854,NA,NA
C0104855,NA,NA
C0104856,NA,NA
C0104857,NA,NA
C0104858,NA,NA
C0104859,NA,NA
C0104860,NA,NA
C0104861,NA,NA
C0104862,NA,NA
C0104864,NA,NA
C0104865,NA,NA
C0104868,NA,NA
C0104869,NA,NA
C0104870,NA,NA
C0104871,NA,NA
C0104872,NA,NA
C0104873,NA,NA
C0104874,NA,NA
C0104875,NA,NA
C0104876,NA,NA
C0104877,NA,NA
C0104878,NA,NA
C0104879,NA,NA
C0104880,NA,NA
C0104881,NA,NA
C0104882,NA,NA
C0104883,NA,NA
C0104884,NA,NA
C0104885,NA,NA
C0104886,NA,NA
C0104887,NA,NA
C0104889,NA,NA
C0104890,NA,NA
C0104891,NA,NA
C0104892,NA,NA
C0104893,NA,NA
C0104898,NA,NA
C0104899,NA,NA
C0104900,NA,NA
C0104901,NA,NA
C0104902,NA,NA
C0104903,NA,NA
C0104904,NA,NA
C0104905,NA,NA
C0104906,NA,NA
C0104907,NA,NA
C0104908,NA,NA
C0104909,NA,NA
C0104910,NA,NA
C0104912,NA,NA
C0104913,NA,NA
C0104914,NA,NA
C0104915,226,93.92
C0104917,NA,NA
C0104918,NA,NA
C0104919,NA,NA
C0104920,NA,NA
C0104921,NA,NA
C0104922,NA,NA
C0104923,NA,88.76
C0104924,NA,NA
C0104925,222.38,84.87
C0104926,223.51,90.04
C0104927,NA,NA
C0104928,227.06,90.65
C0104929,222.49,83.97
C0104931,NA,NA
C0104932,224.14,90.2
C0104933,225.63,88.18
C0104934,226.4,83.88
C0104935,NA,NA
C0104936,NA,NA
C0104937,NA,NA
C0104938,NA,NA
C0104939,NA,NA
C0104940,NA,NA
C0104941,NA,NA
C0104943,NA,NA
C0104944,NA,NA
C0104945,NA,NA
C0104946,NA,NA
C0104947,NA,NA
C0104948,NA,NA
C0104949,NA,NA
C0104950,NA,NA
C0104951,NA,NA
C0104952,NA,NA
C0104954,NA,NA
C0104956,NA,NA
C0104957,NA,NA
C0104958,NA,NA
C0104959,NA,NA
C0104960,NA,NA
C0104961,NA,NA
C0104962,NA,NA
C0104963,NA,NA
C0104964,NA,NA
C0104965,NA,NA
C0104966,NA,NA
C0104967,NA,NA
C0104968,NA,NA
C0104969,NA,NA
C0104970,NA,NA
C0104971,NA,NA
C0104972,NA,NA
C0104973,NA,NA
C0104974,NA,NA
C0104975,NA,NA
C0104976,NA,NA
C0104977,NA,NA
C0104978,NA,NA
C0104979,NA,NA
C0104980,NA,NA
C0104982,NA,NA
C0104983,NA,NA
C0104984,NA,NA
C0104985,NA,NA
C0104988,NA,NA
C0104989,NA,NA
C0104990,NA,NA
C0104991,NA,NA
C0104992,NA,NA
C0104993,NA,NA
C0104994,NA,NA
C0104995,NA,NA
C0104997,NA,NA
C0104998,NA,NA
C0104999,NA,NA
C0105000,NA,NA
C0105001,NA,NA
C0105002,NA,NA
C0105003,NA,NA
C0105004,NA,NA
C0105006,NA,NA
C0105007,NA,NA
C0105008,NA,NA
C0105009,NA,NA
C0105010,NA,NA
C0105011,NA,NA
C0105012,NA,NA
C0105013,NA,NA
C0105014,NA,NA
C0105015,NA,NA
C0105016,NA,NA
C0105017,NA,NA
C0105019,NA,NA
C0105020,NA,NA
C0105021,NA,NA
C0105022,NA,NA
C0105023,NA,NA
C0105024,NA,NA
C0105026,NA,NA
C0105027,NA,NA
C0105028,NA,NA
C0105029,NA,NA
C0105030,221.61,77.7
C0105031,NA,NA
C0105032,NA,NA
C0105033,NA,NA
C0105035,NA,NA
C0105036,NA,NA
C0105037,NA,NA
C0105039,NA,NA
C0105040,NA,NA
C0105042,NA,NA
C0105043,NA,NA
C0105044,NA,NA
C0105045,NA,NA
C0105046,NA,NA
C0105047,NA,NA
C0105048,NA,NA
C0105049,NA,NA
C0105051,NA,NA
C0105052,NA,NA
C0105053,NA,NA
C0105054,NA,NA
C0105055,NA,NA
C0105056,NA,NA
C0105057,NA,NA
C0105058,NA,NA
C0105060,NA,NA
C0105061,NA,NA
C0105062,NA,NA
C0105063,NA,NA
C0105064,NA,NA
C0105065,NA,NA
C0105066,NA,NA
C0105067,NA,NA
C0105068,NA,NA
C0105069,NA,NA
C0105070,NA,NA
C0105071,NA,NA
C0105073,NA,NA
C0105074,NA,NA
C0105075,NA,NA
C0105076,NA,NA
C0105077,NA,NA
C0105078,NA,NA
C0105079,NA,NA
C0105080,NA,NA
C0105081,NA,NA
C0105082,NA,NA
C0105083,NA,NA
C0105084,NA,NA
C0105085,NA,NA
C0105086,NA,NA
C0105087,NA,NA
C0105088,NA,NA
C0105089,NA,NA
C0105090,NA,NA
C0105091,NA,NA
C0105092,NA,NA
C0105093,NA,NA
C0105094,NA,NA
C0105095,NA,NA
C0105096,NA,NA
C0105097,NA,NA
C0105098,NA,NA
C0105099,NA,NA
C0105100,NA,NA
C0105101,NA,NA
C0105102,NA,NA
C0105103,NA,NA
C0105104,NA,NA
C0105105,NA,NA
C0105106,NA,NA
C0105107,NA,NA
C0105108,NA,NA
C0105109,NA,NA
C0105110,NA,NA
C0105111,NA,NA
C0105112,NA,NA
C0105113,NA,NA
C0105114,NA,NA
C0105115,NA,NA
C0105116,NA,NA
C0105117,NA,NA
C0105118,NA,NA
C0105119,NA,NA
C0105120,NA,NA
C0105121,NA,NA
C0105122,NA,NA
C0105123,NA,NA
C0105124,NA,NA
C0105125,NA,NA
C0105126,NA,NA
C0105127,NA,NA
C0105128,NA,NA
C0105129,NA,NA
C0105191,NA,NA
C0105192,NA,NA
C0105193,NA,NA
C0105194,NA,NA
C0105195,NA,NA
C0105196,NA,NA
C0105197,NA,NA
C0105198,NA,NA
C0105199,NA,NA
C0105200,NA,NA
C0105201,NA,NA
C0105202,NA,NA
C0105203,NA,NA
C0105204,NA,NA
C0105205,NA,NA
C0105206,NA,NA
C0105207,NA,NA
C0105208,NA,NA
C0105209,NA,NA
C0105210,NA,NA
C0105211,NA,NA
C0105212,NA,NA
C0105213,NA,NA
C0105214,NA,NA
C0105215,NA,NA
C0105216,NA,NA
C0105217,NA,NA
C0105218,NA,NA
C0105219,NA,NA
C0105220,NA,NA
C0105221,NA,NA
C0105222,NA,NA
C0105223,NA,NA
C0105224,NA,NA
C0105225,NA,NA
C0105226,NA,NA
C0105227,NA,NA
C0105228,NA,NA
C0105229,NA,NA
C0105230,NA,NA
C0105231,NA,NA
C0105232,NA,NA
C0105233,NA,NA
C0105234,NA,NA
C0105235,NA,NA
C0105236,NA,NA
C0105237,NA,NA
C0105238,NA,NA
C0105239,NA,NA
C0105240,NA,NA
C0105241,NA,NA
C0105242,NA,NA
C0105243,NA,NA
C0105244,NA,NA
C0105245,NA,NA
C0105246,NA,NA
C0105247,NA,NA
C0105248,NA,NA
C0105249,NA,NA
C0105250,NA,NA
C0105251,NA,NA
C0105252,NA,NA
C0105253,NA,NA
C0105254,NA,NA
C0105255,NA,NA
C0105256,NA,NA
C0105257,NA,NA
C0105258,NA,NA
C0105259,NA,NA
C0105260,NA,NA
C0105261,NA,NA
C0105262,NA,NA
C0105263,NA,NA
C0105264,NA,NA
C0105265,NA,NA
C0105266,NA,NA
C0105267,NA,NA
C0105268,NA,NA
C0105269,NA,NA
C0105270,NA,NA
C0105271,NA,NA
C0105301,NA,NA
C0105302,NA,NA
C0105303,NA,NA
C0105304,NA,NA
C0105314,NA,NA
C0105319,NA,NA
C0105320,NA,NA
C0105321,NA,NA
C0105327,NA,NA
C0105328,NA,NA
C0105329,NA,NA
C0105330,NA,NA
C0105332,NA,NA
C0105333,NA,NA
C0105334,NA,NA
C0105335,NA,NA
C0105336,NA,NA
C0105339,NA,NA
C0105340,NA,NA
C0105344,NA,NA
C0105345,NA,NA
C0105364,NA,NA
C0105373,NA,NA
C0105378,NA,NA
C0105382,NA,NA
C0105383,NA,NA
C0105386,NA,NA
C0105387,NA,NA
C0105389,NA,NA
C0105391,NA,NA
C0105392,NA,NA
C0105393,NA,93.26
C0105394,NA,NA
C0105395,NA,NA
C0105396,NA,NA
C0105397,NA,NA
C0105398,NA,NA
C0105400,NA,NA
C0105401,NA,NA
C0105402,NA,NA
C0105403,NA,NA
C0105404,NA,NA
C0105407,NA,NA
C0105408,NA,NA
C0105411,NA,NA
C0105412,NA,NA
C0105413,NA,NA
C0105415,NA,NA
C0105416,NA,NA
C0105418,NA,NA
C0105419,NA,NA
C0105420,NA,NA
C0105421,NA,NA
C0105422,NA,NA
C0105423,NA,NA
C0105424,232.86,93.32
C0105425,NA,NA
C0105426,NA,NA
C0105427,NA,NA
C0105428,NA,NA
C0105429,NA,NA
C0105430,NA,NA
C0105431,NA,NA
C0105432,NA,NA
C0105433,NA,NA
C0105434,NA,NA
C0105435,NA,NA
C0105436,NA,NA
C0105437,NA,NA
C0105438,NA,NA
C0105439,NA,NA
C0105440,NA,NA
C0105441,NA,NA
C0105442,NA,NA
C0105443,NA,NA
C0105444,NA,NA
C0105445,NA,NA
C0105446,NA,NA
C0105448,NA,NA
C0105449,NA,NA
C0105450,NA,NA
C0105451,NA,NA
C0105452,NA,NA
C0105454,NA,NA
C0105455,NA,NA
C0105456,NA,NA
C0105457,NA,NA
C0105458,NA,NA
C0105461,NA,NA
C0105462,NA,NA
C0105463,NA,NA
C0105464,NA,NA
C0105465,NA,NA
C0105466,NA,NA
C0105467,NA,NA
C0105468,NA,NA
C0105469,NA,NA
C0105470,NA,NA
C0105471,NA,NA
C0105472,NA,NA
C0105473,NA,NA
C0105474,NA,NA
C0105475,NA,NA
C0105476,NA,NA
C0105477,NA,NA
C0105478,NA,NA
C0105479,NA,NA
C0105480,NA,NA
C0105481,NA,NA
C0105482,NA,NA
C0105483,NA,NA
C0105484,NA,NA
C0105485,NA,NA
C0105486,NA,NA
C0105487,NA,NA
C0105488,NA,NA
C0105489,NA,NA
C0105490,NA,NA
C0105491,NA,NA
C0105492,NA,NA
C0105493,NA,NA
C0105494,NA,NA
C0105495,NA,NA
C0105496,NA,NA
C0105497,NA,NA
C0105498,NA,NA
C0105499,NA,NA
C0105500,NA,NA
C0105501,NA,NA
C0105502,NA,NA
C0105503,NA,NA
C0105504,NA,NA
C0105505,NA,NA
C0105506,NA,NA
C0105507,NA,NA
C0105508,NA,NA
C0105509,NA,NA
C0105510,NA,NA
C0105511,NA,NA
C0105512,NA,NA
C0105513,NA,NA
C0105514,NA,NA
C0105515,NA,NA
C0105516,NA,NA
C0105517,NA,NA
C0105518,NA,NA
C0105519,NA,NA
C0105520,NA,NA
C0105521,NA,NA
C0105522,NA,NA
C0105523,NA,NA
C0105524,NA,NA
C0105525,NA,NA
C0105526,NA,NA
C0105527,NA,NA
C0105528,NA,NA
C0105529,NA,NA
C0105530,NA,NA
C0105531,NA,NA
C0105532,NA,NA
C0105533,NA,NA
C0105534,NA,NA
C0105535,NA,NA
C0105536,NA,NA
C0105537,NA,NA
C0105538,NA,NA
C0105539,NA,NA
C0105540,NA,NA
C0105541,NA,NA
C0105542,NA,NA
C0105543,NA,NA
C0105544,NA,NA
C0105545,NA,NA
C0105546,NA,NA
C0105547,NA,NA
C0105548,NA,NA
C0105549,NA,NA
C0105550,NA,NA
C0105551,NA,NA
C0105552,NA,NA
C0105553,NA,NA
C0105554,NA,NA
C0105555,NA,NA
C0105556,NA,NA
C0105557,NA,NA
C0105558,NA,NA
C0105559,NA,NA
C0105560,NA,NA
C0105561,NA,NA
C0105562,NA,NA
C0105563,NA,NA
C0105564,NA,NA
C0105565,NA,NA
C0105566,NA,NA
C0105568,NA,NA
C0105569,NA,NA
C0105570,NA,NA
C0105571,NA,NA
C0105572,NA,NA
C0105573,NA,NA
C0105574,NA,NA
C0105575,NA,NA
C0105576,NA,NA
C0105577,NA,NA
C0105578,NA,NA
C0105579,NA,NA
C0105580,NA,NA
C0105581,NA,NA
C0105583,NA,NA
C0105584,NA,NA
C0105585,NA,NA
C0105586,NA,NA
C0105587,NA,NA
C0105588,NA,NA
C0105589,NA,NA
C0105590,NA,NA
C0105591,NA,NA
C0105592,NA,NA
C0105593,NA,NA
C0105595,NA,NA
C0105596,NA,NA
C0105597,NA,NA
C0105598,NA,NA
C0105599,NA,NA
C0105600,NA,NA
C0105601,NA,NA
C0105602,NA,NA
C0105603,NA,NA
C0105605,NA,NA
C0105606,NA,NA
C0105607,NA,NA
C0105608,NA,NA
C0105609,NA,NA
C0105610,NA,NA
C0105611,NA,NA
C0105612,NA,NA
C0105613,NA,NA
C0105614,NA,NA
C0105615,NA,NA
C0105616,NA,NA
C0105617,NA,NA
C0105618,NA,NA
C0105619,NA,NA
C0105620,NA,NA
C0105621,NA,NA
C0105625,NA,NA
C0105626,NA,NA
C0105627,NA,NA
C0105628,NA,NA
C0105629,NA,NA
C0105630,NA,NA
C0105631,NA,NA
C0105632,NA,NA
C0105633,NA,NA
C0105634,NA,NA
C0105635,NA,NA
C0105636,NA,NA
C0105637,NA,NA
C0105638,NA,NA
C0105639,NA,NA
C0105640,NA,NA
C0105641,NA,NA
C0105642,NA,NA
C0105643,NA,NA
C0105644,NA,NA
C0105645,NA,NA
C0105646,NA,NA
C0105647,NA,NA
C0105648,NA,NA
C0105649,NA,NA
C0105650,NA,NA
C0105651,NA,NA
C0105652,NA,NA
C0105653,NA,NA
C0105654,NA,NA
C0105655,NA,NA
C0105656,NA,NA
C0105657,NA,NA
C0105658,NA,NA
C0105659,NA,NA
C0105660,NA,NA
C0105661,NA,NA
C0105662,NA,NA
C0105663,NA,NA
C0105664,NA,NA
C0105665,NA,NA
C0105666,NA,NA
C0105667,NA,NA
C0105668,NA,NA
C0105669,NA,NA
C0105670,NA,NA
C0105671,NA,NA
C0105672,NA,NA
C0105673,NA,NA
C0105674,NA,NA
C0105675,NA,NA
C0105676,NA,NA
C0105677,NA,NA
C0105678,NA,NA
C0105679,NA,NA
C0105680,NA,NA
C0105681,NA,NA
C0105682,NA,NA
C0105683,NA,NA
C0105684,NA,NA
C0105685,NA,NA
C0105686,NA,NA
C0105687,NA,NA
C0105688,NA,NA
C0105689,NA,NA
C0105690,NA,NA
C0105691,NA,NA
C0105692,NA,NA
C0105693,NA,NA
C0105694,NA,NA
C0105695,NA,NA
C0105696,NA,NA
C0105697,NA,NA
C0105698,NA,NA
C0105699,NA,NA
C0105700,NA,NA
C0105701,NA,NA
C0105702,NA,NA
C0105703,NA,NA
C0105704,NA,NA
C0105705,NA,NA
C0105706,NA,NA
C0105707,NA,NA
C0105708,NA,NA
C0105709,NA,NA
C0105710,NA,NA
C0105711,NA,NA
C0105712,NA,NA
C0105713,NA,NA
C0105714,NA,NA
C0105715,NA,NA
C0105716,NA,NA
C0105717,NA,NA
C0105718,NA,NA
C0105719,NA,NA
C0105720,NA,NA
C0105721,NA,NA
C0105722,NA,NA
C0105723,NA,NA
C0105724,NA,NA
C0105725,NA,NA
C0105726,NA,NA
C0105727,NA,NA
C0105728,NA,NA
C0105729,NA,NA
C0105730,NA,NA
C0105731,NA,NA
C0105732,NA,NA
C0105733,NA,NA
C0105734,NA,NA
C0105735,NA,NA
C0105736,NA,NA
C0105737,NA,NA
C0105738,NA,NA
C0105739,NA,NA
C0105740,NA,NA
C0105741,NA,NA
C0105742,NA,NA
C0105743,NA,NA
C0105744,NA,NA
C0105745,NA,NA
C0105746,NA,NA
C0105747,NA,NA
C0105748,219.72,111.06
C0105749,NA,NA
C0105750,NA,NA
C0105794,NA,NA
C0105804,NA,NA
C0105845,NA,NA
C0105847,NA,NA
C0105848,NA,NA
C0105849,NA,NA
C0105850,NA,NA
C0105851,NA,NA
C0105853,NA,NA
C0105854,NA,NA
C0105855,NA,NA
C0105856,NA,NA
C0105857,NA,NA
C0105858,NA,NA
C0105859,NA,NA
C0105860,NA,NA
C0105861,NA,NA
C0105862,NA,NA
C0105863,NA,NA
C0105864,NA,NA
C0105865,NA,NA
C0105866,NA,NA
C0105867,NA,NA
C0105868,NA,NA
C0105869,NA,NA
C0105870,NA,NA
C0105871,NA,NA
C0105872,NA,NA
