accenumb,campaign,plant_height,days_to_heading,thousand_kernel_weight
NC003561,1996-1997,NA,NA,40.01162795
NC003561,1996-1997,67,144,NA
NC003561,1996-1997,68,144,NA
NC003561,1996-1997,77,146,NA
NC003561,1996-1997,78,144,NA
NC003561,1996-1997,85,144,NA
NC003561,1996-1997,86,146,NA
NC003561,1996-1997,89,144,NA
NC003561,1996-1997,89,145,NA
NC003561,1996-1997,93,140,NA
NC006530,1996-1997,113,168,43.796511675
NC006531,1996-1997,120,166,46.71627912
NC006565,1996-1997,120,174,49.52790703
NC006585,1996-1997,118,170,36.443023295
NC006586,1996-1997,122,166,44.445348885
NC020350,1996-1997,87,151,50.284883775
NC020603,1996-1997,123,173,45.20232563
NC020605,1996-1997,125,169,56.124418665
NC020638,1996-1997,100,173,58.070930295
NC024102,1996-1997,122,158,43.796511675
NC024286,1996-1997,115,170,52.447674475
NC024700,1996-1997,100,166,49.636046565
NC024745,1996-1997,101,173,46.71627912
NC024771,1996-1997,109,163,48.554651215
NC024774,1996-1997,99,164,65.96511635
NC026258,1996-1997,106,158,43.796511675
NC027210,1996-1997,116,160,46.28372098
NC027266,1996-1997,115,176,36.98372097
NC027502,1996-1997,124,165,55.908139595
NC027550,1996-1997,131,158,47.256976795
NC027556,1996-1997,114,164,38.822093065
NC027559,1996-1997,133,158,50.933720985
NC027560,1996-1997,135,158,59.90930239
NC027561,1996-1997,140,171,58.503488435
NC027579,1996-1997,89,138,51.69069773
NC027604,1996-1997,127,151,65.53255821
NC027605,1996-1997,130,164,59.47674425
NC027606,1996-1997,130,164,46.50000005
NC027607,1996-1997,135,167,48.122093075
NC027608,1996-1997,137,165,51.150000055
NC027610,1996-1997,128,150,56.01627913
NC027614,1996-1997,134,158,45.4186047
NC027619,1996-1997,129,165,50.39302331
NC027620,1996-1997,135,163,55.80000006
NC027628,1996-1997,131,151,50.82558145
NC027629,1996-1997,128,153,57.09767448
NC027663,1996-1997,126,164,45.85116284
NC027674,1996-1997,138,160,38.605813995
NC027680,1996-1997,122,163,42.82325586
NC027681,1996-1997,127,157,51.798837265
NC027762,1996-1997,87,139,57.31395355
NC027774,1996-1997,123,157,46.50000005
NC027784,1996-1997,116,163,56.2325582
NC027788,1996-1997,115,171,43.03953493
NC027789,1996-1997,116,165,54.71860471
NC027790,1996-1997,106,165,66.073255885
NC027791,1996-1997,123,157,44.877907025
NC027795,1996-1997,108,162,49.7441861
NC027803,1996-1997,112,165,54.610465175
NC027808,1996-1997,110,150,42.17441865
NC027811,1996-1997,119,166,49.52790703
NC027822,1996-1997,128,167,46.824418655
NC027862,1996-1997,117,167,38.28139539
NC027868,1996-1997,131,167,38.605813995
NC027871,1996-1997,118,171,59.47674425
NC027894,1996-1997,120,165,41.52558144
NC027895,1996-1997,121,164,49.52790703
NC027907,1996-1997,131,172,52.988372149999996
NC027908,1996-1997,122,170,51.69069773
NC027950,1996-1997,132,163,55.908139595
NC027951,1996-1997,136,164,56.2325582
NC027974,1996-1997,113,172,55.908139595
NC027982,1996-1997,142,164,48.44651168
NC027991,1996-1997,129,168,49.7441861
NC028015,1996-1997,143,162,60.12558146
NC028016,1996-1997,110,135,64.45116286
NC028017,1996-1997,140,150,61.747674485
NC028040,1996-1997,127,163,49.31162796
NC028056,1996-1997,146,156,50.82558145
NC028063,1996-1997,134,163,39.36279074
NC028064,1996-1997,124,159,37.524418645
NC028066,1996-1997,129,162,35.46976748
NC028352,1996-1997,117,167,46.93255819
NC028353,1996-1997,112,163,51.9069768
NC028354,1996-1997,118,168,47.689534935
NC028355,1996-1997,118,165,52.988372149999996
NC028357,1996-1997,133,158,58.070930295
NC028358,1996-1997,115,155,49.52790703
NC028359,1996-1997,105,162,54.50232564
NC028360,1996-1997,113,145,61.20697681
NC028361,1996-1997,86,155,47.5813954
NC028362,1996-1997,127,165,45.743023305
NC028363,1996-1997,116,159,45.959302375
NC028364,1996-1997,117,154,46.50000005
NC028365,1996-1997,120,163,43.68837214
NC028366,1996-1997,100,146,45.959302375
NC028367,1996-1997,111,168,46.28372098
NC028368,1996-1997,113,166,60.77441867
NC028369,1996-1997,100,169,45.310465165
NC028371,1996-1997,105,163,42.39069772
NC028372,1996-1997,120,163,46.391860515
NC028374,1996-1997,120,164,54.610465175
NC028375,1996-1997,112,160,40.87674423
NC028376,1996-1997,106,162,41.201162835
NC028377,1996-1997,129,164,52.55581401
NC028378,1996-1997,135,148,45.20232563
NC028380,1996-1997,96,161,45.310465165
NC028382,1996-1997,114,168,61.42325588
NC028384,1996-1997,125,176,59.26046518
NC028385,1996-1997,112,176,45.63488377
NC028387,1996-1997,102,140,45.526744235
NC028388,1996-1997,136,165,37.524418645
NC028390,1996-1997,124,166,42.931395395
NC028391,1996-1997,90,139,41.417441905
NC028393,1996-1997,137,163,52.33953494
NC028394,1996-1997,122,167,55.80000006
NC028395,1996-1997,126,167,55.36744192
NC028396,1996-1997,127,166,58.3953489
NC028397,1996-1997,92,155,45.85116284
NC028399,1996-1997,123,157,39.687209345
NC028400,1996-1997,117,166,48.23023261
NC028401,1996-1997,124,172,61.63953495
NC028402,1996-1997,113,170,48.87906982
NC028403,1996-1997,122,163,37.740697715
NC028404,1996-1997,137,166,32.65813957
NC028405,1996-1997,87,147,38.389534925
NC028406,1996-1997,122,154,44.98604656
NC028407,1996-1997,112,165,46.608139585
NC028409,1996-1997,116,150,50.39302331
NC028410,1996-1997,125,160,47.36511633
NC028411,1996-1997,137,161,48.44651168
NC028413,1996-1997,130,155,44.55348842
NC028414,1996-1997,131,167,45.4186047
NC028415,1996-1997,127,166,40.87674423
NC028417,1996-1997,120,161,44.33720935
NC028418,1996-1997,128,157,57.09767448
NC028419,1996-1997,107,148,41.74186051
NC028422,1996-1997,112,144,47.689534935
NC028423,1996-1997,112,142,41.95813958
NC028424,1996-1997,116,143,43.90465121
NC028426,1996-1997,134,166,35.577907015
NC028427,1996-1997,138,147,51.25813959
NC028428,1996-1997,125,149,47.473255865
NC028429,1996-1997,100,153,45.310465165
NC028430,1996-1997,123,149,53.529069825
NC028431,1996-1997,131,166,49.09534889
NC028432,1996-1997,135,153,55.259302385
NC028433,1996-1997,124,153,46.50000005
NC028435,1996-1997,129,164,53.529069825
NC028436,1996-1997,139,163,45.526744235
NC028439,1996-1997,136,163,47.79767447
NC028440,1996-1997,146,175,51.04186052
NC028442,1996-1997,140,162,55.15116285
NC028443,1996-1997,133,148,53.096511685
NC028444,1996-1997,118,166,67.154651235
NC028445,1996-1997,125,166,56.2325582
NC028447,1996-1997,127,167,57.205814015
NC028448,1996-1997,124,162,51.69069773
NC028449,1996-1997,128,164,54.0697675
NC028450,1996-1997,127,164,55.58372099
NC028452,1996-1997,132,166,49.419767495
NC028455,1996-1997,119,159,38.9302326
NC028456,1996-1997,133,159,39.79534888
NC028457,1996-1997,113,167,45.743023305
NC028459,1996-1997,127,165,45.743023305
NC028460,1996-1997,126,153,48.23023261
NC028461,1996-1997,122,166,37.524418645
NC028462,1996-1997,134,162,49.852325635
NC028463,1996-1997,118,163,39.687209345
NC028464,1996-1997,98,140,46.50000005
NC028467,1996-1997,132,165,43.255814
NC028468,1996-1997,101,164,33.95581399
NC028469,1996-1997,141,155,49.419767495
NC028470,1996-1997,132,158,40.119767485
NC028473,1996-1997,103,137,35.68604655
NC028474,1996-1997,118,157,34.496511665
NC028475,1996-1997,136,159,29.41395352
NC028476,1996-1997,133,165,43.363953535
NC028477,1996-1997,137,165,56.01627913
NC028478,1996-1997,131,165,54.177907035
NC028479,1996-1997,131,165,48.44651168
NC028484,1996-1997,137,166,40.87674423
NC028485,1996-1997,139,164,53.20465122
NC028486,1996-1997,130,171,52.12325587
NC028489,1996-1997,133,155,55.58372099
NC028491,1996-1997,117,158,48.01395354
NC028492,1996-1997,133,166,46.608139585
NC028493,1996-1997,120,167,56.989534945
NC028500,1996-1997,110,150,60.233720995
NC028503,1996-1997,105,141,56.556976805
NC028506,1996-1997,100,137,55.908139595
NC028508,1996-1997,126,165,53.63720936
NC028509,1996-1997,100,142,50.933720985
NC028511,1996-1997,126,166,50.60930238
NC028512,1996-1997,122,171,43.796511675
NC028513,1996-1997,82,145,41.95813958
NC028516,1996-1997,123,166,46.391860515
NC028521,1996-1997,121,166,42.931395395
NC028526,1996-1997,129,157,61.85581402
NC028540,1996-1997,118,162,48.554651215
NC028547,1996-1997,124,160,40.552325625
NC028549,1996-1997,109,145,56.01627913
NC028552,1996-1997,85,149,42.931395395
NC028560,1996-1997,NA,NA,53.961627965
NC028560,1996-1997,129,159,NA
NC028560,1996-1997,125,159,NA
NC028560,1996-1997,126,161,NA
NC028560,1996-1997,121,159,NA
NC028560,1996-1997,121,160,NA
NC028560,1996-1997,127,161,NA
NC028560,1996-1997,122,161,NA
NC028560,1996-1997,120,162,NA
NC028560,1996-1997,120,160,NA
NC028562,1996-1997,128,160,59.04418611
NC028573,1996-1997,126,157,57.205814015
NC028574,1996-1997,91,146,39.14651167
NC028577,1996-1997,88,152,38.605813995
NC028579,1996-1997,129,163,38.605813995
NC028583,1996-1997,123,157,44.877907025
NC028591,1996-1997,103,145,46.824418655
NC028593,1996-1997,105,134,51.150000055
NC028596,1996-1997,130,165,40.01162795
NC028598,1996-1997,94,156,40.44418609
NC028599,1996-1997,120,157,35.68604655
NC028602,1996-1997,127,163,43.580232605
NC028603,1996-1997,128,157,36.010465155
NC028607,1996-1997,128,166,31.79302329
NC028609,1996-1997,120,157,42.39069772
NC028610,1996-1997,100,145,44.012790745
NC028611,1996-1997,117,179,38.822093065
NC028612,1996-1997,113,145,39.57906981
NC028613,1996-1997,127,160,34.17209306
NC028614,1996-1997,121,158,32.766279105
NC028615,1996-1997,128,157,43.68837214
NC028617,1996-1997,121,155,42.715116325
NC028619,1996-1997,132,161,53.096511685
NC028620,1996-1997,120,157,43.03953493
NC028624,1996-1997,129,156,35.145348875
NC028625,1996-1997,115,149,53.745348895
NC028627,1996-1997,98,141,38.822093065
NC028629,1996-1997,123,158,31.901162825
NC028630,1996-1997,116,157,34.063953525
NC028633,1996-1997,81,166,38.822093065
NC028635,1996-1997,121,161,41.417441905
NC028637,1996-1997,129,164,51.582558195
NC028638,1996-1997,127,163,45.20232563
NC028639,1996-1997,133,159,47.040697725
NC028640,1996-1997,116,159,51.582558195
NC028641,1996-1997,125,156,48.66279075
NC028645,1996-1997,125,156,53.961627965
NC028646,1996-1997,128,156,44.661627955
NC028648,1996-1997,108,166,48.44651168
NC028649,1996-1997,125,156,56.124418665
NC028650,1996-1997,122,159,43.796511675
NC028651,1996-1997,117,148,38.389534925
NC028653,1996-1997,120,160,40.984883765
NC028654,1996-1997,120,163,53.20465122
NC028655,1996-1997,113,162,56.01627913
NC028656,1996-1997,107,156,51.150000055
NC028657,1996-1997,110,162,32.982558175
NC028658,1996-1997,103,163,49.96046517
NC028659,1996-1997,122,147,41.74186051
NC028660,1996-1997,117,148,40.984883765
NC028661,1996-1997,127,160,37.20000004
NC028662,1996-1997,122,159,54.50232564
NC028663,1996-1997,114,154,49.7441861
NC028664,1996-1997,130,154,38.28139539
NC028667,1996-1997,119,166,54.610465175
NC028668,1996-1997,127,159,54.394186105
NC028669,1996-1997,125,159,63.045348905
NC029441,1996-1997,123,174,55.043023315
NC029460,1996-1997,118,176,49.852325635
NC029461,1996-1997,120,171,46.608139585
NC029466,1996-1997,138,166,46.50000005
NC029467,1996-1997,127,166,40.44418609
NC029474,1996-1997,103,162,41.52558144
NC029484,1996-1997,119,174,52.015116335
NC029490,1996-1997,113,160,46.71627912
NC029502,1996-1997,118,163,52.988372149999996
NC029506,1996-1997,98,162,59.47674425
NC029509,1996-1997,112,174,42.82325586
NC029510,1996-1997,102,166,56.88139541
NC029512,1996-1997,108,173,69.966279145
NC029525,1996-1997,108,165,31.036046545
NC029533,1996-1997,119,159,49.7441861
NC029534,1996-1997,102,163,46.608139585
NC035375,1996-1997,120,156,41.52558144
NC035376,1996-1997,100,145,53.961627965
NC035385,1996-1997,97,159,37.091860505
NC035386,1996-1997,110,159,48.66279075
NC035389,1996-1997,118,160,46.175581445
NC035398,1996-1997,129,158,40.66046516
NC035402,1996-1997,113,154,51.47441866
NC035405,1996-1997,124,163,43.363953535
NC035406,1996-1997,121,163,34.496511665
NC035407,1996-1997,128,163,43.68837214
NC035412,1996-1997,122,167,36.010465155
NC035415,1996-1997,83,141,43.363953535
NC035419,1996-1997,124,164,57.09767448
NC035421,1996-1997,128,176,54.177907035
NC035424,1996-1997,122,160,48.554651215
NC035428,1996-1997,129,163,42.17441865
NC035429,1996-1997,119,161,44.661627955
NC035430,1996-1997,119,166,64.343023325
NC035431,1996-1997,121,168,41.633720975
NC035432,1996-1997,103,168,47.256976795
NC035433,1996-1997,102,159,32.550000035
NC035525,1996-1997,116,167,43.03953493
NC035526,1996-1997,124,176,44.877907025
NC035528,1996-1997,101,164,53.20465122
NC035529,1996-1997,96,174,54.0697675
NC035531,1996-1997,99,169,39.14651167
NC035533,1996-1997,99,156,47.473255865
NC035534,1996-1997,100,164,58.61162797
NC035535,1996-1997,114,158,40.01162795
NC038570,1996-1997,126,172,48.23023261
NC038571,1996-1997,98,169,52.77209308
NC038572,1996-1997,104,165,46.93255819
NC040588,1996-1997,97,173,59.04418611
NC040589,1996-1997,89,171,52.12325587
NC040598,1996-1997,117,156,45.094186095
NC055980,1997-1998,92,134,50.82558145
NC056115,1997-1998,140,157,38.49767446
NC056213,1997-1998,139,158,41.74186051
NC001202,1998-1999,113,191,36.7674419
NC001205,1998-1999,85,204,NA
NC008774,1998-1999,135,203,34.82093027
NC011116,1998-1999,128,196,36.33488376
NC011854,1998-1999,110,196,32.87441864
NC011926,1998-1999,125,199,38.9302326
NC012636,1998-1999,128,198,39.14651167
NC020630,1998-1999,113,205,29.19767445
NC022123,1998-1999,113,203,39.79534888
NC022225,1998-1999,119,194,40.22790702
NC024442,1998-1999,107,202,37.41627911
NC027266,1998-1999,103,202,NA
NC027292,1998-1999,106,215,33.415116315
NC035762,1998-1999,96,203,37.41627911
NC040109,1998-1999,119,188,34.17209306
NC047313,1998-1999,110,177,31.79302329
NC047317,1998-1999,105,190,31.36046515
NC047354,1998-1999,109,172,44.76976749
NC050283,1998-1999,100,203,36.55116283
NC050493,1998-1999,123,198,32.00930236
NC052490,1998-1999,77,180,NA
NC052491,1998-1999,79,199,33.95581399
NC052574,1998-1999,71,180,25.52093026
NC052873,1998-1999,87,191,30.71162794
NC056493,1998-1999,120,198,36.98372097
NC058625,1998-1999,110,198,38.28139539
NC058627,1998-1999,122,196,40.66046516
NC058628,1998-1999,135,208,40.01162795
NC058629,1998-1999,116,191,35.90232562
NC058630,1998-1999,131,196,32.4418605
NC058631,1998-1999,124,184,34.17209306
NC058632,1998-1999,113,201,35.25348841
NC058633,1998-1999,111,199,35.03720934
NC068345,1998-1999,123,201,33.30697678
NC068351,1998-1999,99,198,31.36046515
NC072511,1998-1999,119,194,40.87674423
NC001205,1999-2000,134,186,31.036046545
NC001206,1999-2000,131,184,29.522093055
NC006562,1999-2000,128,172,41.52558144
NC008803,1999-2000,129,174,25.30465119
NC011728,1999-2000,137,170,36.875581435
NC012100,1999-2000,148,189,30.71162794
NC012571,1999-2000,139,182,35.46976748
NC038463,1999-2000,139,172,30.49534887
NC038464,1999-2000,155,165,39.14651167
NC038465,1999-2000,149,164,40.336046555
NC052490,1999-2000,106,168,23.877209328
NC052583,1999-2000,98,176,28.33255817
NC053000,1999-2000,97,176,31.036046545
NC069066,1999-2000,127,178,36.7674419
NC069068,1999-2000,134,176,35.361627945
NC069382,1999-2000,130,181,37.740697715
NC069463,1999-2000,137,182,34.712790735
NC019844,2000-2001,140,187,NA
NC024268,2000-2001,150,185,33.09069771
NC024779,2000-2001,129,184,34.280232595
NC026187,2000-2001,95,169,32.4418605
NC028560,2000-2001,137,178,NA
NC028560,2000-2001,132,177,NA
NC029444,2000-2001,124,180,39.254651205
NC029445,2000-2001,122,180,39.14651167
NC029446,2000-2001,113,184,33.631395385
NC029447,2000-2001,124,178,34.6046512
NC071826,2000-2001,134,187,28.224418635
NC071921,2000-2001,155,182,33.73953492
NC071934,2000-2001,161,192,33.631395385
NC072464,2000-2001,121,192,NA
NC074341,2000-2001,136,185,37.84883725
NC074342,2000-2001,123,192,38.173255855
NC012617,2001-2002,104,196,29.305813985
NC008775,2002-2003,136,195,36.11860469
NC027902,2002-2003,130,198,32.87441864
NC027921,2002-2003,130,176,45.20232563
NC038576,2002-2003,115,210,NA
NC040567,2002-2003,142,183,38.06511632
NC069066,2002-2003,127,189,34.6046512
NC072464,2002-2003,136,167,30.06279073
NC072512,2002-2003,109,177,30.819767475
NC073254,2002-2003,125,178,24.65581398
NC073256,2002-2003,134,177,32.00930236
NC001202,2003-2004,145,190,30.71162794
NC003561,2003-2004,113,177,NA
NC003561,2003-2004,116,177,NA
NC003562,2003-2004,136,200,30.819767475
NC006502,2003-2004,144,196,40.22790702
NC011116,2003-2004,141,196,32.4418605
NC018904,2003-2004,126,196,39.14651167
NC024036,2003-2004,154,190,38.605813995
NC024719,2003-2004,140,185,29.63023259
NC024737,2003-2004,129,190,32.550000035
NC024764,2003-2004,131,175,32.982558175
NC027501,2003-2004,148,200,36.11860469
NC027557,2003-2004,131,179,41.95813958
NC027562,2003-2004,150,196,33.198837245
NC027602,2003-2004,141,199,38.173255855
NC027613,2003-2004,159,200,34.496511665
NC027622,2003-2004,135,185,36.8755813953488
NC027664,2003-2004,137,198,45.094186095
NC027665,2003-2004,168,196,36.226744225
NC027679,2003-2004,137,200,40.01162795
NC027691,2003-2004,146,196,39.36279074
NC027699,2003-2004,153,200,28.873255845
NC027773,2003-2004,143,198,34.38837213
NC027775,2003-2004,145,198,34.17209306
NC027778,2003-2004,149,196,34.82093027
NC027786,2003-2004,132,201,36.11860469
NC027831,2003-2004,135,200,36.7674419
NC027838,2003-2004,139,198,33.30697678
NC027839,2003-2004,142,198,38.9302326
NC027840,2003-2004,136,200,36.11860469
NC027846,2003-2004,132,198,35.145348875
NC027852,2003-2004,137,199,35.03720934
NC027854,2003-2004,139,200,34.929069805
NC027855,2003-2004,144,198,36.11860469
NC027860,2003-2004,128,197,38.9302326
NC027861,2003-2004,133,199,35.03720934
NC027865,2003-2004,149,200,31.14418608
NC027888,2003-2004,144,198,27.90000003
NC027896,2003-2004,133,196,37.84883725
NC027899,2003-2004,137,190,32.87441864
NC027903,2003-2004,154,198,36.98372097
NC027972,2003-2004,133,199,42.17441865
NC027973,2003-2004,124,196,31.036046545
NC027979,2003-2004,133,196,36.98372097
NC028359,2003-2004,135,198,30.06279073
NC028392,2003-2004,146,196,35.03720934
NC028525,2003-2004,148,196,33.52325585
NC028560,2003-2004,NA,NA,34.17
NC028560,2003-2004,130,196,NA
NC028560,2003-2004,137,190,NA
NC028665,2003-2004,136,201,32.00930236
NC029452,2003-2004,133,198,38.06511632
NC029475,2003-2004,135,190,33.198837245
NC029482,2003-2004,145,196,30.387209335
NC029501,2003-2004,149,196,32.65813957
NC029504,2003-2004,126,200,34.38837213
NC035377,2003-2004,130,200,33.09069771
NC035395,2003-2004,141,199,32.4418605
NC035416,2003-2004,132,200,38.28139539
NC035423,2003-2004,142,198,32.117441895
NC038576,2003-2004,137,199,37.41627911
NC040603,2003-2004,158,206,33.631395385
NC050294,2003-2004,136,196,41.95813958
NC053001,2003-2004,155,190,31.14418608
NC058625,2003-2004,137,190,32.550000035
NC058628,2003-2004,147,200,33.847674455
NC068351,2003-2004,127,185,41.417441905
NC072511,2003-2004,131,190,37.740697715
NC074341,2003-2004,139,199,39.470930275
NC001203,2004-2005,94,183,27.46744189
NC003561,2004-2005,64,170,NA
NC003561,2004-2005,71,169,NA
NC003561,2004-2005,78,169,NA
NC003561,2004-2005,79,169,NA
NC006476,2004-2005,112,171,35.90232562
NC006498,2004-2005,109,170,43.255814
NC006575,2004-2005,104,180,31.036046545
NC008793,2004-2005,118,176,28.873255845
NC008804,2004-2005,96,180,36.33488376
NC008858,2004-2005,119,176,25.9534884
NC010034,2004-2005,85,179,25.9534884
NC011702,2004-2005,116,170,34.929069805
NC011705,2004-2005,98,179,29.305813985
NC011706,2004-2005,126,168,41.95813958
NC011723,2004-2005,111,176,32.65813957
NC011970,2004-2005,117,179,31.36046515
NC012098,2004-2005,119,178,36.55116283
NC012564,2004-2005,120,179,32.00930236
NC012565,2004-2005,113,191,30.819767475
NC012566,2004-2005,114,178,34.280232595
NC012617,2004-2005,108,179,32.485116314
NC012632,2004-2005,112,175,27.68372096
NC015617,2004-2005,120,169,37.091860505
NC015895,2004-2005,115,175,30.49534887
NC018895,2004-2005,119,174,35.794186085
NC018908,2004-2005,114,174,35.25348841
NC018930,2004-2005,116,179,35.90232562
NC018938,2004-2005,121,174,NA
NC018987,2004-2005,112,171,36.443023295
NC018988,2004-2005,114,169,35.25348841
NC024021,2004-2005,112,176,34.280232595
NC024060,2004-2005,114,165,35.794186085
NC024255,2004-2005,100,181,32.65813957
NC024344,2004-2005,102,180,32.22558143
NC024442,2004-2005,103,180,31.252325615
NC024702,2004-2005,102,180,36.226744225
NC024705,2004-2005,108,180,35.68604655
NC024712,2004-2005,85,184,31.36046515
NC024722,2004-2005,107,179,28.440697705
NC024723,2004-2005,108,169,38.9302326
NC024736,2004-2005,117,180,32.00930236
NC024741,2004-2005,105,180,34.929069805
NC024744,2004-2005,101,183,29.954651195
NC024767,2004-2005,101,178,32.87441864
NC024781,2004-2005,102,180,31.57674422
NC027237,2004-2005,95,174,32.87441864
NC027266,2004-2005,113,179,35.68604655
NC027558,2004-2005,108,184,23.466279095
NC027603,2004-2005,116,169,43.03953493
NC027618,2004-2005,115,172,35.90232562
NC027621,2004-2005,109,178,28.1162791
NC027682,2004-2005,133,179,27.68372096
NC027692,2004-2005,112,183,27.03488375
NC027782,2004-2005,115,180,36.11860469
NC027787,2004-2005,111,180,34.82093027
NC027794,2004-2005,107,179,35.68604655
NC027813,2004-2005,115,179,32.00930236
NC027816,2004-2005,118,178,34.496511665
NC027828,2004-2005,115,179,42.498837255
NC027834,2004-2005,110,179,37.41627911
NC027844,2004-2005,113,180,34.82093027
NC027845,2004-2005,108,183,36.443023295
NC027847,2004-2005,118,180,31.901162825
NC027863,2004-2005,106,183,25.629069795
NC027867,2004-2005,104,165,29.738372125
NC027869,2004-2005,100,181,42.066279115
NC027890,2004-2005,97,179,31.036046545
NC027891,2004-2005,100,179,26.494186074999998
NC027897,2004-2005,93,176,29.19767445
NC027898,2004-2005,98,178,31.252325615
NC027904,2004-2005,111,179,31.901162825
NC027905,2004-2005,116,180,34.6046512
NC027906,2004-2005,102,183,38.28139539
NC027975,2004-2005,100,183,32.4418605
NC027978,2004-2005,120,180,28.656976775
NC027981,2004-2005,98,180,32.982558175
NC027983,2004-2005,103,180,27.143023285
NC027984,2004-2005,100,180,27.25116282
NC027986,2004-2005,109,183,33.631395385
NC027987,2004-2005,103,183,26.494186074999998
NC027989,2004-2005,89,184,28.440697705
NC028069,2004-2005,94,181,24.115116305
NC028373,2004-2005,111,183,31.901162825
NC028379,2004-2005,104,179,33.95581399
NC028398,2004-2005,98,174,25.08837212
NC028502,2004-2005,116,162,35.361627945
NC028518,2004-2005,112,165,33.30697678
NC028519,2004-2005,113,174,25.629069795
NC028523,2004-2005,102,174,31.57674422
NC028528,2004-2005,102,176,30.92790701
NC028529,2004-2005,110,174,31.57674422
NC028538,2004-2005,108,183,31.57674422
NC028545,2004-2005,111,176,31.684883755
NC028560,2004-2005,NA,NA,27.25116282
NC028560,2004-2005,114,176,NA
NC028560,2004-2005,117,176,NA
NC028560,2004-2005,92,176,NA
NC028560,2004-2005,97,178,NA
NC028571,2004-2005,88,179,26.061627935
NC028578,2004-2005,105,176,28.008139565
NC028581,2004-2005,86,184,31.468604685
NC028582,2004-2005,90,174,26.494186074999998
NC028634,2004-2005,96,176,41.0930233
NC028636,2004-2005,97,174,27.46744189
NC028647,2004-2005,105,176,28.76511631
NC028652,2004-2005,101,180,31.252325615
NC028670,2004-2005,100,178,31.684883755
NC028672,2004-2005,106,180,30.2790698
NC028673,2004-2005,108,165,21.627907
NC029456,2004-2005,99,179,34.063953525
NC029457,2004-2005,103,180,32.4418605
NC029458,2004-2005,92,183,33.30697678
NC029459,2004-2005,101,180,34.280232595
NC029462,2004-2005,103,179,28.76511631
NC029463,2004-2005,107,179,30.49534887
NC029464,2004-2005,117,179,34.280232595
NC029473,2004-2005,98,176,34.82093027
NC029478,2004-2005,99,179,32.87441864
NC029479,2004-2005,117,179,32.4418605
NC029480,2004-2005,104,176,34.929069805
NC029483,2004-2005,90,183,31.036046545
NC029486,2004-2005,107,179,39.79534888
NC029487,2004-2005,125,179,33.09069771
NC029489,2004-2005,119,179,32.87441864
NC029491,2004-2005,111,183,37.41627911
NC029492,2004-2005,110,183,37.740697715
NC029493,2004-2005,113,174,34.063953525
NC029495,2004-2005,117,174,33.30697678
NC029503,2004-2005,119,178,34.38837213
NC029511,2004-2005,98,180,37.308139575
NC029514,2004-2005,102,174,29.19767445
NC029520,2004-2005,108,178,35.03720934
NC029522,2004-2005,120,176,31.57674422
NC029528,2004-2005,117,174,33.30697678
NC029530,2004-2005,108,176,34.38837213
NC035373,2004-2005,98,174,32.117441895
NC035374,2004-2005,111,178,34.929069805
NC035378,2004-2005,106,176,32.65813957
NC035383,2004-2005,110,181,33.52325585
NC035384,2004-2005,112,178,33.847674455
NC035387,2004-2005,94,176,21.952325605
NC035391,2004-2005,109,179,37.84883725
NC035394,2004-2005,90,181,32.117441895
NC035396,2004-2005,126,179,29.954651195
NC035400,2004-2005,120,179,33.415116315
NC035414,2004-2005,97,174,36.55116283
NC035417,2004-2005,105,176,29.954651195
NC035418,2004-2005,101,171,33.73953492
NC035422,2004-2005,104,176,40.552325625
NC035525,2004-2005,115,180,26.16976747
NC035530,2004-2005,111,172,32.550000035
NC035532,2004-2005,91,165,38.06511632
NC035762,2004-2005,91,176,28.76511631
NC038466,2004-2005,111,165,30.603488405
NC038570,2004-2005,115,185,34.38837213
NC038574,2004-2005,102,174,28.98139538
NC040591,2004-2005,98,181,25.30465119
NC040600,2004-2005,94,180,33.415116315
NC047303,2004-2005,91,174,20.76279072
NC050283,2004-2005,105,180,31.36046515
NC050466,2004-2005,92,178,19.89767444
NC050494,2004-2005,91,180,26.926744215
NC050506,2004-2005,82,183,29.954651195
NC050789,2004-2005,74,170,30.2790698
NC052574,2004-2005,73,170,24.00697677
NC052722,2004-2005,79,199,29.305813985
NC052883,2004-2005,105,180,30.06279073
NC052997,2004-2005,94,180,22.384883745
NC052998,2004-2005,96,178,29.19767445
NC052999,2004-2005,70,165,26.81860468
NC053547,2004-2005,103,180,31.57674422
NC053549,2004-2005,105,174,38.389534925
NC068009,2004-2005,94,181,28.76511631
NC068345,2004-2005,89,176,27.575581425
NC069094,2004-2005,94,181,36.443023295
NC069334,2004-2005,100,180,30.71162794
NC071826,2004-2005,95,179,30.49534887
NC071934,2004-2005,110,181,30.49534887
NC072827,2004-2005,98,181,33.73953492
NC072880,2004-2005,101,178,31.79302329
NC074342,2004-2005,90,184,31.14418608
NC079028,2004-2005,87,171,32.65813957
NC080166,2004-2005,86,174,28.008139565
NC082510,2004-2005,121,174,35.68604655
NC082511,2004-2005,121,174,39.36279074
NC000761,2005-2006,113,182,33.415116315
NC003551,2005-2006,84,173,34.82093027
NC003561,2005-2006,NA,NA,28.12
NC003561,2005-2006,85,171,NA
NC003561,2005-2006,88,173,NA
NC003561,2005-2006,91,169,NA
NC003568,2005-2006,113,169,34.82093027
NC003587,2005-2006,117,171,33.631395385
NC003588,2005-2006,117,173,34.17209306
NC003678,2005-2006,124,178,35.577907015
NC006482,2005-2006,138,175,35.25348841
NC006539,2005-2006,124,173,38.71395353
NC006569,2005-2006,109,171,36.98372097
NC006570,2005-2006,125,182,32.550000035
NC006571,2005-2006,119,178,36.875581435
NC006590,2005-2006,132,183,36.33488376
NC006600,2005-2006,120,173,32.87441864
NC011698,2005-2006,125,176,30.71162794
NC011700,2005-2006,123,174,32.22558143
NC011701,2005-2006,108,182,30.819767475
NC011704,2005-2006,113,182,31.79302329
NC015593,2005-2006,131,168,37.20000004
NC018896,2005-2006,91,184,27.359302355
NC018986,2005-2006,125,180,37.956976785
NC027220,2005-2006,126,181,NA
NC027934,2005-2006,110,193,31.901162825
NC027935,2005-2006,139,180,41.850000045
NC028560,2005-2006,NA,NA,37.31
NC028560,2005-2006,111,182,NA
NC028560,2005-2006,117,180,NA
NC028560,2005-2006,122,180,NA
NC029505,2005-2006,113,161,33.847674455
NC035380,2005-2006,124,181,34.063953525
NC051365,2005-2006,92,171,30.603488405
NC051366,2005-2006,93,164,32.117441895
NC052322,2005-2006,76,177,32.766279105
NC052458,2005-2006,106,175,37.84883725
NC052461,2005-2006,112,173,34.280232595
NC056241,2005-2006,116,195,38.9302326
NC056258,2005-2006,124,181,41.52558144
NC080166,2005-2006,118,171,40.336046555
NC082405,2005-2006,101,130,26.60232561
NC003561,2006-2007,NA,NA,29.74
NC003561,2006-2007,94,164,NA
NC003561,2006-2007,96,165,NA
NC003561,2006-2007,96,163,NA
NC003564,2006-2007,99,186,38.28139539
NC003570,2006-2007,107,163,32.333720965
NC003573,2006-2007,125,189,38.173255855
NC003581,2006-2007,122,181,38.71395353
NC003583,2006-2007,118,176,36.33488376
NC003609,2006-2007,120,188,38.389534925
NC006481,2006-2007,128,171,36.33488376
NC006500,2006-2007,98,188,40.44418609
NC006501,2006-2007,107,190,42.82325586
NC006513,2006-2007,99,163,39.79534888
NC006521,2006-2007,93,167,43.255814
NC006522,2006-2007,112,163,40.552325625
NC006534,2006-2007,90,195,33.52325585
NC006539,2006-2007,122,204,42.39069772
NC006574,2006-2007,110,166,36.875581435
NC006582,2006-2007,107,188,32.65813957
NC009795,2006-2007,124,184,47.14883726
NC009796,2006-2007,123,184,49.96046517
NC009800,2006-2007,115,185,48.44651168
NC009802,2006-2007,123,184,47.36511633
NC009804,2006-2007,120,179,48.66279075
NC009806,2006-2007,113,184,46.28372098
NC009810,2006-2007,101,193,50.501162845
NC009811,2006-2007,120,183,44.229069815
NC009812,2006-2007,121,175,44.76976749
NC011716,2006-2007,85,164,35.145348875
NC011718,2006-2007,126,168,42.066279115
NC011719,2006-2007,116,165,42.282558185
NC011720,2006-2007,90,168,38.49767446
NC013805,2006-2007,125,176,31.57674422
NC013812,2006-2007,110,171,30.2790698
NC013816,2006-2007,124,183,49.52790703
NC013818,2006-2007,119,178,51.366279125
NC013819,2006-2007,121,175,46.50000005
NC013847,2006-2007,114,184,48.338372145
NC013849,2006-2007,118,184,48.66279075
NC013850,2006-2007,118,183,41.0930233
NC013895,2006-2007,120,190,46.71627912
NC013898,2006-2007,120,176,50.17674424
NC013919,2006-2007,113,176,41.74186051
NC013921,2006-2007,119,184,48.770930285
NC013929,2006-2007,111,184,47.473255865
NC013940,2006-2007,117,182,47.5813954
NC013944,2006-2007,119,179,43.68837214
NC013948,2006-2007,128,184,51.798837265
NC013953,2006-2007,118,183,45.959302375
NC013958,2006-2007,113,186,45.959302375
NC015564,2006-2007,103,181,45.526744235
NC015591,2006-2007,109,177,36.659302365
NC024716,2006-2007,116,173,40.984883765
NC024734,2006-2007,124,184,35.25348841
NC027504,2006-2007,125,175,42.17441865
NC027508,2006-2007,124,183,39.038372135
NC027510,2006-2007,129,190,43.363953535
NC027511,2006-2007,118,188,35.68604655
NC027521,2006-2007,117,185,45.959302375
NC027528,2006-2007,100,168,35.361627945
NC027529,2006-2007,103,171,43.03953493
NC027544,2006-2007,103,170,45.094186095
NC027545,2006-2007,111,171,47.689534935
NC027546,2006-2007,97,167,42.498837255
NC027547,2006-2007,105,167,42.60697679
NC027585,2006-2007,111,157,42.60697679
NC027592,2006-2007,124,162,34.82093027
NC027609,2006-2007,138,171,47.905814005
NC027629,2006-2007,115,173,45.743023305
NC027634,2006-2007,123,172,31.79302329
NC027635,2006-2007,134,184,44.12093028
NC027642,2006-2007,138,178,35.90232562
NC027646,2006-2007,136,186,42.82325586
NC027648,2006-2007,127,195,38.173255855
NC027649,2006-2007,137,190,37.84883725
NC027650,2006-2007,134,176,29.522093055
NC027655,2006-2007,132,187,43.580232605
NC027660,2006-2007,107,171,36.443023295
NC027667,2006-2007,92,164,37.20000004
NC027672,2006-2007,102,171,35.577907015
NC027675,2006-2007,123,188,42.498837255
NC027697,2006-2007,129,195,33.95581399
NC027700,2006-2007,126,179,40.768604695
NC027704,2006-2007,117,172,29.089534915
NC027796,2006-2007,129,186,44.33720935
NC027815,2006-2007,114,182,41.201162835
NC027866,2006-2007,124,192,40.768604695
NC027878,2006-2007,107,171,39.36279074
NC027886,2006-2007,101,163,32.982558175
NC027922,2006-2007,116,183,44.33720935
NC027925,2006-2007,114,163,27.90000003
NC027944,2006-2007,129,172,43.580232605
NC027959,2006-2007,117,169,43.255814
NC027997,2006-2007,112,168,29.954651195
NC028005,2006-2007,137,178,46.93255819
NC028027,2006-2007,142,182,45.094186095
NC028043,2006-2007,126,185,45.526744235
NC028060,2006-2007,104,157,33.95581399
NC028067,2006-2007,101,166,32.4418605
NC028068,2006-2007,126,185,39.14651167
NC028361,2006-2007,110,164,34.38837213
NC028421,2006-2007,108,177,39.903488415
NC028446,2006-2007,122,184,43.580232605
NC028453,2006-2007,125,185,44.12093028
NC028458,2006-2007,125,188,41.0930233
NC028465,2006-2007,140,182,44.33720935
NC028483,2006-2007,117,175,33.198837245
NC028487,2006-2007,107,156,37.20000004
NC028494,2006-2007,130,181,46.391860515
NC028497,2006-2007,125,181,40.87674423
NC028498,2006-2007,147,183,40.44418609
NC028515,2006-2007,110,162,39.038372135
NC028560,2006-2007,NA,NA,47.69
NC028560,2006-2007,118,181,NA
NC028560,2006-2007,121,182,NA
NC028560,2006-2007,124,183,NA
NC028566,2006-2007,109,166,35.90232562
NC028597,2006-2007,122,176,36.33488376
NC028600,2006-2007,112,173,36.11860469
NC028616,2006-2007,107,174,38.49767446
NC028626,2006-2007,122,177,42.60697679
NC028628,2006-2007,111,172,32.766279105
NC028632,2006-2007,108,168,37.740697715
NC029470,2006-2007,119,183,40.66046516
NC029510,2006-2007,124,188,50.60930238
NC035408,2006-2007,119,175,46.175581445
NC083082,2006-2007,118,169,40.552325625
NC083083,2006-2007,108,162,44.33720935
NC083084,2006-2007,116,161,38.822093065
NC001203,2007-2008,122,192,38.49767446
NC001208,2007-2008,128,196,37.63255818
NC003547,2007-2008,73,167,43.255814
NC003552,2007-2008,62,167,28.873255845
NC003553,2007-2008,66,169,36.443023295
NC003561,2007-2008,NA,NA,32.01
NC003561,2007-2008,82,175,NA
NC003561,2007-2008,92,175,NA
NC006474,2007-2008,112,196,36.659302365
NC006475,2007-2008,114,188,28.76511631
NC006491,2007-2008,109,175,34.82093027
NC006507,2007-2008,86,169,34.38837213
NC006567,2007-2008,83,167,30.92790701
NC006588,2007-2008,73,167,32.550000035
NC006590,2007-2008,109,188,45.526744235
NC006608,2007-2008,86,167,41.633720975
NC010034,2007-2008,84,196,29.738372125
NC011713,2007-2008,102,181,44.55348842
NC011714,2007-2008,83,164,31.36046515
NC011734,2007-2008,89,167,36.11860469
NC011925,2007-2008,108,179,37.524418645
NC011980,2007-2008,125,196,36.55116283
NC012564,2007-2008,126,187,40.22790702
NC012568,2007-2008,129,192,39.14651167
NC012570,2007-2008,129,199,38.28139539
NC012768,2007-2008,115,189,34.82093027
NC018908,2007-2008,112,183,41.95813958
NC018938,2007-2008,109,188,39.470930275
NC024759,2007-2008,110,173,41.201162835
NC027220,2007-2008,120,188,36.33488376
NC027500,2007-2008,122,196,33.847674455
NC027515,2007-2008,112,184,37.956976785
NC027543,2007-2008,94,164,41.74186051
NC027548,2007-2008,102,198,36.11860469
NC027555,2007-2008,104,196,22.49302328
NC027582,2007-2008,102,178,44.55348842
NC027583,2007-2008,106,169,42.498837255
NC027588,2007-2008,108,185,35.46976748
NC027589,2007-2008,106,170,50.82558145
NC027624,2007-2008,102,169,35.577907015
NC027637,2007-2008,113,189,32.87441864
NC027638,2007-2008,108,189,35.577907015
NC027641,2007-2008,126,177,38.605813995
NC027645,2007-2008,113,181,41.0930233
NC027647,2007-2008,113,181,33.631395385
NC027651,2007-2008,127,188,37.956976785
NC027653,2007-2008,114,178,44.661627955
NC027654,2007-2008,121,196,37.524418645
NC027657,2007-2008,85,180,33.95581399
NC027661,2007-2008,111,177,26.061627935
NC027684,2007-2008,114,174,39.903488415
NC027689,2007-2008,99,181,33.52325585
NC027690,2007-2008,106,167,43.90465121
NC027694,2007-2008,102,167,36.55116283
NC027766,2007-2008,104,167,27.68372096
NC027793,2007-2008,111,171,43.90465121
NC027797,2007-2008,101,181,41.30930237
NC027798,2007-2008,100,169,40.44418609
NC027915,2007-2008,104,180,41.30930237
NC027920,2007-2008,105,170,49.7441861
NC027924,2007-2008,118,180,42.39069772
NC027926,2007-2008,102,171,42.498837255
NC027928,2007-2008,120,174,49.31162796
NC027934,2007-2008,95,196,34.82093027
NC027939,2007-2008,127,196,35.46976748
NC027945,2007-2008,107,181,38.173255855
NC027946,2007-2008,98,174,44.661627955
NC027947,2007-2008,100,169,44.55348842
NC027949,2007-2008,103,169,41.417441905
NC027958,2007-2008,105,181,36.7674419
NC028007,2007-2008,100,191,29.522093055
NC028026,2007-2008,101,181,35.90232562
NC028032,2007-2008,104,175,33.09069771
NC028035,2007-2008,95,190,26.710465145
NC028053,2007-2008,113,188,33.09069771
NC028055,2007-2008,97,185,28.33255817
NC028373,2007-2008,104,192,33.631395385
NC028425,2007-2008,117,185,41.0930233
NC028437,2007-2008,132,192,34.063953525
NC028438,2007-2008,110,190,36.11860469
NC028466,2007-2008,98,188,29.41395352
NC028471,2007-2008,92,167,43.147674465
NC028490,2007-2008,102,183,36.55116283
NC028499,2007-2008,113,196,26.926744215
NC028517,2007-2008,90,167,33.415116315
NC028560,2007-2008,NA,NA,39.15
NC028560,2007-2008,105,191,NA
NC028560,2007-2008,105,187,NA
NC028560,2007-2008,112,188,NA
NC028567,2007-2008,90,167,28.656976775
NC028580,2007-2008,104,181,32.4418605
NC028590,2007-2008,110,181,34.38837213
NC028608,2007-2008,103,162,32.117441895
NC035409,2007-2008,99,186,42.17441865
NC035413,2007-2008,114,190,28.656976775
NC035532,2007-2008,91,174,44.877907025
NC039550,2007-2008,103,188,44.76976749
NC040109,2007-2008,101,181,24.980232585
NC050294,2007-2008,92,189,43.47209307
NC050466,2007-2008,118,188,26.926744215
NC050506,2007-2008,98,197,33.95581399
NC072827,2007-2008,101,192,34.82093027
NC079028,2007-2008,87,181,39.57906981
NC082405,2007-2008,115,181,41.52558144
NC082510,2007-2008,107,191,38.822093065
NC082511,2007-2008,101,177,36.7674419
NC035536,2008-2009,84,173,27.143023285
NC056493,2008-2009,76,184,36.0104651162791
NC085096,2008-2009,96,186,33.52325585
NC085098,2008-2009,87,187,33.52325585
NC085101,2008-2009,77,184,39.470930275
NC085102,2008-2009,89,190,28.76511631
NC085103,2008-2009,93,176,32.00930236
NC085105,2008-2009,105,184,29.522093055
NC085106,2008-2009,99,188,27.359302355
NC085107,2008-2009,87,190,31.57674422
NC085108,2008-2009,83,183,37.20000004
NC085109,2008-2009,94,187,32.117441895
NC085110,2008-2009,92,184,37.63255818
NC085113,2008-2009,69,195,28.76511631
NC085115,2008-2009,93,184,33.95581399
NC085116,2008-2009,107,184,31.684883755
NC085117,2008-2009,95,189,25.08837212
NC085118,2008-2009,99,190,32.4418605
NC085119,2008-2009,77,185,27.03488375
NC085120,2008-2009,82,184,31.468604685
NC085121,2008-2009,76,187,30.06279073
NC085122,2008-2009,78,184,36.11860469
NC085123,2008-2009,97,184,29.954651195
NC085124,2008-2009,92,184,39.14651167
NC085125,2008-2009,93,184,33.847674455
NC085126,2008-2009,90,190,37.524418645
NC085127,2008-2009,83,187,27.791860495
NC085128,2008-2009,102,191,32.117441895
NC085129,2008-2009,121,189,34.38837213
NC085130,2008-2009,95,182,31.468604685
NC085131,2008-2009,96,196,26.16976747
NC085132,2008-2009,102,187,44.012790745
NC085133,2008-2009,100,190,35.90232562
NC085134,2008-2009,100,185,29.738372125
NC085136,2008-2009,92,184,31.57674422
NC085137,2008-2009,92,191,29.522093055
NC085138,2008-2009,99,189,28.224418635
NC085139,2008-2009,79,182,30.06279073
NC085140,2008-2009,100,177,34.17209306
NC003561,2009-2010,84,184,30.71
NC027220,2009-2010,111,203,40.336046555
NC027934,2009-2010,109,203,41.74186051
NC028560,2009-2010,111,201,45.31
NC085717,2009-2010,132,203,45.094186095
NC085872,2009-2010,130,204,39.254651205
NC086545,2009-2010,126,194,42.60697679
NC086546,2009-2010,104,198,44.877907025
NC086548,2009-2010,122,203,37.63255818
NC086549,2009-2010,119,207,32.00930236
NC086550,2009-2010,120,204,41.417441905
NC086551,2009-2010,127,189,46.50000005
NC087800,2009-2010,125,198,40.66046516
NC087810,2009-2010,123,197,45.20232563
NC003561,2010-2011,95,166,33.74
NC011704,2010-2011,125,180,NA
NC011713,2010-2011,117,167,54.610465175
NC011721,2010-2011,110,174,49.31162796
NC012768,2010-2011,119,183,38.06511632
NC018923,2010-2011,114,166,46.50000005
NC019844,2010-2011,109,181,38.49767446
NC024268,2010-2011,115,185,38.28139539
NC027229,2010-2011,120,177,41.201162835
NC027500,2010-2011,132,188,45.959302375
NC027971,2010-2011,113,185,41.850000045
NC027992,2010-2011,118,180,35.25348841
NC028560,2010-2011,117,178,44.77
NC035554,2010-2011,106,184,38.9302326
NC087912,2010-2011,69,159,41.95813958
NC088298,2010-2011,110,166,41.74186051
NC088299,2010-2011,72,167,31.36046515
NC088302,2010-2011,89,161,30.71162794
NC088303,2010-2011,87,176,35.361627945
NC088304,2010-2011,88,173,34.38837213
NC088305,2010-2011,90,182,30.06279073
NC088307,2010-2011,93,176,41.850000045
NC088308,2010-2011,99,176,34.712790735
NC088309,2010-2011,102,183,35.90232562
NC088310,2010-2011,97,166,45.094186095
NC088311,2010-2011,90,183,37.84883725
NC088314,2010-2011,91,169,37.20000004
NC088315,2010-2011,91,166,37.524418645
NC088316,2010-2011,87,166,38.06511632
NC088317,2010-2011,74,183,35.25348841
NC088318,2010-2011,90,180,33.52325585
NC088319,2010-2011,101,179,32.982558175
NC088320,2010-2011,108,184,32.117441895
NC088322,2010-2011,65,160,40.66046516
NC088323,2010-2011,93,163,36.010465155
NC088324,2010-2011,92,163,36.226744225
NC088329,2010-2011,88,167,45.4186047
NC088332,2010-2011,86,163,35.577907015
NC088333,2010-2011,82,163,36.443023295
NC088334,2010-2011,88,161,48.122093075
NC088336,2010-2011,71,168,30.387209335
NC088338,2010-2011,87,174,34.6046512
NC088339,2010-2011,89,163,40.44418609
NC088344,2010-2011,107,174,29.738372125
NC088346,2010-2011,95,172,34.82093027
NC088349,2010-2011,86,166,38.605813995
NC088350,2010-2011,80,167,37.63255818
NC088351,2010-2011,69,169,32.00930236
NC088353,2010-2011,70,161,39.470930275
NC088355,2010-2011,116,174,34.929069805
NC088356,2010-2011,66,179,29.84651166
NC088358,2010-2011,71,169,36.659302365
NC088359,2010-2011,79,166,37.84883725
NC088360,2010-2011,81,182,24.22325584
NC088361,2010-2011,80,166,33.52325585
NC088363,2010-2011,71,165,37.41627911
NC088365,2010-2011,89,169,37.84883725
NC088366,2010-2011,84,168,34.6046512
NC088367,2010-2011,78,160,43.255814
NC088373,2010-2011,88,163,41.201162835
NC088374,2010-2011,82,166,43.68837214
NC088375,2010-2011,78,167,28.98139538
NC088376,2010-2011,79,168,42.931395395
NC088380,2010-2011,78,170,40.552325625
NC088381,2010-2011,77,158,46.175581445
NC088382,2010-2011,72,173,32.4418605
NC088383,2010-2011,78,170,31.468604685
NC088384,2010-2011,70,173,38.28139539
NC088386,2010-2011,81,161,39.79534888
NC088388,2010-2011,74,160,36.55116283
NC088389,2010-2011,77,167,36.98372097
NC088390,2010-2011,69,160,37.956976785
NC088393,2010-2011,76,168,34.280232595
NC088394,2010-2011,88,168,40.22790702
NC088395,2010-2011,86,161,40.01162795
NC088399,2010-2011,70,170,36.659302365
NC088402,2010-2011,78,160,41.30930237
NC091672,2010-2011,121,188,32.22558143
NC091673,2010-2011,81,166,38.28139539
NC091674,2010-2011,119,179,43.147674465
NC092127,2010-2011,119,187,46.608139585
NC092128,2010-2011,125,175,42.60697679
NC092173,2010-2011,124,177,47.689534935
NC003558,2011-2012,68,180,25.7372093023256
NC003561,2011-2012,NA,NA,33.2
NC003561,2011-2012,82,164,NA
NC003561,2011-2012,94,166,NA
NC006474,2011-2012,89,179,34.6046512
NC006480,2011-2012,83,171,31.79302329
NC006510,2011-2012,91,168,26.494186074999998
NC006511,2011-2012,68,159,28.54883724
NC006516,2011-2012,85,179,28.440697705
NC006528,2011-2012,106,172,25.08837212
NC006532,2011-2012,110,171,27.25116282
NC006533,2011-2012,125,176,32.117441895
NC006534,2011-2012,67,181,27.68372096
NC006542,2011-2012,129,175,26.494186074999998
NC006555,2011-2012,102,171,27.359302355
NC006582,2011-2012,79,172,26.061627935
NC006583,2011-2012,91,171,23.35813956
NC006607,2011-2012,112,170,35.577907015
NC009809,2011-2012,73,174,33.52325585
NC009810,2011-2012,112,173,38.605813995
NC011703,2011-2012,76,172,28.1162791
NC027526,2011-2012,75,178,23.250000025
NC027540,2011-2012,81,178,30.49534887
NC027552,2011-2012,64,179,NA
NC027580,2011-2012,72,173,29.41395352
NC027590,2011-2012,86,175,27.143023285
NC027594,2011-2012,123,167,33.415116315
NC027639,2011-2012,90,158,33.847674455
NC027652,2011-2012,93,154,33.847674455
NC027656,2011-2012,102,176,34.17209306
NC027662,2011-2012,109,159,29.954651195
NC027705,2011-2012,109,164,31.901162825
NC027770,2011-2012,107,169,30.170930265
NC027927,2011-2012,98,161,31.36046515
NC027948,2011-2012,90,161,28.1162791
NC027960,2011-2012,100,169,21.087209325
NC027961,2011-2012,111,171,30.71162794
NC027963,2011-2012,62,162,29.19767445
NC027970,2011-2012,78,174,NA
NC028018,2011-2012,92,161,38.822093065
NC028025,2011-2012,97,176,31.79302329
NC028037,2011-2012,76,181,19.03255816
NC028045,2011-2012,82,178,23.57441863
NC028047,2011-2012,84,177,26.061627935
NC028054,2011-2012,102,174,25.629069795
NC028057,2011-2012,80,168,25.08837212
NC028058,2011-2012,83,174,23.35813956
NC028059,2011-2012,74,173,25.30465119
NC028061,2011-2012,59,154,32.4418605
NC028062,2011-2012,104,169,24.980232585
NC028434,2011-2012,115,175,39.36279074
NC028441,2011-2012,110,174,36.010465155
NC028451,2011-2012,131,175,38.49767446
NC028454,2011-2012,128,161,40.66046516
NC028514,2011-2012,105,159,36.226744225
NC028560,2011-2012,NA,NA,36.99
NC028560,2011-2012,112,171,NA
NC028560,2011-2012,87,169,NA
NC028631,2011-2012,108,163,24.331395375
NC056493,2011-2012,82,174,38.3895348837209
NC092127,2011-2012,87,176,34.063953525
NC092128,2011-2012,87,173,35.361627945
NC092173,2011-2012,111,173,28.1162791
NC094940,2011-2012,84,165,28.98139538
NC094941,2011-2012,84,169,33.73953492
NC094981,2011-2012,99,159,41.201162835
NC003558,2012-2013,113.6,184,30.2790698
NC003561,2012-2013,NA,NA,27.47
NC003561,2012-2013,90,163,NA
NC003561,2012-2013,96,163,NA
NC006516,2012-2013,117.4,187,31.684883755
NC006555,2012-2013,129.4,176,30.819767475
NC006582,2012-2013,116.4,175,33.30697678
NC027526,2012-2013,116.6,181,29.63023259
NC027540,2012-2013,118.2,179,38.06511632
NC027552,2012-2013,108.6,177,29.954651195
NC027580,2012-2013,102.6,178,29.305813985
NC027590,2012-2013,112.8,178,36.443023295
NC027948,2012-2013,122,162,37.63255818
NC027960,2012-2013,123.4,166,30.170930265
NC027963,2012-2013,104.8,171,41.201162835
NC028018,2012-2013,130.4,165,46.824418655
NC028025,2012-2013,127.8,177,40.01162795
NC028037,2012-2013,104.2,182,24.43953491
NC028045,2012-2013,111.4,179,32.22558143
NC028047,2012-2013,132.6,179,33.09069771
NC028054,2012-2013,116.6,178,31.14418608
NC028057,2012-2013,136.2,164,31.36046515
NC028058,2012-2013,123.4,172,32.982558175
NC028059,2012-2013,109,174,30.2790698
NC028061,2012-2013,108.4,158,41.201162835
NC028560,2012-2013,NA,NA,47.04
NC028560,2012-2013,118,173,NA
NC028560,2012-2013,122,173,NA
NC001207,2013-2014,71,183,NA
NC003561,2013-2014,65,163,24.44
NC003578,2013-2014,73,173,27.03488375
NC011926,2013-2014,81,183,NA
NC012100,2013-2014,92,186,NA
NC018874,2013-2014,71,180,NA
NC027235,2013-2014,71,171,28.873255845
NC027548,2013-2014,59,183,25.9534884
NC035379,2013-2014,71,180,30.819767475
NC035393,2013-2014,71,186,29.84651166
NC039551,2013-2014,83,173,NA
NC040593,2013-2014,75,184,23.7906977
NC040596,2013-2014,73,182,NA
NC050294,2013-2014,72,176,NA
NC086549,2013-2014,72,180,25.73720933
NC086550,2013-2014,77,179,29.19767445
NC086551,2013-2014,87,164,28.224418635
NC088321,2013-2014,62,174,30.06279073
NC088356,2013-2014,57,166,27.03488375
NC088378,2013-2014,59,164,24.547674445
NC091672,2013-2014,91,180,NA
NC092128,2013-2014,67,180,25.412790725
NC098983,2013-2014,70,178,NA
NC101739,2013-2014,78,186,NA
NC101749,2013-2014,78,180,28.656976744186
NC101776,2013-2014,80,183,NA
NC101790,2013-2014,77,180,NA
NC101794,2013-2014,78,180,29.3058139534884
NC102727,2013-2014,84,175,21.8441860465116
NC001204,2014-2015,97,172,21.627907
NC001207,2014-2015,114,177,31.14418608
NC003561,2014-2015,93,164,29.52
NC003578,2014-2015,112.8,172,27.90000003
NC003597,2014-2015,110,182,27.575581425
NC006526,2014-2015,113.6,178,34.6046512
NC011737,2014-2015,90,170,30.603488405
NC011926,2014-2015,105,177,33.09069771
NC012100,2014-2015,116,182,36.98372097
NC013090,2014-2015,107,182,35.90232562
NC018874,2014-2015,105,175,37.308139575
NC018915,2014-2015,110,173,32.5391860815
NC024060,2014-2015,111,167,33.09069771
NC027229,2014-2015,108,171,30.387209335
NC027548,2014-2015,104.6,180,28.656976775
NC028368,2014-2015,108.2,179,28.54883724
NC028560,2014-2015,117,174,34.17
NC035554,2014-2015,102,178,30.06279073
NC039551,2014-2015,105.6,174,33.09069771
NC040592,2014-2015,114,178,35.46976748
NC040593,2014-2015,107.6,178,33.30697678
NC040596,2014-2015,114,178,30.2790698
NC050294,2014-2015,114,172,40.552325625
NC073199,2014-2015,109,181,36.875581435
NC088313,2014-2015,82.4,173,34.929069805
NC088356,2014-2015,86.4,172,33.52325585
NC091672,2014-2015,107,180,34.496511665
NC098983,2014-2015,113,175,NA
NC101739,2014-2015,117.2,178,30.92790701
NC101749,2014-2015,113,177,32.550000035
NC101776,2014-2015,112,178,31.684883755
NC101790,2014-2015,111,178,34.6046512
NC101794,2014-2015,117,178,33.631395385
NC102727,2014-2015,108.8,171,21.627907
NC104291,2014-2015,116.4,179,32.982558175
NC104390,2014-2015,98.4,174,26.494186074999998
NC003561,2015-2016,97,174,28.33
NC027666,2015-2016,135,194,33.09069771
NC028065,2015-2016,115,181,32.00930236
NC028370,2015-2016,109,175,36.98372097
NC028408,2015-2016,93,170,29.305813985
NC028420,2015-2016,114,185,33.95581399
NC028501,2015-2016,112,175,32.65813957
NC028504,2015-2016,121,182,33.30697678
NC028505,2015-2016,113,190,32.87441864
NC028507,2015-2016,96,179,30.92790701
NC028510,2015-2016,107,169,33.30697678
NC028520,2015-2016,141,192,28.1162791
NC028522,2015-2016,110,186,31.036046545
NC028524,2015-2016,124,196,37.091860505
NC028527,2015-2016,122,183,39.038372135
NC028530,2015-2016,131,188,35.145348875
NC028531,2015-2016,129,186,41.850000045
NC028532,2015-2016,126,188,36.875581435
NC028533,2015-2016,127,187,43.47209307
NC028534,2015-2016,114,188,39.79534888
NC028535,2015-2016,120,187,36.659302365
NC028536,2015-2016,119,186,37.740697715
NC028537,2015-2016,128,187,41.95813958
NC028539,2015-2016,129,187,43.68837214
NC028541,2015-2016,119,186,44.012790745
NC028542,2015-2016,123,186,39.470930275
NC028544,2015-2016,122,185,35.25348841
NC028546,2015-2016,114,187,29.41395352
NC028548,2015-2016,118,185,40.22790702
NC028550,2015-2016,115,181,35.577907015
NC028551,2015-2016,127,186,33.198837245
NC028553,2015-2016,122,179,42.39069772
NC028554,2015-2016,117,182,29.19767445
NC028555,2015-2016,123,188,41.0930233
NC028556,2015-2016,124,188,35.361627945
NC028557,2015-2016,127,188,40.22790702
NC028558,2015-2016,127,186,35.68604655
NC028559,2015-2016,125,190,36.33488376
NC028560,2015-2016,119,186,44.23
NC028561,2015-2016,123,186,36.443023295
NC028563,2015-2016,129,186,36.55116283
NC028564,2015-2016,108,186,28.54883724
NC028565,2015-2016,109,187,30.92790701
NC028568,2015-2016,108,187,30.2790698
NC028569,2015-2016,108,189,30.819767475
NC028570,2015-2016,123,183,36.11860469
NC028572,2015-2016,123,182,36.98372097
NC028575,2015-2016,127,186,42.60697679
NC028576,2015-2016,130,187,40.01162795
NC028584,2015-2016,117,187,33.09069771
NC028586,2015-2016,125,186,39.79534888
NC028587,2015-2016,116,179,40.119767485
NC028588,2015-2016,126,184,29.84651166
NC028589,2015-2016,135,187,41.0930233
NC028594,2015-2016,128,185,35.361627945
NC028595,2015-2016,130,183,38.49767446
NC028601,2015-2016,114,186,33.73953492
NC028605,2015-2016,104,179,31.684883755
NC028606,2015-2016,116,187,30.387209335
NC028621,2015-2016,135,186,42.82325586
NC028622,2015-2016,124,187,37.84883725
NC035427,2015-2016,110,183,37.091860505
NC040596,2015-2016,135,195,34.82093027
NC091672,2015-2016,129,193,31.14418608
NC098983,2015-2016,125,189,28.656976775
NC101739,2015-2016,143,193,39.038372135
NC101749,2015-2016,140,190,43.68837214
NC101776,2015-2016,139,190,42.60697679
NC101790,2015-2016,139,190,42.931395395
NC101794,2015-2016,142,190,40.984883765
NC102727,2015-2016,128,181,28.1162791
NC001206,2016-2017,66,188,23.8015116535
NC003561,2016-2017,NA,NA,33.09
NC003561,2016-2017,60,163,NA
NC003561,2016-2017,67,161,NA
NC003561,2016-2017,76,158,NA
NC003561,2016-2017,84,158,NA
NC003561,2016-2017,80,158,NA
NC003561,2016-2017,76,159,NA
NC003561,2016-2017,77,159,NA
NC003561,2016-2017,73,158,NA
NC003561,2016-2017,69,160,NA
NC003561,2016-2017,59,160,NA
NC003561,2016-2017,61,160,NA
NC003598,2016-2017,91,170,28.0838372395
NC006498,2016-2017,105,164,24.288139561
NC006565,2016-2017,82,188,28.2784884025
NC006575,2016-2017,81,180,26.537441889
NC006586,2016-2017,83,180,25.30465119
NC008790,2016-2017,88,164,21.6819767675
NC008792,2016-2017,90,170,25.499302353
NC008793,2016-2017,90,170,34.020697711
NC008827,2016-2017,98,177,29.5977907295
NC008829,2016-2017,93,170,21.3359302555
NC008858,2016-2017,88,171,16.199302343
NC008859,2016-2017,89,162,28.5812791005
NC010034,2016-2017,71,174,22.9796511875
NC012020,2016-2017,94,164,32.3012791045
NC012098,2016-2017,102,167,32.982558175
NC012572,2016-2017,101,164,32.723023291
NC012636,2016-2017,96,173,32.355348872
NC012637,2016-2017,81,172,20.3843023475
NC012639,2016-2017,87,175,NA
NC012640,2016-2017,86,171,21.2277907205
NC018901,2016-2017,74,161,26.0508139815
NC018905,2016-2017,71,160,34.8533721305
NC018907,2016-2017,101,164,30.430465149
NC018916,2016-2017,91,170,31.598372127
NC018917,2016-2017,108,157,35.923953527
NC018920,2016-2017,80,157,34.907441898
NC018925,2016-2017,98,163,25.802093051
NC019844,2016-2017,78,180,25.780465144
NC020603,2016-2017,81,182,26.8510465405
NC020605,2016-2017,85,179,31.3929070105
NC020638,2016-2017,84,177,31.273953522
NC022123,2016-2017,86,176,27.2187209595
NC022225,2016-2017,96,171,30.8522093355
NC024036,2016-2017,89,172,28.505581426
NC024102,2016-2017,94,166,34.1396511995
NC024255,2016-2017,66,179,25.6398837485
NC024268,2016-2017,70,182,26.9808139825
NC024286,2016-2017,73,173,20.935813976
NC024705,2016-2017,80,183,30.0736046835
NC024714,2016-2017,105,164,24.417907003
NC024716,2016-2017,99,167,28.440697705
NC024718,2016-2017,83,171,21.4656976975
NC024720,2016-2017,80,187,25.888604679
NC024723,2016-2017,101,165,34.1396511995
NC024726,2016-2017,98,169,30.06279073
NC024729,2016-2017,79,182,17.0752325765
NC024733,2016-2017,83,174,24.7747674685
NC024735,2016-2017,98,166,29.976279102
NC024738,2016-2017,88,169,28.202790728
NC024741,2016-2017,81,183,27.4566279365
NC024746,2016-2017,92,171,28.916511659
NC024754,2016-2017,93,172,29.4031395665
NC024756,2016-2017,90,172,27.597209332
NC024765,2016-2017,93,173,28.0405814255
NC024766,2016-2017,83,165,30.9603488705
NC024774,2016-2017,77,177,25.30465119
NC024781,2016-2017,88,173,28.419069798
NC026187,2016-2017,82,165,33.263720966
NC026258,2016-2017,79,169,29.781627939
NC026266,2016-2017,81,165,29.4680232875
NC027266,2016-2017,97,180,32.4418605
NC027292,2016-2017,76,182,30.819767475
NC027560,2016-2017,107,164,35.03720934
NC027562,2016-2017,101,169,23.336511653
NC027599,2016-2017,84,169,27.8459302625
NC027602,2016-2017,77,181,26.6780232845
NC027604,2016-2017,97,160,39.3303488795
NC027605,2016-2017,103,165,28.289302356
NC027612,2016-2017,95,165,34.5289535255
NC027615,2016-2017,94,164,34.1829070135
NC027619,2016-2017,114,173,32.2363953835
NC027620,2016-2017,106,171,34.647907014
NC027621,2016-2017,103,174,23.747441886
NC027663,2016-2017,97,174,24.9045349105
NC027664,2016-2017,100,176,30.1384884045
NC027665,2016-2017,103,170,31.8687209645
NC027673,2016-2017,84,176,28.1162791
NC027683,2016-2017,82,164,28.98139538
NC027691,2016-2017,100,173,42.325813999
NC027762,2016-2017,77,158,31.295581429
NC027772,2016-2017,94,183,25.174883748
NC027778,2016-2017,101,172,27.7377907275
NC027788,2016-2017,108,173,27.856744216
NC027811,2016-2017,86,173,25.8345349115
NC027813,2016-2017,91,173,29.976279102
NC027822,2016-2017,89,177,29.911395381
NC027824,2016-2017,73,180,28.505581426
NC027840,2016-2017,79,174,32.528372128
NC027844,2016-2017,82,179,27.9540697975
NC027845,2016-2017,86,178,27.3484884015
NC027855,2016-2017,77,180,31.749767476
NC027888,2016-2017,83,180,26.667209331
NC027897,2016-2017,86,170,26.2454651445
NC027898,2016-2017,101,170,32.550000035
NC027901,2016-2017,95,173,26.0508139815
NC027906,2016-2017,93,182,29.911395381
NC027909,2016-2017,106,160,33.242093059
NC027962,2016-2017,94,165,36.010465155
NC027968,2016-2017,98,177,30.7656977075
NC027969,2016-2017,95,172,27.0240697965
NC027971,2016-2017,93,176,29.9870930555
NC027973,2016-2017,96,168,23.1526744435
NC027975,2016-2017,87,177,32.290465151
NC027978,2016-2017,112,171,28.246046542
NC027982,2016-2017,94,180,30.733255847
NC027985,2016-2017,100,180,30.2898837535
NC027987,2016-2017,112,183,30.949534917
NC027990,2016-2017,99,165,35.2426744565
NC028015,2016-2017,89,170,32.6905814305
NC028016,2016-2017,93,155,35.859069806
NC028069,2016-2017,97,164,25.326279097
NC028355,2016-2017,97,178,24.6450000265
NC028378,2016-2017,119,163,29.7491860785
NC028380,2016-2017,97,171,24.00697677
NC028392,2016-2017,115,170,27.7810465415
NC028518,2016-2017,106,155,37.459534924
NC028529,2016-2017,115,168,NA
NC028560,2016-2017,NA,NA,44.23
NC028560,2016-2017,85,169,NA
NC028560,2016-2017,74,167,NA
NC028560,2016-2017,102,167,NA
NC028560,2016-2017,102,169,NA
NC028560,2016-2017,99,169,NA
NC028560,2016-2017,104,166,NA
NC028560,2016-2017,110,168,NA
NC028560,2016-2017,72,165,NA
NC028560,2016-2017,84,169,NA
NC028560,2016-2017,86,168,NA
NC028560,2016-2017,89,167,NA
NC028582,2016-2017,105,168,24.244883747
NC028637,2016-2017,108,176,28.6461628215
NC028644,2016-2017,91,183,28.4515116585
NC028647,2016-2017,79,174,28.5163953795
NC028658,2016-2017,93,178,27.921627937
NC028663,2016-2017,94,164,31.230697708
NC028664,2016-2017,90,171,27.46744189
NC028666,2016-2017,87,182,25.8777907255
NC028667,2016-2017,82,184,26.8726744475
NC028670,2016-2017,99,175,30.5710465445
NC028671,2016-2017,94,179,28.916511659
NC028672,2016-2017,94,174,29.284186078
NC028673,2016-2017,95,150,26.299534912
NC029444,2016-2017,87,176,28.2784884025
NC029453,2016-2017,112,164,37.091860505
NC029465,2016-2017,98,172,27.90000003
NC029468,2016-2017,85,167,28.527209333
NC029471,2016-2017,72,169,23.7798837465
NC029472,2016-2017,81,166,21.692790721
NC029473,2016-2017,68,165,37.41627911
NC029489,2016-2017,81,166,33.436744222
NC029490,2016-2017,83,170,25.6182558415
NC029495,2016-2017,88,168,34.82093027
NC029498,2016-2017,95,166,26.688837238
NC029499,2016-2017,95,170,23.596046537
NC029503,2016-2017,87,175,24.720697701
NC029508,2016-2017,93,169,26.7861628195
NC029517,2016-2017,90,170,33.717907013
NC029518,2016-2017,93,171,36.8431395745
NC029519,2016-2017,96,171,31.4361628245
NC029522,2016-2017,97,172,27.618837239
NC029527,2016-2017,76,161,25.542558167
NC029531,2016-2017,79,169,31.5875581735
NC029534,2016-2017,83,176,26.7861628195
NC035377,2016-2017,73,179,31.209069801
NC035379,2016-2017,82,168,29.370697706
NC035380,2016-2017,77,171,28.592093054
NC035389,2016-2017,84,169,22.7201163035
NC035392,2016-2017,82,181,23.3256976995
NC035396,2016-2017,80,173,31.057674452
NC035399,2016-2017,91,154,30.300697707
NC035403,2016-2017,79,177,30.5710465445
NC035414,2016-2017,87,166,27.7810465415
NC035420,2016-2017,82,180,24.6450000265
NC035559,2016-2017,85,173,20.8384883945
NC035762,2016-2017,86,165,24.5584883985
NC038574,2016-2017,85,165,33.890930269
NC040109,2016-2017,86,170,20.1247674635
NC040601,2016-2017,78,172,28.527209333
NC047313,2016-2017,72,168,19.8436046725
NC047317,2016-2017,68,172,16.848139553
NC047354,2016-2017,81,165,26.81860468
NC050466,2016-2017,83,171,20.1896511845
NC050493,2016-2017,80,173,24.526046538
NC050494,2016-2017,69,188,27.856744216
NC050495,2016-2017,72,166,25.7047674695
NC050503,2016-2017,82,166,23.5636046765
NC052490,2016-2017,61,159,23.877209328
NC052583,2016-2017,53,165,24.7531395615
NC052997,2016-2017,94,176,30.0952325905
NC052998,2016-2017,95,173,27.2187209595
NC052999,2016-2017,87,183,25.4884883995
NC053000,2016-2017,60,167,26.2454651445
NC056493,2016-2017,68,177,29.0138372405
NC058625,2016-2017,61,175,27.7810465415
NC058632,2016-2017,76,173,23.2175581645
NC068345,2016-2017,77,172,24.309767468
NC068351,2016-2017,68,166,23.1959302575
NC069066,2016-2017,78,165,32.1715116625
NC069068,2016-2017,76,164,33.8584884085
NC074341,2016-2017,75,182,27.68372096
NC078832,2016-2017,94,160,31.209069801
NC003561,2018-2019,72,166,38.5
NC004614,2018-2019,145,182,28.656976775
NC004615,2018-2019,122.8,178,31.14418608
NC004618,2018-2019,124.4,174,33.631395385
NC004619,2018-2019,132.8,177,34.496511665
NC006510,2018-2019,107.8,169,26.81860468
NC015569,2018-2019,106,167,46.06744191
NC018648,2018-2019,100,177,32.65813957
NC018874,2018-2019,116,178,41.0930233
NC027506,2018-2019,120.2,168,42.82325586
NC027514,2018-2019,129,178,35.03720934
NC027517,2018-2019,107.2,192,27.46744189
NC027519,2018-2019,95.2,190,33.09069771
NC027522,2018-2019,96.6,193,22.06046514
NC027523,2018-2019,90,159,35.68604655
NC027524,2018-2019,112.2,178,25.52093026
NC027527,2018-2019,121.8,187,31.252325615
NC027530,2018-2019,128,175,27.143023285
NC027531,2018-2019,120.2,172,26.60232561
NC027532,2018-2019,99.6,178,31.684883755
NC027533,2018-2019,128.4,184,35.46976748
NC027534,2018-2019,93.8,197,23.7906977
NC027535,2018-2019,89.6,178,39.470930275
NC027536,2018-2019,86.2,175,37.956976785
NC027537,2018-2019,79.2,191,30.2790698
NC027538,2018-2019,98,179,32.00930236
NC027539,2018-2019,81.6,196,27.25116282
NC027549,2018-2019,106.2,169,39.79534888
NC027574,2018-2019,78.8,174,34.496511665
NC027581,2018-2019,90,167,46.28372098
NC027586,2018-2019,106.6,159,43.90465121
NC027587,2018-2019,97.6,165,39.79534888
NC027593,2018-2019,115.6,156,45.63488377
NC027596,2018-2019,105.8,165,46.93255819
NC027630,2018-2019,95,179,36.659302365
NC027640,2018-2019,115.2,179,31.14418608
NC027643,2018-2019,129,180,31.252325615
NC027658,2018-2019,112.4,178,28.440697705
NC027669,2018-2019,78.2,171,31.684883755
NC027695,2018-2019,95.8,158,34.712790735
NC027696,2018-2019,92.6,158,29.738372125
NC027698,2018-2019,108.6,184,31.57674422
NC027706,2018-2019,120,185,61.63953495
NC027849,2018-2019,87.6,167,34.496511665
NC027879,2018-2019,99,172,41.633720975
NC027882,2018-2019,94,170,34.17209306
NC027883,2018-2019,98.2,177,28.98139538
NC027884,2018-2019,95.6,164,41.633720975
NC027910,2018-2019,89.8,160,42.39069772
NC027913,2018-2019,97.4,176,27.90000003
NC027914,2018-2019,102,158,38.49767446
NC027916,2018-2019,95.2,165,40.552325625
NC027917,2018-2019,93.4,163,40.22790702
NC027918,2018-2019,97.8,165,41.95813958
NC027919,2018-2019,88.2,151,42.82325586
NC027923,2018-2019,102.8,186,31.36046515
NC027929,2018-2019,70,154,49.31162796
NC027931,2018-2019,112,174,32.87441864
NC027933,2018-2019,79.8,156,43.68837214
NC027936,2018-2019,93.6,159,39.254651205
NC027937,2018-2019,95.4,165,40.552325625
NC027938,2018-2019,93.8,153,41.30930237
NC027940,2018-2019,99.4,166,46.71627912
NC027942,2018-2019,89.2,157,47.040697725
NC027943,2018-2019,84.4,157,41.201162835
NC027952,2018-2019,106.8,155,44.12093028
NC027953,2018-2019,73.4,154,44.98604656
NC027957,2018-2019,84.2,164,40.87674423
NC027966,2018-2019,108.4,186,24.22325584
NC027967,2018-2019,106.4,180,30.71162794
NC027977,2018-2019,115.2,185,39.36279074
NC027996,2018-2019,91.6,165,44.661627955
NC028001,2018-2019,126.8,184,33.30697678
NC028004,2018-2019,101.6,179,33.30697678
NC028008,2018-2019,103.6,169,35.90232562
NC028009,2018-2019,116.2,184,30.06279073
NC028014,2018-2019,76.8,169,32.333720965
NC028019,2018-2019,130.6,169,44.012790745
NC028020,2018-2019,133,186,28.224418635
NC028022,2018-2019,134.8,177,44.12093028
NC028023,2018-2019,104,186,32.65813957
NC028024,2018-2019,119.4,181,34.17209306
NC028029,2018-2019,107.2,186,31.57674422
NC028030,2018-2019,111.2,184,37.956976785
NC028031,2018-2019,107.2,184,29.41395352
NC028033,2018-2019,100.6,178,33.52325585
NC028034,2018-2019,115.6,183,31.36046515
NC028036,2018-2019,99.6,177,26.38604654
NC028038,2018-2019,115.6,178,38.71395353
NC028041,2018-2019,100.2,180,35.90232562
NC028044,2018-2019,97,164,30.92790701
NC028046,2018-2019,107.4,182,32.982558175
NC028049,2018-2019,123.8,183,35.145348875
NC028050,2018-2019,111,189,27.359302355
NC028051,2018-2019,121.4,172,25.08837212
NC028560,2018-2019,127,179,43.37
NC029521,2018-2019,104.6,190,44.229069815
NC029524,2018-2019,108.8,180,34.712790735
NC035554,2018-2019,117,180,32.65813957
NC038575,2018-2019,122.6,189,42.066279115
